18:01:32 INFO  📡 Understat: England Premier League 2025-2026 (year=2025)
18:01:35 INFO    💾 537 rows → understat__England_Premier_League__2025_2026.parquet
18:01:35 INFO    ✅ 537 players
18:01:37 INFO  📡 Understat: England Premier League 2024-2025 (year=2024)
18:01:38 INFO    💾 562 rows → understat__England_Premier_League__2024_2025.parquet
18:01:38 INFO    ✅ 562 players
18:01:40 INFO  📡 Understat: England Premier League 2023-2024 (year=2023)
18:01:42 INFO    💾 570 rows → understat__England_Premier_League__2023_2024.parquet
18:01:42 INFO    ✅ 570 players
18:01:44 INFO  📡 Understat: Spain La Liga 2025-2026 (year=2025)
18:01:45 INFO    💾 600 rows → understat__Spain_La_Liga__2025_2026.parquet
18:01:45 INFO    ✅ 600 players
18:01:47 INFO  📡 Understat: Spain La Liga 2024-2025 (year=2024)
18:01:48 INFO    💾 590 rows → understat__Spain_La_Liga__2024_2025.parquet
18:01:48 INFO    ✅ 590 players
18:01:50 INFO  📡 Understat: Spain La Liga 2023-2024 (year=2023)
18:01:51 INFO    💾 598 rows → understat__Spain_La_Liga__2023_2024.parquet
18:01:51 INFO    ✅ 598 players
18:01:53 INFO  📡 Understat: Germany Bundesliga 2025-2026 (year=2025)
18:01:55 INFO    💾 499 rows → understat__Germany_Bundesliga__2025_2026.parquet
18:01:55 INFO    ✅ 499 players
18:01:57 INFO  📡 Understat: Germany Bundesliga 2024-2025 (year=2024)
18:01:58 INFO    💾 481 rows → understat__Germany_Bundesliga__2024_2025.parquet
18:01:58 INFO    ✅ 481 players
18:02:00 INFO  📡 Understat: Germany Bundesliga 2023-2024 (year=2023)
18:02:01 INFO    💾 494 rows → understat__Germany_Bundesliga__2023_2024.parquet
18:02:01 INFO    ✅ 494 players
18:02:03 INFO  📡 Understat: Italy Serie A 2025-2026 (year=2025)
18:02:04 INFO    💾 586 rows → understat__Italy_Serie_A__2025_2026.parquet
18:02:04 INFO    ✅ 586 players
18:02:06 INFO  📡 Understat: Italy Serie A 2024-2025 (year=2024)
18:02:07 INFO    💾 599 rows → understat__Italy_Serie_A__2024_2025.parquet
18:02:07 INFO    ✅ 599 players
18:02:09 INFO  📡 Understat: Italy Serie A 2023-2024 (year=2023)
18:02:11 INFO    💾 590 rows → understat__Italy_Serie_A__2023_2024.parquet
18:02:11 INFO    ✅ 590 players
18:02:13 INFO  📡 Understat: France Ligue 1 2025-2026 (year=2025)
18:02:14 INFO    💾 553 rows → understat__France_Ligue_1__2025_2026.parquet
18:02:14 INFO    ✅ 553 players
18:02:16 INFO  📡 Understat: France Ligue 1 2024-2025 (year=2024)
18:02:17 INFO    💾 542 rows → understat__France_Ligue_1__2024_2025.parquet
18:02:17 INFO    ✅ 542 players
18:02:19 INFO  📡 Understat: France Ligue 1 2023-2024 (year=2023)
18:02:20 INFO    💾 525 rows → understat__France_Ligue_1__2023_2024.parquet
18:02:20 INFO    ✅ 525 players
18:02:22 INFO  📡 Understat league table: England Premier League 2025-2026
18:02:24 INFO    💾 20 rows → understat_league_table__England_Premier_League__2025_2026__overall.parquet
18:02:24 INFO    💾 20 rows → understat_league_table__England_Premier_League__2025_2026__home.parquet
18:02:24 INFO    💾 20 rows → understat_league_table__England_Premier_League__2025_2026__away.parquet
18:02:24 INFO    ✅ 20 teams
18:02:25 INFO  📡 Understat league table: England Premier League 2024-2025
18:02:26 INFO    💾 20 rows → understat_league_table__England_Premier_League__2024_2025__overall.parquet
18:02:26 INFO    💾 20 rows → understat_league_table__England_Premier_League__2024_2025__home.parquet
18:02:26 INFO    💾 20 rows → understat_league_table__England_Premier_League__2024_2025__away.parquet
18:02:26 INFO    ✅ 20 teams
18:02:27 INFO  📡 Understat league table: England Premier League 2023-2024
18:02:29 INFO    💾 20 rows → understat_league_table__England_Premier_League__2023_2024__overall.parquet
18:02:29 INFO    💾 20 rows → understat_league_table__England_Premier_League__2023_2024__home.parquet
18:02:29 INFO    💾 20 rows → understat_league_table__England_Premier_League__2023_2024__away.parquet
18:02:29 INFO    ✅ 20 teams
18:02:30 INFO  📡 Understat league table: Spain La Liga 2025-2026
18:02:32 INFO    💾 20 rows → understat_league_table__Spain_La_Liga__2025_2026__overall.parquet
18:02:32 INFO    💾 20 rows → understat_league_table__Spain_La_Liga__2025_2026__home.parquet
18:02:32 INFO    💾 20 rows → understat_league_table__Spain_La_Liga__2025_2026__away.parquet
18:02:32 INFO    ✅ 20 teams
18:02:33 INFO  📡 Understat league table: Spain La Liga 2024-2025
18:02:34 INFO    💾 20 rows → understat_league_table__Spain_La_Liga__2024_2025__overall.parquet
18:02:34 INFO    💾 20 rows → understat_league_table__Spain_La_Liga__2024_2025__home.parquet
18:02:34 INFO    💾 20 rows → understat_league_table__Spain_La_Liga__2024_2025__away.parquet
18:02:34 INFO    ✅ 20 teams
18:02:35 INFO  📡 Understat league table: Spain La Liga 2023-2024
18:02:36 INFO    💾 20 rows → understat_league_table__Spain_La_Liga__2023_2024__overall.parquet
18:02:36 INFO    💾 20 rows → understat_league_table__Spain_La_Liga__2023_2024__home.parquet
18:02:36 INFO    💾 20 rows → understat_league_table__Spain_La_Liga__2023_2024__away.parquet
18:02:37 INFO    ✅ 20 teams
18:02:38 INFO  📡 Understat league table: Germany Bundesliga 2025-2026
18:02:39 INFO    💾 18 rows → understat_league_table__Germany_Bundesliga__2025_2026__overall.parquet
18:02:39 INFO    💾 18 rows → understat_league_table__Germany_Bundesliga__2025_2026__home.parquet
18:02:39 INFO    💾 18 rows → understat_league_table__Germany_Bundesliga__2025_2026__away.parquet
18:02:39 INFO    ✅ 18 teams
18:02:40 INFO  📡 Understat league table: Germany Bundesliga 2024-2025
18:02:41 INFO    💾 18 rows → understat_league_table__Germany_Bundesliga__2024_2025__overall.parquet
18:02:41 INFO    💾 18 rows → understat_league_table__Germany_Bundesliga__2024_2025__home.parquet
18:02:41 INFO    💾 18 rows → understat_league_table__Germany_Bundesliga__2024_2025__away.parquet
18:02:41 INFO    ✅ 18 teams
18:02:42 INFO  📡 Understat league table: Germany Bundesliga 2023-2024
18:02:43 INFO    💾 18 rows → understat_league_table__Germany_Bundesliga__2023_2024__overall.parquet
18:02:43 INFO    💾 18 rows → understat_league_table__Germany_Bundesliga__2023_2024__home.parquet
18:02:43 INFO    💾 18 rows → understat_league_table__Germany_Bundesliga__2023_2024__away.parquet
18:02:43 INFO    ✅ 18 teams
18:02:44 INFO  📡 Understat league table: Italy Serie A 2025-2026
18:02:46 INFO    💾 20 rows → understat_league_table__Italy_Serie_A__2025_2026__overall.parquet
18:02:46 INFO    💾 20 rows → understat_league_table__Italy_Serie_A__2025_2026__home.parquet
18:02:46 INFO    💾 20 rows → understat_league_table__Italy_Serie_A__2025_2026__away.parquet
18:02:46 INFO    ✅ 20 teams
18:02:47 INFO  📡 Understat league table: Italy Serie A 2024-2025
18:02:49 INFO    💾 20 rows → understat_league_table__Italy_Serie_A__2024_2025__overall.parquet
18:02:49 INFO    💾 20 rows → understat_league_table__Italy_Serie_A__2024_2025__home.parquet
18:02:49 INFO    💾 20 rows → understat_league_table__Italy_Serie_A__2024_2025__away.parquet
18:02:49 INFO    ✅ 20 teams
18:02:50 INFO  📡 Understat league table: Italy Serie A 2023-2024
18:02:52 INFO    💾 20 rows → understat_league_table__Italy_Serie_A__2023_2024__overall.parquet
18:02:52 INFO    💾 20 rows → understat_league_table__Italy_Serie_A__2023_2024__home.parquet
18:02:52 INFO    💾 20 rows → understat_league_table__Italy_Serie_A__2023_2024__away.parquet
18:02:52 INFO    ✅ 20 teams
18:02:53 INFO  📡 Understat league table: France Ligue 1 2025-2026
18:02:54 INFO    💾 18 rows → understat_league_table__France_Ligue_1__2025_2026__overall.parquet
18:02:54 INFO    💾 18 rows → understat_league_table__France_Ligue_1__2025_2026__home.parquet
18:02:54 INFO    💾 18 rows → understat_league_table__France_Ligue_1__2025_2026__away.parquet
18:02:54 INFO    ✅ 18 teams
18:02:55 INFO  📡 Understat league table: France Ligue 1 2024-2025
18:02:56 INFO    💾 18 rows → understat_league_table__France_Ligue_1__2024_2025__overall.parquet
18:02:56 INFO    💾 18 rows → understat_league_table__France_Ligue_1__2024_2025__home.parquet
18:02:56 INFO    💾 18 rows → understat_league_table__France_Ligue_1__2024_2025__away.parquet
18:02:56 INFO    ✅ 18 teams
18:02:57 INFO  📡 Understat league table: France Ligue 1 2023-2024
18:02:59 INFO    💾 18 rows → understat_league_table__France_Ligue_1__2023_2024__overall.parquet
18:02:59 INFO    💾 18 rows → understat_league_table__France_Ligue_1__2023_2024__home.parquet
18:02:59 INFO    💾 18 rows → understat_league_table__France_Ligue_1__2023_2024__away.parquet
18:02:59 INFO    ✅ 18 teams
18:03:00 INFO  [England Premier League | 2025-2026]  📡 Understat matches — fetching match list
18:03:01 INFO  [England Premier League | 2025-2026]  ✅ 380 completed on Understat, 380 remaining to fetch
18:03:01 INFO  [England Premier League | 2025-2026]  [1/380] Liverpool vs Bournemouth (id=28778)
18:03:03 INFO  [England Premier League | 2025-2026]  💾 checkpoint flush (1/380 matches) …
18:03:03 INFO  [England Premier League | 2025-2026]  [2/380] Aston Villa vs Newcastle United (id=28779)
18:03:04 INFO  [England Premier League | 2025-2026]  [3/380] Brighton vs Fulham (id=28780)
18:03:05 INFO  [England Premier League | 2025-2026]  [4/380] Sunderland vs West Ham (id=28781)
18:03:07 INFO  [England Premier League | 2025-2026]  [5/380] Tottenham vs Burnley (id=28782)
18:03:08 INFO  [England Premier League | 2025-2026]  [6/380] Wolverhampton Wanderers vs Manchester City (id=28783)
18:03:09 INFO  [England Premier League | 2025-2026]  [7/380] Chelsea vs Crystal Palace (id=28784)
18:03:11 INFO  [England Premier League | 2025-2026]  [8/380] Nottingham Forest vs Brentford (id=28785)
18:03:12 INFO  [England Premier League | 2025-2026]  [9/380] Manchester United vs Arsenal (id=28786)
18:03:13 INFO  [England Premier League | 2025-2026]  [10/380] Leeds vs Everton (id=28787)
18:03:14 INFO  [England Premier League | 2025-2026]  [11/380] West Ham vs Chelsea (id=28788)
18:03:16 INFO  [England Premier League | 2025-2026]  [12/380] Manchester City vs Tottenham (id=28789)
18:03:17 INFO  [England Premier League | 2025-2026]  [13/380] Brentford vs Aston Villa (id=28790)
18:03:18 INFO  [England Premier League | 2025-2026]  [14/380] Burnley vs Sunderland (id=28791)
18:03:20 INFO  [England Premier League | 2025-2026]  [15/380] Bournemouth vs Wolverhampton Wanderers (id=28792)
18:03:21 INFO  [England Premier League | 2025-2026]  [16/380] Arsenal vs Leeds (id=28793)
18:03:22 INFO  [England Premier League | 2025-2026]  [17/380] Crystal Palace vs Nottingham Forest (id=28794)
18:03:24 INFO  [England Premier League | 2025-2026]  [18/380] Everton vs Brighton (id=28795)
18:03:25 INFO  [England Premier League | 2025-2026]  [19/380] Fulham vs Manchester United (id=28796)
18:03:26 INFO  [England Premier League | 2025-2026]  [20/380] Newcastle United vs Liverpool (id=28797)
18:03:27 INFO  [England Premier League | 2025-2026]  [21/380] Chelsea vs Fulham (id=28798)
18:03:29 INFO  [England Premier League | 2025-2026]  [22/380] Tottenham vs Bournemouth (id=28799)
18:03:30 INFO  [England Premier League | 2025-2026]  [23/380] Wolverhampton Wanderers vs Everton (id=28800)
18:03:31 INFO  [England Premier League | 2025-2026]  [24/380] Sunderland vs Brentford (id=28801)
18:03:32 INFO  [England Premier League | 2025-2026]  [25/380] Manchester United vs Burnley (id=28802)
18:03:34 INFO  [England Premier League | 2025-2026]  💾 checkpoint flush (25/380 matches) …
18:03:34 INFO  [England Premier League | 2025-2026]  [26/380] Leeds vs Newcastle United (id=28803)
18:03:35 INFO  [England Premier League | 2025-2026]  [27/380] Nottingham Forest vs West Ham (id=28804)
18:03:36 INFO  [England Premier League | 2025-2026]  [28/380] Brighton vs Manchester City (id=28805)
18:03:38 INFO  [England Premier League | 2025-2026]  [29/380] Liverpool vs Arsenal (id=28806)
18:03:39 INFO  [England Premier League | 2025-2026]  [30/380] Aston Villa vs Crystal Palace (id=28807)
18:03:40 INFO  [England Premier League | 2025-2026]  [31/380] Arsenal vs Nottingham Forest (id=28808)
18:03:42 INFO  [England Premier League | 2025-2026]  [32/380] Newcastle United vs Wolverhampton Wanderers (id=28809)
18:03:43 INFO  [England Premier League | 2025-2026]  [33/380] Bournemouth vs Brighton (id=28810)
18:03:44 INFO  [England Premier League | 2025-2026]  [34/380] Crystal Palace vs Sunderland (id=28811)
18:03:45 INFO  [England Premier League | 2025-2026]  [35/380] Everton vs Aston Villa (id=28812)
18:03:47 INFO  [England Premier League | 2025-2026]  [36/380] Fulham vs Leeds (id=28813)
18:03:48 INFO  [England Premier League | 2025-2026]  [37/380] West Ham vs Tottenham (id=28814)
18:03:50 INFO  [England Premier League | 2025-2026]  [38/380] Brentford vs Chelsea (id=28815)
18:03:51 INFO  [England Premier League | 2025-2026]  [39/380] Burnley vs Liverpool (id=28816)
18:03:52 INFO  [England Premier League | 2025-2026]  [40/380] Manchester City vs Manchester United (id=28817)
18:03:54 INFO  [England Premier League | 2025-2026]  [41/380] Liverpool vs Everton (id=28818)
18:03:55 INFO  [England Premier League | 2025-2026]  [42/380] West Ham vs Crystal Palace (id=28819)
18:03:56 INFO  [England Premier League | 2025-2026]  [43/380] Wolverhampton Wanderers vs Leeds (id=28820)
18:03:57 INFO  [England Premier League | 2025-2026]  [44/380] Brighton vs Tottenham (id=28821)
18:03:59 INFO  [England Premier League | 2025-2026]  [45/380] Burnley vs Nottingham Forest (id=28822)
18:04:00 INFO  [England Premier League | 2025-2026]  [46/380] Manchester United vs Chelsea (id=28824)
18:04:02 INFO  [England Premier League | 2025-2026]  [47/380] Fulham vs Brentford (id=28825)
18:04:03 INFO  [England Premier League | 2025-2026]  [48/380] Bournemouth vs Newcastle United (id=28823)
18:04:05 INFO  [England Premier League | 2025-2026]  [49/380] Sunderland vs Aston Villa (id=28826)
18:04:06 INFO  [England Premier League | 2025-2026]  [50/380] Arsenal vs Manchester City (id=28827)
18:04:07 INFO  [England Premier League | 2025-2026]  💾 checkpoint flush (50/380 matches) …
18:04:07 INFO  [England Premier League | 2025-2026]  [51/380] Brentford vs Manchester United (id=28828)
18:04:08 INFO  [England Premier League | 2025-2026]  [52/380] Chelsea vs Brighton (id=28829)
18:04:10 INFO  [England Premier League | 2025-2026]  [53/380] Crystal Palace vs Liverpool (id=28830)
18:04:11 INFO  [England Premier League | 2025-2026]  [54/380] Leeds vs Bournemouth (id=28832)
18:04:12 INFO  [England Premier League | 2025-2026]  [55/380] Manchester City vs Burnley (id=28833)
18:04:13 INFO  [England Premier League | 2025-2026]  [56/380] Nottingham Forest vs Sunderland (id=28834)
18:04:15 INFO  [England Premier League | 2025-2026]  [57/380] Tottenham vs Wolverhampton Wanderers (id=28835)
18:04:16 INFO  [England Premier League | 2025-2026]  [58/380] Aston Villa vs Fulham (id=28831)
18:04:17 INFO  [England Premier League | 2025-2026]  [59/380] Newcastle United vs Arsenal (id=28836)
18:04:18 INFO  [England Premier League | 2025-2026]  [60/380] Everton vs West Ham (id=28837)
18:04:20 INFO  [England Premier League | 2025-2026]  [61/380] Bournemouth vs Fulham (id=28838)
18:04:21 INFO  [England Premier League | 2025-2026]  [62/380] Leeds vs Tottenham (id=28844)
18:04:22 INFO  [England Premier League | 2025-2026]  [63/380] Arsenal vs West Ham (id=28839)
18:04:23 INFO  [England Premier League | 2025-2026]  [64/380] Manchester United vs Sunderland (id=28845)
18:04:25 INFO  [England Premier League | 2025-2026]  [65/380] Chelsea vs Liverpool (id=28842)
18:04:26 INFO  [England Premier League | 2025-2026]  [66/380] Aston Villa vs Burnley (id=28840)
18:04:27 INFO  [England Premier League | 2025-2026]  [67/380] Everton vs Crystal Palace (id=28843)
18:04:29 INFO  [England Premier League | 2025-2026]  [68/380] Newcastle United vs Nottingham Forest (id=28846)
18:04:30 INFO  [England Premier League | 2025-2026]  [69/380] Wolverhampton Wanderers vs Brighton (id=28847)
18:04:31 INFO  [England Premier League | 2025-2026]  [70/380] Brentford vs Manchester City (id=28841)
18:04:32 INFO  [England Premier League | 2025-2026]  [71/380] Nottingham Forest vs Chelsea (id=28854)
18:04:34 INFO  [England Premier League | 2025-2026]  [72/380] Brighton vs Newcastle United (id=28848)
18:04:35 INFO  [England Premier League | 2025-2026]  [73/380] Burnley vs Leeds (id=28849)
18:04:36 INFO  [England Premier League | 2025-2026]  [74/380] Crystal Palace vs Bournemouth (id=28850)
18:04:37 INFO  [England Premier League | 2025-2026]  [75/380] Manchester City vs Everton (id=28853)
18:04:38 INFO  [England Premier League | 2025-2026]  💾 checkpoint flush (75/380 matches) …
18:04:39 INFO  [England Premier League | 2025-2026]  [76/380] Sunderland vs Wolverhampton Wanderers (id=28855)
18:04:40 INFO  [England Premier League | 2025-2026]  [77/380] Fulham vs Arsenal (id=28851)
18:04:41 INFO  [England Premier League | 2025-2026]  [78/380] Tottenham vs Aston Villa (id=28856)
18:04:43 INFO  [England Premier League | 2025-2026]  [79/380] Liverpool vs Manchester United (id=28852)
18:04:44 INFO  [England Premier League | 2025-2026]  [80/380] West Ham vs Brentford (id=28857)
18:04:45 INFO  [England Premier League | 2025-2026]  [81/380] Leeds vs West Ham (id=28864)
18:04:47 INFO  [England Premier League | 2025-2026]  [82/380] Chelsea vs Sunderland (id=28862)
18:04:48 INFO  [England Premier League | 2025-2026]  [83/380] Newcastle United vs Fulham (id=28866)
18:04:49 INFO  [England Premier League | 2025-2026]  [84/380] Manchester United vs Brighton (id=28865)
18:04:50 INFO  [England Premier League | 2025-2026]  [85/380] Brentford vs Liverpool (id=28861)
18:04:52 INFO  [England Premier League | 2025-2026]  [86/380] Bournemouth vs Nottingham Forest (id=28858)
18:04:53 INFO  [England Premier League | 2025-2026]  [87/380] Arsenal vs Crystal Palace (id=28859)
18:04:54 INFO  [England Premier League | 2025-2026]  [88/380] Aston Villa vs Manchester City (id=28860)
18:04:55 INFO  [England Premier League | 2025-2026]  [89/380] Wolverhampton Wanderers vs Burnley (id=28867)
18:04:57 INFO  [England Premier League | 2025-2026]  [90/380] Everton vs Tottenham (id=28863)
18:04:58 INFO  [England Premier League | 2025-2026]  [91/380] Brighton vs Leeds (id=28868)
18:04:59 INFO  [England Premier League | 2025-2026]  [92/380] Burnley vs Arsenal (id=28869)
18:05:01 INFO  [England Premier League | 2025-2026]  [93/380] Crystal Palace vs Brentford (id=28870)
18:05:02 INFO  [England Premier League | 2025-2026]  [94/380] Fulham vs Wolverhampton Wanderers (id=28871)
18:05:03 INFO  [England Premier League | 2025-2026]  [95/380] Nottingham Forest vs Manchester United (id=28874)
18:05:05 INFO  [England Premier League | 2025-2026]  [96/380] Tottenham vs Chelsea (id=28876)
18:05:06 INFO  [England Premier League | 2025-2026]  [97/380] Liverpool vs Aston Villa (id=28872)
18:05:07 INFO  [England Premier League | 2025-2026]  [98/380] West Ham vs Newcastle United (id=28877)
18:05:09 INFO  [England Premier League | 2025-2026]  [99/380] Manchester City vs Bournemouth (id=28873)
18:05:10 INFO  [England Premier League | 2025-2026]  [100/380] Sunderland vs Everton (id=28875)
18:05:12 INFO  [England Premier League | 2025-2026]  💾 checkpoint flush (100/380 matches) …
18:05:12 INFO  [England Premier League | 2025-2026]  [101/380] Tottenham vs Manchester United (id=28886)
18:05:13 INFO  [England Premier League | 2025-2026]  [102/380] Everton vs Fulham (id=28882)
18:05:15 INFO  [England Premier League | 2025-2026]  [103/380] West Ham vs Burnley (id=28887)
18:05:17 INFO  [England Premier League | 2025-2026]  [104/380] Sunderland vs Arsenal (id=28885)
18:05:18 INFO  [England Premier League | 2025-2026]  [105/380] Chelsea vs Wolverhampton Wanderers (id=28880)
18:05:19 INFO  [England Premier League | 2025-2026]  [106/380] Aston Villa vs Bournemouth (id=28878)
18:05:21 INFO  [England Premier League | 2025-2026]  [107/380] Brentford vs Newcastle United (id=28879)
18:05:22 INFO  [England Premier League | 2025-2026]  [108/380] Crystal Palace vs Brighton (id=28881)
18:05:24 INFO  [England Premier League | 2025-2026]  [109/380] Nottingham Forest vs Leeds (id=28884)
18:05:25 INFO  [England Premier League | 2025-2026]  [110/380] Manchester City vs Liverpool (id=28883)
18:05:27 INFO  [England Premier League | 2025-2026]  [111/380] Burnley vs Chelsea (id=28891)
18:05:28 INFO  [England Premier League | 2025-2026]  [112/380] Bournemouth vs West Ham (id=28888)
18:05:29 INFO  [England Premier League | 2025-2026]  [113/380] Brighton vs Brentford (id=28890)
18:05:31 INFO  [England Premier League | 2025-2026]  [114/380] Fulham vs Sunderland (id=28892)
18:05:32 INFO  [England Premier League | 2025-2026]  [115/380] Liverpool vs Nottingham Forest (id=28894)
18:05:34 INFO  [England Premier League | 2025-2026]  [116/380] Wolverhampton Wanderers vs Crystal Palace (id=28897)
18:05:35 INFO  [England Premier League | 2025-2026]  [117/380] Newcastle United vs Manchester City (id=28896)
18:05:37 INFO  [England Premier League | 2025-2026]  [118/380] Leeds vs Aston Villa (id=28893)
18:05:38 INFO  [England Premier League | 2025-2026]  [119/380] Arsenal vs Tottenham (id=28889)
18:05:40 INFO  [England Premier League | 2025-2026]  [120/380] Manchester United vs Everton (id=28895)
18:05:41 INFO  [England Premier League | 2025-2026]  [121/380] Brentford vs Burnley (id=28899)
18:05:42 INFO  [England Premier League | 2025-2026]  [122/380] Manchester City vs Leeds (id=28903)
18:05:44 INFO  [England Premier League | 2025-2026]  [123/380] Sunderland vs Bournemouth (id=28905)
18:05:45 INFO  [England Premier League | 2025-2026]  [124/380] Everton vs Newcastle United (id=28902)
18:05:47 INFO  [England Premier League | 2025-2026]  [125/380] Tottenham vs Fulham (id=28906)
18:05:48 INFO  [England Premier League | 2025-2026]  💾 checkpoint flush (125/380 matches) …
18:05:48 INFO  [England Premier League | 2025-2026]  [126/380] Crystal Palace vs Manchester United (id=28901)
18:05:49 INFO  [England Premier League | 2025-2026]  [127/380] Aston Villa vs Wolverhampton Wanderers (id=28898)
18:05:51 INFO  [England Premier League | 2025-2026]  [128/380] Nottingham Forest vs Brighton (id=28904)
18:05:52 INFO  [England Premier League | 2025-2026]  [129/380] West Ham vs Liverpool (id=28907)
18:05:54 INFO  [England Premier League | 2025-2026]  [130/380] Chelsea vs Arsenal (id=28900)
18:05:55 INFO  [England Premier League | 2025-2026]  [131/380] Bournemouth vs Everton (id=28908)
18:05:56 INFO  [England Premier League | 2025-2026]  [132/380] Fulham vs Manchester City (id=28912)
18:05:58 INFO  [England Premier League | 2025-2026]  [133/380] Newcastle United vs Tottenham (id=28916)
18:05:59 INFO  [England Premier League | 2025-2026]  [134/380] Arsenal vs Brentford (id=28909)
18:06:01 INFO  [England Premier League | 2025-2026]  [135/380] Brighton vs Aston Villa (id=28910)
18:06:02 INFO  [England Premier League | 2025-2026]  [136/380] Burnley vs Crystal Palace (id=28911)
18:06:04 INFO  [England Premier League | 2025-2026]  [137/380] Wolverhampton Wanderers vs Nottingham Forest (id=28917)
18:06:05 INFO  [England Premier League | 2025-2026]  [138/380] Leeds vs Chelsea (id=28913)
18:06:06 INFO  [England Premier League | 2025-2026]  [139/380] Liverpool vs Sunderland (id=28914)
18:06:08 INFO  [England Premier League | 2025-2026]  [140/380] Manchester United vs West Ham (id=28915)
18:06:09 INFO  [England Premier League | 2025-2026]  [141/380] Aston Villa vs Arsenal (id=28919)
18:06:11 INFO  [England Premier League | 2025-2026]  [142/380] Bournemouth vs Chelsea (id=28918)
18:06:12 INFO  [England Premier League | 2025-2026]  [143/380] Everton vs Nottingham Forest (id=28921)
18:06:14 INFO  [England Premier League | 2025-2026]  [144/380] Manchester City vs Sunderland (id=28924)
18:06:15 INFO  [England Premier League | 2025-2026]  [145/380] Newcastle United vs Burnley (id=28925)
18:06:16 INFO  [England Premier League | 2025-2026]  [146/380] Tottenham vs Brentford (id=28926)
18:06:18 INFO  [England Premier League | 2025-2026]  [147/380] Leeds vs Liverpool (id=28923)
18:06:19 INFO  [England Premier League | 2025-2026]  [148/380] Brighton vs West Ham (id=28920)
18:06:21 INFO  [England Premier League | 2025-2026]  [149/380] Fulham vs Crystal Palace (id=28922)
18:06:22 INFO  [England Premier League | 2025-2026]  [150/380] Wolverhampton Wanderers vs Manchester United (id=28927)
18:06:24 INFO  [England Premier League | 2025-2026]  💾 checkpoint flush (150/380 matches) …
18:06:24 INFO  [England Premier League | 2025-2026]  [151/380] Chelsea vs Everton (id=28931)
18:06:25 INFO  [England Premier League | 2025-2026]  [152/380] Liverpool vs Brighton (id=28933)
18:06:26 INFO  [England Premier League | 2025-2026]  [153/380] Burnley vs Fulham (id=28930)
18:06:28 INFO  [England Premier League | 2025-2026]  [154/380] Arsenal vs Wolverhampton Wanderers (id=28928)
18:06:29 INFO  [England Premier League | 2025-2026]  [155/380] Crystal Palace vs Manchester City (id=28932)
18:06:31 INFO  [England Premier League | 2025-2026]  [156/380] Nottingham Forest vs Tottenham (id=28935)
18:06:32 INFO  [England Premier League | 2025-2026]  [157/380] Sunderland vs Newcastle United (id=28936)
18:06:34 INFO  [England Premier League | 2025-2026]  [158/380] West Ham vs Aston Villa (id=28937)
18:06:35 INFO  [England Premier League | 2025-2026]  [159/380] Brentford vs Leeds (id=28929)
18:06:36 INFO  [England Premier League | 2025-2026]  [160/380] Manchester United vs Bournemouth (id=28934)
18:06:38 INFO  [England Premier League | 2025-2026]  [161/380] Newcastle United vs Chelsea (id=28945)
18:06:39 INFO  [England Premier League | 2025-2026]  [162/380] Bournemouth vs Burnley (id=28938)
18:06:41 INFO  [England Premier League | 2025-2026]  [163/380] Brighton vs Sunderland (id=28940)
18:06:42 INFO  [England Premier League | 2025-2026]  [164/380] Manchester City vs West Ham (id=28944)
18:06:43 INFO  [England Premier League | 2025-2026]  [165/380] Wolverhampton Wanderers vs Brentford (id=28947)
18:06:45 INFO  [England Premier League | 2025-2026]  [166/380] Tottenham vs Liverpool (id=28946)
18:06:46 INFO  [England Premier League | 2025-2026]  [167/380] Everton vs Arsenal (id=28941)
18:06:48 INFO  [England Premier League | 2025-2026]  [168/380] Leeds vs Crystal Palace (id=28943)
18:06:49 INFO  [England Premier League | 2025-2026]  [169/380] Aston Villa vs Manchester United (id=28939)
18:06:51 INFO  [England Premier League | 2025-2026]  [170/380] Fulham vs Nottingham Forest (id=28942)
18:06:52 INFO  [England Premier League | 2025-2026]  [171/380] Manchester United vs Newcastle United (id=28954)
18:06:54 INFO  [England Premier League | 2025-2026]  [172/380] Nottingham Forest vs Manchester City (id=28955)
18:06:55 INFO  [England Premier League | 2025-2026]  [173/380] Arsenal vs Brighton (id=28948)
18:06:56 INFO  [England Premier League | 2025-2026]  [174/380] Brentford vs Bournemouth (id=28949)
18:06:58 INFO  [England Premier League | 2025-2026]  [175/380] Burnley vs Everton (id=28950)
18:06:59 INFO  [England Premier League | 2025-2026]  💾 checkpoint flush (175/380 matches) …
18:06:59 INFO  [England Premier League | 2025-2026]  [176/380] Liverpool vs Wolverhampton Wanderers (id=28953)
18:07:01 INFO  [England Premier League | 2025-2026]  [177/380] West Ham vs Fulham (id=28957)
18:07:02 INFO  [England Premier League | 2025-2026]  [178/380] Chelsea vs Aston Villa (id=28951)
18:07:04 INFO  [England Premier League | 2025-2026]  [179/380] Sunderland vs Leeds (id=28956)
18:07:05 INFO  [England Premier League | 2025-2026]  [180/380] Crystal Palace vs Tottenham (id=28952)
18:07:07 INFO  [England Premier League | 2025-2026]  [181/380] Burnley vs Newcastle United (id=28960)
18:07:08 INFO  [England Premier League | 2025-2026]  [182/380] Chelsea vs Bournemouth (id=28961)
18:07:09 INFO  [England Premier League | 2025-2026]  [183/380] Nottingham Forest vs Everton (id=28965)
18:07:11 INFO  [England Premier League | 2025-2026]  [184/380] West Ham vs Brighton (id=28967)
18:07:12 INFO  [England Premier League | 2025-2026]  [185/380] Arsenal vs Aston Villa (id=28958)
18:07:13 INFO  [England Premier League | 2025-2026]  [186/380] Manchester United vs Wolverhampton Wanderers (id=28964)
18:07:15 INFO  [England Premier League | 2025-2026]  [187/380] Crystal Palace vs Fulham (id=28962)
18:07:16 INFO  [England Premier League | 2025-2026]  [188/380] Liverpool vs Leeds (id=28963)
18:07:18 INFO  [England Premier League | 2025-2026]  [189/380] Brentford vs Tottenham (id=28959)
18:07:19 INFO  [England Premier League | 2025-2026]  [190/380] Sunderland vs Manchester City (id=28966)
18:07:20 INFO  [England Premier League | 2025-2026]  [191/380] Aston Villa vs Nottingham Forest (id=28972)
18:07:22 INFO  [England Premier League | 2025-2026]  [192/380] Wolverhampton Wanderers vs West Ham (id=28970)
18:07:23 INFO  [England Premier League | 2025-2026]  [193/380] Brighton vs Burnley (id=28973)
18:07:25 INFO  [England Premier League | 2025-2026]  [194/380] Bournemouth vs Arsenal (id=28971)
18:07:26 INFO  [England Premier League | 2025-2026]  [195/380] Leeds vs Manchester United (id=28976)
18:07:27 INFO  [England Premier League | 2025-2026]  [196/380] Newcastle United vs Crystal Palace (id=28968)
18:07:29 INFO  [England Premier League | 2025-2026]  [197/380] Tottenham vs Sunderland (id=28969)
18:07:30 INFO  [England Premier League | 2025-2026]  [198/380] Everton vs Brentford (id=28974)
18:07:32 INFO  [England Premier League | 2025-2026]  [199/380] Fulham vs Liverpool (id=28975)
18:07:33 INFO  [England Premier League | 2025-2026]  [200/380] Manchester City vs Chelsea (id=28977)
18:07:35 INFO  [England Premier League | 2025-2026]  💾 checkpoint flush (200/380 matches) …
18:07:35 INFO  [England Premier League | 2025-2026]  [201/380] West Ham vs Nottingham Forest (id=28987)
18:07:36 INFO  [England Premier League | 2025-2026]  [202/380] Everton vs Wolverhampton Wanderers (id=28978)
18:07:38 INFO  [England Premier League | 2025-2026]  [203/380] Bournemouth vs Tottenham (id=28979)
18:07:39 INFO  [England Premier League | 2025-2026]  [204/380] Brentford vs Sunderland (id=28981)
18:07:40 INFO  [England Premier League | 2025-2026]  [205/380] Crystal Palace vs Aston Villa (id=28983)
18:07:42 INFO  [England Premier League | 2025-2026]  [206/380] Fulham vs Chelsea (id=28984)
18:07:43 INFO  [England Premier League | 2025-2026]  [207/380] Manchester City vs Brighton (id=28985)
18:07:45 INFO  [England Premier League | 2025-2026]  [208/380] Burnley vs Manchester United (id=28982)
18:07:46 INFO  [England Premier League | 2025-2026]  [209/380] Newcastle United vs Leeds (id=28986)
18:07:48 INFO  [England Premier League | 2025-2026]  [210/380] Arsenal vs Liverpool (id=28980)
18:07:50 INFO  [England Premier League | 2025-2026]  [211/380] Manchester United vs Manchester City (id=28993)
18:07:51 INFO  [England Premier League | 2025-2026]  [212/380] Chelsea vs Brentford (id=28990)
18:07:53 INFO  [England Premier League | 2025-2026]  [213/380] Leeds vs Fulham (id=28991)
18:07:54 INFO  [England Premier League | 2025-2026]  [214/380] Liverpool vs Burnley (id=28992)
18:07:55 INFO  [England Premier League | 2025-2026]  [215/380] Sunderland vs Crystal Palace (id=28995)
18:07:57 INFO  [England Premier League | 2025-2026]  [216/380] Tottenham vs West Ham (id=28996)
18:07:58 INFO  [England Premier League | 2025-2026]  [217/380] Nottingham Forest vs Arsenal (id=28994)
18:08:00 INFO  [England Premier League | 2025-2026]  [218/380] Wolverhampton Wanderers vs Newcastle United (id=28997)
18:08:01 INFO  [England Premier League | 2025-2026]  [219/380] Aston Villa vs Everton (id=28988)
18:08:03 INFO  [England Premier League | 2025-2026]  [220/380] Brighton vs Bournemouth (id=28989)
18:08:04 INFO  [England Premier League | 2025-2026]  [221/380] West Ham vs Sunderland (id=29007)
18:08:06 INFO  [England Premier League | 2025-2026]  [222/380] Burnley vs Tottenham (id=29001)
18:08:07 INFO  [England Premier League | 2025-2026]  [223/380] Fulham vs Brighton (id=29004)
18:08:08 INFO  [England Premier League | 2025-2026]  [224/380] Manchester City vs Wolverhampton Wanderers (id=29005)
18:08:10 INFO  [England Premier League | 2025-2026]  [225/380] Bournemouth vs Liverpool (id=28998)
18:08:12 INFO  [England Premier League | 2025-2026]  💾 checkpoint flush (225/380 matches) …
18:08:12 INFO  [England Premier League | 2025-2026]  [226/380] Brentford vs Nottingham Forest (id=29000)
18:08:14 INFO  [England Premier League | 2025-2026]  [227/380] Crystal Palace vs Chelsea (id=29002)
18:08:15 INFO  [England Premier League | 2025-2026]  [228/380] Newcastle United vs Aston Villa (id=29006)
18:08:17 INFO  [England Premier League | 2025-2026]  [229/380] Arsenal vs Manchester United (id=28999)
18:08:18 INFO  [England Premier League | 2025-2026]  [230/380] Everton vs Leeds (id=29003)
18:08:19 INFO  [England Premier League | 2025-2026]  [231/380] Brighton vs Everton (id=29010)
18:08:21 INFO  [England Premier League | 2025-2026]  [232/380] Leeds vs Arsenal (id=29015)
18:08:22 INFO  [England Premier League | 2025-2026]  [233/380] Wolverhampton Wanderers vs Bournemouth (id=29017)
18:08:24 INFO  [England Premier League | 2025-2026]  [234/380] Chelsea vs West Ham (id=29009)
18:08:27 INFO  [England Premier League | 2025-2026]  [235/380] Liverpool vs Newcastle United (id=29014)
18:08:30 INFO  [England Premier League | 2025-2026]  [236/380] Aston Villa vs Brentford (id=29008)
18:08:34 INFO  [England Premier League | 2025-2026]  [237/380] Manchester United vs Fulham (id=29012)
18:08:36 INFO  [England Premier League | 2025-2026]  [238/380] Nottingham Forest vs Crystal Palace (id=29013)
18:08:37 INFO  [England Premier League | 2025-2026]  [239/380] Tottenham vs Manchester City (id=29016)
18:08:39 INFO  [England Premier League | 2025-2026]  [240/380] Sunderland vs Burnley (id=29011)
18:08:40 INFO  [England Premier League | 2025-2026]  [241/380] Leeds vs Nottingham Forest (id=29023)
18:08:42 INFO  [England Premier League | 2025-2026]  [242/380] Manchester United vs Tottenham (id=29025)
18:08:43 INFO  [England Premier League | 2025-2026]  [243/380] Bournemouth vs Aston Villa (id=29018)
18:08:45 INFO  [England Premier League | 2025-2026]  [244/380] Arsenal vs Sunderland (id=29019)
18:08:46 INFO  [England Premier League | 2025-2026]  [245/380] Burnley vs West Ham (id=29021)
18:08:47 INFO  [England Premier League | 2025-2026]  [246/380] Fulham vs Everton (id=29022)
18:08:49 INFO  [England Premier League | 2025-2026]  [247/380] Wolverhampton Wanderers vs Chelsea (id=29027)
18:08:50 INFO  [England Premier League | 2025-2026]  [248/380] Newcastle United vs Brentford (id=29026)
18:08:52 INFO  [England Premier League | 2025-2026]  [249/380] Brighton vs Crystal Palace (id=29020)
18:08:53 INFO  [England Premier League | 2025-2026]  [250/380] Liverpool vs Manchester City (id=29024)
18:08:55 INFO  [England Premier League | 2025-2026]  💾 checkpoint flush (250/380 matches) …
18:08:55 INFO  [England Premier League | 2025-2026]  [251/380] Chelsea vs Leeds (id=29030)
18:08:56 INFO  [England Premier League | 2025-2026]  [252/380] Everton vs Bournemouth (id=29032)
18:08:58 INFO  [England Premier League | 2025-2026]  [253/380] Tottenham vs Newcastle United (id=29036)
18:08:59 INFO  [England Premier League | 2025-2026]  [254/380] West Ham vs Manchester United (id=29037)
18:09:01 INFO  [England Premier League | 2025-2026]  [255/380] Aston Villa vs Brighton (id=29028)
18:09:02 INFO  [England Premier League | 2025-2026]  [256/380] Crystal Palace vs Burnley (id=29031)
18:09:03 INFO  [England Premier League | 2025-2026]  [257/380] Manchester City vs Fulham (id=29033)
18:09:04 INFO  [England Premier League | 2025-2026]  [258/380] Nottingham Forest vs Wolverhampton Wanderers (id=29034)
18:09:06 INFO  [England Premier League | 2025-2026]  [259/380] Sunderland vs Liverpool (id=29035)
18:09:07 INFO  [England Premier League | 2025-2026]  [260/380] Brentford vs Arsenal (id=29029)
18:09:09 INFO  [England Premier League | 2025-2026]  [261/380] Wolverhampton Wanderers vs Arsenal (id=29087)
18:09:10 INFO  [England Premier League | 2025-2026]  [262/380] Aston Villa vs Leeds (id=29038)
18:09:11 INFO  [England Premier League | 2025-2026]  [263/380] Brentford vs Brighton (id=29039)
18:09:13 INFO  [England Premier League | 2025-2026]  [264/380] Chelsea vs Burnley (id=29040)
18:09:14 INFO  [England Premier League | 2025-2026]  [265/380] West Ham vs Bournemouth (id=29047)
18:09:16 INFO  [England Premier League | 2025-2026]  [266/380] Manchester City vs Newcastle United (id=29043)
18:09:17 INFO  [England Premier League | 2025-2026]  [267/380] Crystal Palace vs Wolverhampton Wanderers (id=29041)
18:09:19 INFO  [England Premier League | 2025-2026]  [268/380] Nottingham Forest vs Liverpool (id=29044)
18:09:20 INFO  [England Premier League | 2025-2026]  [269/380] Sunderland vs Fulham (id=29045)
18:09:22 INFO  [England Premier League | 2025-2026]  [270/380] Tottenham vs Arsenal (id=29046)
18:09:23 INFO  [England Premier League | 2025-2026]  [271/380] Everton vs Manchester United (id=29042)
18:09:25 INFO  [England Premier League | 2025-2026]  [272/380] Wolverhampton Wanderers vs Aston Villa (id=29057)
18:09:26 INFO  [England Premier League | 2025-2026]  [273/380] Bournemouth vs Sunderland (id=29048)
18:09:28 INFO  [England Premier League | 2025-2026]  [274/380] Burnley vs Brentford (id=29051)
18:09:29 INFO  [England Premier League | 2025-2026]  [275/380] Liverpool vs West Ham (id=29054)
18:09:30 INFO  [England Premier League | 2025-2026]  💾 checkpoint flush (275/380 matches) …
18:09:30 INFO  [England Premier League | 2025-2026]  [276/380] Newcastle United vs Everton (id=29056)
18:09:32 INFO  [England Premier League | 2025-2026]  [277/380] Leeds vs Manchester City (id=29053)
18:09:33 INFO  [England Premier League | 2025-2026]  [278/380] Brighton vs Nottingham Forest (id=29050)
18:09:35 INFO  [England Premier League | 2025-2026]  [279/380] Fulham vs Tottenham (id=29052)
18:09:36 INFO  [England Premier League | 2025-2026]  [280/380] Manchester United vs Crystal Palace (id=29055)
18:09:38 INFO  [England Premier League | 2025-2026]  [281/380] Arsenal vs Chelsea (id=29049)
18:09:39 INFO  [England Premier League | 2025-2026]  [282/380] Bournemouth vs Brentford (id=29058)
18:09:41 INFO  [England Premier League | 2025-2026]  [283/380] Everton vs Burnley (id=29061)
18:09:42 INFO  [England Premier League | 2025-2026]  [284/380] Leeds vs Sunderland (id=29063)
18:09:44 INFO  [England Premier League | 2025-2026]  [285/380] Wolverhampton Wanderers vs Liverpool (id=29067)
18:09:45 INFO  [England Premier League | 2025-2026]  [286/380] Aston Villa vs Chelsea (id=29059)
18:09:47 INFO  [England Premier League | 2025-2026]  [287/380] Brighton vs Arsenal (id=29060)
18:09:48 INFO  [England Premier League | 2025-2026]  [288/380] Fulham vs West Ham (id=29062)
18:09:49 INFO  [England Premier League | 2025-2026]  [289/380] Manchester City vs Nottingham Forest (id=29064)
18:09:51 INFO  [England Premier League | 2025-2026]  [290/380] Newcastle United vs Manchester United (id=29065)
18:09:52 INFO  [England Premier League | 2025-2026]  [291/380] Tottenham vs Crystal Palace (id=29066)
18:09:54 INFO  [England Premier League | 2025-2026]  [292/380] Burnley vs Bournemouth (id=29070)
18:09:56 INFO  [England Premier League | 2025-2026]  [293/380] Sunderland vs Brighton (id=29076)
18:09:58 INFO  [England Premier League | 2025-2026]  [294/380] Arsenal vs Everton (id=29068)
18:09:59 INFO  [England Premier League | 2025-2026]  [295/380] Chelsea vs Newcastle United (id=29071)
18:10:01 INFO  [England Premier League | 2025-2026]  [296/380] West Ham vs Manchester City (id=29077)
18:10:02 INFO  [England Premier League | 2025-2026]  [297/380] Crystal Palace vs Leeds (id=29072)
18:10:03 INFO  [England Premier League | 2025-2026]  [298/380] Manchester United vs Aston Villa (id=29074)
18:10:05 INFO  [England Premier League | 2025-2026]  [299/380] Nottingham Forest vs Fulham (id=29075)
18:10:07 INFO  [England Premier League | 2025-2026]  [300/380] Liverpool vs Tottenham (id=29073)
18:10:08 INFO  [England Premier League | 2025-2026]  💾 checkpoint flush (300/380 matches) …
18:10:08 INFO  [England Premier League | 2025-2026]  [301/380] Brentford vs Wolverhampton Wanderers (id=29069)
18:10:10 INFO  [England Premier League | 2025-2026]  [302/380] Bournemouth vs Manchester United (id=29078)
18:10:11 INFO  [England Premier League | 2025-2026]  [303/380] Brighton vs Liverpool (id=29080)
18:10:12 INFO  [England Premier League | 2025-2026]  [304/380] Fulham vs Burnley (id=29082)
18:10:14 INFO  [England Premier League | 2025-2026]  [305/380] Everton vs Chelsea (id=29081)
18:10:15 INFO  [England Premier League | 2025-2026]  [306/380] Leeds vs Brentford (id=29083)
18:10:17 INFO  [England Premier League | 2025-2026]  [307/380] Newcastle United vs Sunderland (id=29085)
18:10:18 INFO  [England Premier League | 2025-2026]  [308/380] Aston Villa vs West Ham (id=29079)
18:10:20 INFO  [England Premier League | 2025-2026]  [309/380] Tottenham vs Nottingham Forest (id=29086)
18:10:21 INFO  [England Premier League | 2025-2026]  [310/380] West Ham vs Wolverhampton Wanderers (id=29091)
18:10:22 INFO  [England Premier League | 2025-2026]  [311/380] Arsenal vs Bournemouth (id=29092)
18:10:24 INFO  [England Premier League | 2025-2026]  [312/380] Brentford vs Everton (id=29093)
18:10:25 INFO  [England Premier League | 2025-2026]  [313/380] Burnley vs Brighton (id=29094)
18:10:27 INFO  [England Premier League | 2025-2026]  [314/380] Liverpool vs Fulham (id=29097)
18:10:28 INFO  [England Premier League | 2025-2026]  [315/380] Nottingham Forest vs Aston Villa (id=29089)
18:10:30 INFO  [England Premier League | 2025-2026]  [316/380] Sunderland vs Tottenham (id=29090)
18:10:31 INFO  [England Premier League | 2025-2026]  [317/380] Crystal Palace vs Newcastle United (id=29096)
18:10:33 INFO  [England Premier League | 2025-2026]  [318/380] Chelsea vs Manchester City (id=29095)
18:10:34 INFO  [England Premier League | 2025-2026]  [319/380] Manchester United vs Leeds (id=29088)
18:10:35 INFO  [England Premier League | 2025-2026]  [320/380] Brentford vs Fulham (id=29099)
18:10:37 INFO  [England Premier League | 2025-2026]  [321/380] Leeds vs Wolverhampton Wanderers (id=29103)
18:10:38 INFO  [England Premier League | 2025-2026]  [322/380] Newcastle United vs Bournemouth (id=29105)
18:10:40 INFO  [England Premier League | 2025-2026]  [323/380] Tottenham vs Brighton (id=29107)
18:10:41 INFO  [England Premier League | 2025-2026]  [324/380] Chelsea vs Manchester United (id=29100)
18:10:43 INFO  [England Premier League | 2025-2026]  [325/380] Aston Villa vs Sunderland (id=29098)
18:10:44 INFO  [England Premier League | 2025-2026]  💾 checkpoint flush (325/380 matches) …
18:10:44 INFO  [England Premier League | 2025-2026]  [326/380] Everton vs Liverpool (id=29102)
18:10:46 INFO  [England Premier League | 2025-2026]  [327/380] Nottingham Forest vs Burnley (id=29106)
18:10:47 INFO  [England Premier League | 2025-2026]  [328/380] Manchester City vs Arsenal (id=29104)
18:10:48 INFO  [England Premier League | 2025-2026]  [329/380] Crystal Palace vs West Ham (id=29101)
18:10:50 INFO  [England Premier League | 2025-2026]  [330/380] Brighton vs Chelsea (id=29110)
18:10:51 INFO  [England Premier League | 2025-2026]  [331/380] Bournemouth vs Leeds (id=29108)
18:10:53 INFO  [England Premier League | 2025-2026]  [332/380] Burnley vs Manchester City (id=29111)
18:10:54 INFO  [England Premier League | 2025-2026]  [333/380] Sunderland vs Nottingham Forest (id=29115)
18:10:56 INFO  [England Premier League | 2025-2026]  [334/380] Fulham vs Aston Villa (id=29112)
18:10:57 INFO  [England Premier League | 2025-2026]  [335/380] Liverpool vs Crystal Palace (id=29113)
18:10:58 INFO  [England Premier League | 2025-2026]  [336/380] West Ham vs Everton (id=29116)
18:11:00 INFO  [England Premier League | 2025-2026]  [337/380] Wolverhampton Wanderers vs Tottenham (id=29117)
18:11:01 INFO  [England Premier League | 2025-2026]  [338/380] Arsenal vs Newcastle United (id=29109)
18:11:03 INFO  [England Premier League | 2025-2026]  [339/380] Manchester United vs Brentford (id=29114)
18:11:04 INFO  [England Premier League | 2025-2026]  [340/380] Leeds vs Burnley (id=29124)
18:11:06 INFO  [England Premier League | 2025-2026]  [341/380] Brentford vs West Ham (id=29121)
18:11:07 INFO  [England Premier League | 2025-2026]  [342/380] Newcastle United vs Brighton (id=29126)
18:11:09 INFO  [England Premier League | 2025-2026]  [343/380] Wolverhampton Wanderers vs Sunderland (id=29127)
18:11:10 INFO  [England Premier League | 2025-2026]  [344/380] Arsenal vs Fulham (id=29119)
18:11:11 INFO  [England Premier League | 2025-2026]  [345/380] Bournemouth vs Crystal Palace (id=29118)
18:11:13 INFO  [England Premier League | 2025-2026]  [346/380] Manchester United vs Liverpool (id=29125)
18:11:14 INFO  [England Premier League | 2025-2026]  [347/380] Aston Villa vs Tottenham (id=29120)
18:11:16 INFO  [England Premier League | 2025-2026]  [348/380] Chelsea vs Nottingham Forest (id=29122)
18:11:17 INFO  [England Premier League | 2025-2026]  [349/380] Everton vs Manchester City (id=29123)
18:11:19 INFO  [England Premier League | 2025-2026]  [350/380] Liverpool vs Chelsea (id=29132)
18:11:21 INFO  [England Premier League | 2025-2026]  💾 checkpoint flush (350/380 matches) …
18:11:21 INFO  [England Premier League | 2025-2026]  [351/380] Brighton vs Wolverhampton Wanderers (id=29128)
18:11:23 INFO  [England Premier League | 2025-2026]  [352/380] Fulham vs Bournemouth (id=29131)
18:11:24 INFO  [England Premier League | 2025-2026]  [353/380] Sunderland vs Manchester United (id=29135)
18:11:26 INFO  [England Premier League | 2025-2026]  [354/380] Manchester City vs Brentford (id=29133)
18:11:27 INFO  [England Premier League | 2025-2026]  [355/380] Burnley vs Aston Villa (id=29129)
18:11:28 INFO  [England Premier League | 2025-2026]  [356/380] Crystal Palace vs Everton (id=29130)
18:11:30 INFO  [England Premier League | 2025-2026]  [357/380] Nottingham Forest vs Newcastle United (id=29134)
18:11:31 INFO  [England Premier League | 2025-2026]  [358/380] West Ham vs Arsenal (id=29137)
18:11:33 INFO  [England Premier League | 2025-2026]  [359/380] Tottenham vs Leeds (id=29136)
18:11:34 INFO  [England Premier League | 2025-2026]  [360/380] Manchester City vs Crystal Palace (id=29084)
18:11:36 INFO  [England Premier League | 2025-2026]  [361/380] Aston Villa vs Liverpool (id=29140)
18:11:37 INFO  [England Premier League | 2025-2026]  [362/380] Manchester United vs Nottingham Forest (id=29145)
18:11:39 INFO  [England Premier League | 2025-2026]  [363/380] Brentford vs Crystal Palace (id=29141)
18:11:40 INFO  [England Premier League | 2025-2026]  [364/380] Everton vs Sunderland (id=29143)
18:11:41 INFO  [England Premier League | 2025-2026]  [365/380] Leeds vs Brighton (id=29144)
18:11:43 INFO  [England Premier League | 2025-2026]  [366/380] Wolverhampton Wanderers vs Fulham (id=29147)
18:11:44 INFO  [England Premier League | 2025-2026]  [367/380] Newcastle United vs West Ham (id=29146)
18:11:46 INFO  [England Premier League | 2025-2026]  [368/380] Arsenal vs Burnley (id=29139)
18:11:47 INFO  [England Premier League | 2025-2026]  [369/380] Bournemouth vs Manchester City (id=29138)
18:11:49 INFO  [England Premier League | 2025-2026]  [370/380] Chelsea vs Tottenham (id=29142)
18:11:50 INFO  [England Premier League | 2025-2026]  [371/380] Brighton vs Manchester United (id=29148)
18:11:51 INFO  [England Premier League | 2025-2026]  [372/380] Burnley vs Wolverhampton Wanderers (id=29149)
18:11:53 INFO  [England Premier League | 2025-2026]  [373/380] Crystal Palace vs Arsenal (id=29150)
18:11:55 INFO  [England Premier League | 2025-2026]  [374/380] Fulham vs Newcastle United (id=29151)
18:11:56 INFO  [England Premier League | 2025-2026]  [375/380] Liverpool vs Brentford (id=29152)
18:11:58 INFO  [England Premier League | 2025-2026]  💾 checkpoint flush (375/380 matches) …
18:11:58 INFO  [England Premier League | 2025-2026]  [376/380] Manchester City vs Aston Villa (id=29153)
18:11:59 INFO  [England Premier League | 2025-2026]  [377/380] Nottingham Forest vs Bournemouth (id=29154)
18:12:01 INFO  [England Premier League | 2025-2026]  [378/380] Sunderland vs Chelsea (id=29155)
18:12:02 INFO  [England Premier League | 2025-2026]  [379/380] Tottenham vs Everton (id=29156)
18:12:04 INFO  [England Premier League | 2025-2026]  [380/380] West Ham vs Leeds (id=29157)
18:12:06 INFO    💾 9524 rows → understat_match_shots__England_Premier_League__2025_2026.parquet
18:12:06 INFO    💾 11490 rows → understat_rosters__England_Premier_League__2025_2026.parquet
18:12:06 INFO    💾 380 rows → understat_match_info__England_Premier_League__2025_2026.parquet
18:12:06 INFO  [England Premier League | 2025-2026]  ✅ saved: shots=9524 roster_rows=11490 info_matches=380
18:12:06 INFO  [England Premier League | 2024-2025]  📡 Understat matches — fetching match list
18:12:08 INFO  [England Premier League | 2024-2025]  ✅ 380 completed on Understat, 380 remaining to fetch
18:12:08 INFO  [England Premier League | 2024-2025]  [1/380] Manchester United vs Fulham (id=26602)
18:12:09 INFO  [England Premier League | 2024-2025]  💾 checkpoint flush (1/380 matches) …
18:12:09 INFO  [England Premier League | 2024-2025]  [2/380] Ipswich vs Liverpool (id=26603)
18:12:11 INFO  [England Premier League | 2024-2025]  [3/380] Arsenal vs Wolverhampton Wanderers (id=26604)
18:12:12 INFO  [England Premier League | 2024-2025]  [4/380] Everton vs Brighton (id=26605)
18:12:14 INFO  [England Premier League | 2024-2025]  [5/380] Newcastle United vs Southampton (id=26606)
18:12:15 INFO  [England Premier League | 2024-2025]  [6/380] Nottingham Forest vs Bournemouth (id=26607)
18:12:17 INFO  [England Premier League | 2024-2025]  [7/380] West Ham vs Aston Villa (id=26608)
18:12:18 INFO  [England Premier League | 2024-2025]  [8/380] Brentford vs Crystal Palace (id=26609)
18:12:19 INFO  [England Premier League | 2024-2025]  [9/380] Chelsea vs Manchester City (id=26610)
18:12:21 INFO  [England Premier League | 2024-2025]  [10/380] Leicester vs Tottenham (id=26611)
18:12:22 INFO  [England Premier League | 2024-2025]  [11/380] Brighton vs Manchester United (id=26612)
18:12:24 INFO  [England Premier League | 2024-2025]  [12/380] Crystal Palace vs West Ham (id=26613)
18:12:25 INFO  [England Premier League | 2024-2025]  [13/380] Fulham vs Leicester (id=26614)
18:12:27 INFO  [England Premier League | 2024-2025]  [14/380] Manchester City vs Ipswich (id=26615)
18:12:28 INFO  [England Premier League | 2024-2025]  [15/380] Southampton vs Nottingham Forest (id=26616)
18:12:30 INFO  [England Premier League | 2024-2025]  [16/380] Tottenham vs Everton (id=26617)
18:12:31 INFO  [England Premier League | 2024-2025]  [17/380] Aston Villa vs Arsenal (id=26618)
18:12:32 INFO  [England Premier League | 2024-2025]  [18/380] Wolverhampton Wanderers vs Chelsea (id=26619)
18:12:33 INFO  [England Premier League | 2024-2025]  [19/380] Bournemouth vs Newcastle United (id=26620)
18:12:34 INFO  [England Premier League | 2024-2025]  [20/380] Liverpool vs Brentford (id=26621)
18:12:36 INFO  [England Premier League | 2024-2025]  [21/380] Arsenal vs Brighton (id=26622)
18:12:37 INFO  [England Premier League | 2024-2025]  [22/380] Brentford vs Southampton (id=26623)
18:12:38 INFO  [England Premier League | 2024-2025]  [23/380] Everton vs Bournemouth (id=26624)
18:12:39 INFO  [England Premier League | 2024-2025]  [24/380] Ipswich vs Fulham (id=26625)
18:12:41 INFO  [England Premier League | 2024-2025]  [25/380] Leicester vs Aston Villa (id=26626)
18:12:42 INFO  [England Premier League | 2024-2025]  💾 checkpoint flush (25/380 matches) …
18:12:42 INFO  [England Premier League | 2024-2025]  [26/380] Nottingham Forest vs Wolverhampton Wanderers (id=26627)
18:12:43 INFO  [England Premier League | 2024-2025]  [27/380] West Ham vs Manchester City (id=26628)
18:12:44 INFO  [England Premier League | 2024-2025]  [28/380] Newcastle United vs Tottenham (id=26629)
18:12:46 INFO  [England Premier League | 2024-2025]  [29/380] Chelsea vs Crystal Palace (id=26630)
18:12:47 INFO  [England Premier League | 2024-2025]  [30/380] Manchester United vs Liverpool (id=26631)
18:12:49 INFO  [England Premier League | 2024-2025]  [31/380] Southampton vs Manchester United (id=26632)
18:12:50 INFO  [England Premier League | 2024-2025]  [32/380] Brighton vs Ipswich (id=26633)
18:12:51 INFO  [England Premier League | 2024-2025]  [33/380] Fulham vs West Ham (id=26634)
18:12:52 INFO  [England Premier League | 2024-2025]  [34/380] Liverpool vs Nottingham Forest (id=26635)
18:12:54 INFO  [England Premier League | 2024-2025]  [35/380] Crystal Palace vs Leicester (id=26636)
18:12:55 INFO  [England Premier League | 2024-2025]  [36/380] Manchester City vs Brentford (id=26637)
18:12:57 INFO  [England Premier League | 2024-2025]  [37/380] Aston Villa vs Everton (id=26638)
18:12:58 INFO  [England Premier League | 2024-2025]  [38/380] Bournemouth vs Chelsea (id=26639)
18:13:00 INFO  [England Premier League | 2024-2025]  [39/380] Tottenham vs Arsenal (id=26640)
18:13:01 INFO  [England Premier League | 2024-2025]  [40/380] Wolverhampton Wanderers vs Newcastle United (id=26641)
18:13:02 INFO  [England Premier League | 2024-2025]  [41/380] West Ham vs Chelsea (id=26642)
18:13:04 INFO  [England Premier League | 2024-2025]  [42/380] Southampton vs Ipswich (id=26643)
18:13:05 INFO  [England Premier League | 2024-2025]  [43/380] Leicester vs Everton (id=26644)
18:13:07 INFO  [England Premier League | 2024-2025]  [44/380] Liverpool vs Bournemouth (id=26645)
18:13:08 INFO  [England Premier League | 2024-2025]  [45/380] Fulham vs Newcastle United (id=26646)
18:13:10 INFO  [England Premier League | 2024-2025]  [46/380] Aston Villa vs Wolverhampton Wanderers (id=26647)
18:13:11 INFO  [England Premier League | 2024-2025]  [47/380] Tottenham vs Brentford (id=26648)
18:13:13 INFO  [England Premier League | 2024-2025]  [48/380] Crystal Palace vs Manchester United (id=26649)
18:13:14 INFO  [England Premier League | 2024-2025]  [49/380] Brighton vs Nottingham Forest (id=26650)
18:13:16 INFO  [England Premier League | 2024-2025]  [50/380] Manchester City vs Arsenal (id=26651)
18:13:18 INFO  [England Premier League | 2024-2025]  💾 checkpoint flush (50/380 matches) …
18:13:18 INFO  [England Premier League | 2024-2025]  [51/380] Newcastle United vs Manchester City (id=26652)
18:13:19 INFO  [England Premier League | 2024-2025]  [52/380] Nottingham Forest vs Fulham (id=26653)
18:13:20 INFO  [England Premier League | 2024-2025]  [53/380] Everton vs Crystal Palace (id=26654)
18:13:22 INFO  [England Premier League | 2024-2025]  [54/380] Arsenal vs Leicester (id=26655)
18:13:23 INFO  [England Premier League | 2024-2025]  [55/380] Brentford vs West Ham (id=26656)
18:13:25 INFO  [England Premier League | 2024-2025]  [56/380] Chelsea vs Brighton (id=26657)
18:13:26 INFO  [England Premier League | 2024-2025]  [57/380] Wolverhampton Wanderers vs Liverpool (id=26658)
18:13:27 INFO  [England Premier League | 2024-2025]  [58/380] Ipswich vs Aston Villa (id=26659)
18:13:29 INFO  [England Premier League | 2024-2025]  [59/380] Manchester United vs Tottenham (id=26660)
18:13:30 INFO  [England Premier League | 2024-2025]  [60/380] Bournemouth vs Southampton (id=26661)
18:13:32 INFO  [England Premier League | 2024-2025]  [61/380] Crystal Palace vs Liverpool (id=26662)
18:13:33 INFO  [England Premier League | 2024-2025]  [62/380] Leicester vs Bournemouth (id=26663)
18:13:34 INFO  [England Premier League | 2024-2025]  [63/380] Manchester City vs Fulham (id=26664)
18:13:36 INFO  [England Premier League | 2024-2025]  [64/380] West Ham vs Ipswich (id=26665)
18:13:37 INFO  [England Premier League | 2024-2025]  [65/380] Arsenal vs Southampton (id=26666)
18:13:39 INFO  [England Premier League | 2024-2025]  [66/380] Brentford vs Wolverhampton Wanderers (id=26667)
18:13:40 INFO  [England Premier League | 2024-2025]  [67/380] Everton vs Newcastle United (id=26669)
18:13:42 INFO  [England Premier League | 2024-2025]  [68/380] Chelsea vs Nottingham Forest (id=26668)
18:13:43 INFO  [England Premier League | 2024-2025]  [69/380] Aston Villa vs Manchester United (id=26670)
18:13:45 INFO  [England Premier League | 2024-2025]  [70/380] Brighton vs Tottenham (id=26671)
18:13:46 INFO  [England Premier League | 2024-2025]  [71/380] Tottenham vs West Ham (id=26672)
18:13:48 INFO  [England Premier League | 2024-2025]  [72/380] Fulham vs Aston Villa (id=26673)
18:13:49 INFO  [England Premier League | 2024-2025]  [73/380] Ipswich vs Everton (id=26674)
18:13:50 INFO  [England Premier League | 2024-2025]  [74/380] Manchester United vs Brentford (id=26675)
18:13:52 INFO  [England Premier League | 2024-2025]  [75/380] Newcastle United vs Brighton (id=26676)
18:13:53 INFO  [England Premier League | 2024-2025]  💾 checkpoint flush (75/380 matches) …
18:13:53 INFO  [England Premier League | 2024-2025]  [76/380] Southampton vs Leicester (id=26678)
18:13:55 INFO  [England Premier League | 2024-2025]  [77/380] Bournemouth vs Arsenal (id=26680)
18:13:56 INFO  [England Premier League | 2024-2025]  [78/380] Wolverhampton Wanderers vs Manchester City (id=26681)
18:13:57 INFO  [England Premier League | 2024-2025]  [79/380] Liverpool vs Chelsea (id=26679)
18:13:59 INFO  [England Premier League | 2024-2025]  [80/380] Nottingham Forest vs Crystal Palace (id=26677)
18:14:00 INFO  [England Premier League | 2024-2025]  [81/380] Leicester vs Nottingham Forest (id=26682)
18:14:01 INFO  [England Premier League | 2024-2025]  [82/380] Manchester City vs Southampton (id=26683)
18:14:03 INFO  [England Premier League | 2024-2025]  [83/380] Aston Villa vs Bournemouth (id=26684)
18:14:04 INFO  [England Premier League | 2024-2025]  [84/380] Brentford vs Ipswich (id=26685)
18:14:06 INFO  [England Premier League | 2024-2025]  [85/380] Brighton vs Wolverhampton Wanderers (id=26686)
18:14:07 INFO  [England Premier League | 2024-2025]  [86/380] Everton vs Fulham (id=26687)
18:14:08 INFO  [England Premier League | 2024-2025]  [87/380] Chelsea vs Newcastle United (id=26688)
18:14:10 INFO  [England Premier League | 2024-2025]  [88/380] Crystal Palace vs Tottenham (id=26689)
18:14:11 INFO  [England Premier League | 2024-2025]  [89/380] West Ham vs Manchester United (id=26690)
18:14:13 INFO  [England Premier League | 2024-2025]  [90/380] Arsenal vs Liverpool (id=26691)
18:14:14 INFO  [England Premier League | 2024-2025]  [91/380] Newcastle United vs Arsenal (id=26694)
18:14:16 INFO  [England Premier League | 2024-2025]  [92/380] Bournemouth vs Manchester City (id=26692)
18:14:17 INFO  [England Premier League | 2024-2025]  [93/380] Ipswich vs Leicester (id=26695)
18:14:19 INFO  [England Premier League | 2024-2025]  [94/380] Liverpool vs Brighton (id=26696)
18:14:20 INFO  [England Premier League | 2024-2025]  [95/380] Nottingham Forest vs West Ham (id=26698)
18:14:22 INFO  [England Premier League | 2024-2025]  [96/380] Southampton vs Everton (id=26699)
18:14:23 INFO  [England Premier League | 2024-2025]  [97/380] Wolverhampton Wanderers vs Crystal Palace (id=26701)
18:14:24 INFO  [England Premier League | 2024-2025]  [98/380] Tottenham vs Aston Villa (id=26700)
18:14:26 INFO  [England Premier League | 2024-2025]  [99/380] Manchester United vs Chelsea (id=26697)
18:14:27 INFO  [England Premier League | 2024-2025]  [100/380] Fulham vs Brentford (id=26693)
18:14:29 INFO  [England Premier League | 2024-2025]  💾 checkpoint flush (100/380 matches) …
18:14:29 INFO  [England Premier League | 2024-2025]  [101/380] Brentford vs Bournemouth (id=26702)
18:14:30 INFO  [England Premier League | 2024-2025]  [102/380] Crystal Palace vs Fulham (id=26706)
18:14:32 INFO  [England Premier League | 2024-2025]  [103/380] West Ham vs Everton (id=26710)
18:14:33 INFO  [England Premier League | 2024-2025]  [104/380] Wolverhampton Wanderers vs Southampton (id=26711)
18:14:34 INFO  [England Premier League | 2024-2025]  [105/380] Brighton vs Manchester City (id=26703)
18:14:36 INFO  [England Premier League | 2024-2025]  [106/380] Liverpool vs Aston Villa (id=26707)
18:14:37 INFO  [England Premier League | 2024-2025]  [107/380] Nottingham Forest vs Newcastle United (id=26704)
18:14:39 INFO  [England Premier League | 2024-2025]  [108/380] Manchester United vs Leicester (id=26708)
18:14:40 INFO  [England Premier League | 2024-2025]  [109/380] Tottenham vs Ipswich (id=26709)
18:14:42 INFO  [England Premier League | 2024-2025]  [110/380] Chelsea vs Arsenal (id=26705)
18:14:43 INFO  [England Premier League | 2024-2025]  [111/380] Leicester vs Chelsea (id=26719)
18:14:44 INFO  [England Premier League | 2024-2025]  [112/380] Bournemouth vs Brighton (id=26712)
18:14:46 INFO  [England Premier League | 2024-2025]  [113/380] Arsenal vs Nottingham Forest (id=26714)
18:14:47 INFO  [England Premier League | 2024-2025]  [114/380] Everton vs Brentford (id=26715)
18:14:49 INFO  [England Premier League | 2024-2025]  [115/380] Aston Villa vs Crystal Palace (id=26716)
18:14:50 INFO  [England Premier League | 2024-2025]  [116/380] Fulham vs Wolverhampton Wanderers (id=26717)
18:14:52 INFO  [England Premier League | 2024-2025]  [117/380] Manchester City vs Tottenham (id=26720)
18:14:53 INFO  [England Premier League | 2024-2025]  [118/380] Southampton vs Liverpool (id=26721)
18:14:54 INFO  [England Premier League | 2024-2025]  [119/380] Ipswich vs Manchester United (id=26718)
18:14:56 INFO  [England Premier League | 2024-2025]  [120/380] Newcastle United vs West Ham (id=26713)
18:14:57 INFO  [England Premier League | 2024-2025]  [121/380] Brighton vs Southampton (id=26723)
18:14:59 INFO  [England Premier League | 2024-2025]  [122/380] Brentford vs Leicester (id=26722)
18:15:00 INFO  [England Premier League | 2024-2025]  [123/380] Crystal Palace vs Newcastle United (id=26725)
18:15:02 INFO  [England Premier League | 2024-2025]  [124/380] Nottingham Forest vs Ipswich (id=26728)
18:15:03 INFO  [England Premier League | 2024-2025]  [125/380] Wolverhampton Wanderers vs Bournemouth (id=26731)
18:15:05 INFO  [England Premier League | 2024-2025]  💾 checkpoint flush (125/380 matches) …
18:15:05 INFO  [England Premier League | 2024-2025]  [126/380] West Ham vs Arsenal (id=26730)
18:15:06 INFO  [England Premier League | 2024-2025]  [127/380] Chelsea vs Aston Villa (id=26724)
18:15:08 INFO  [England Premier League | 2024-2025]  [128/380] Manchester United vs Everton (id=26727)
18:15:09 INFO  [England Premier League | 2024-2025]  [129/380] Tottenham vs Fulham (id=26729)
18:15:11 INFO  [England Premier League | 2024-2025]  [130/380] Liverpool vs Manchester City (id=26726)
18:15:12 INFO  [England Premier League | 2024-2025]  [131/380] Ipswich vs Crystal Palace (id=26737)
18:15:14 INFO  [England Premier League | 2024-2025]  [132/380] Leicester vs West Ham (id=26738)
18:15:15 INFO  [England Premier League | 2024-2025]  [133/380] Everton vs Wolverhampton Wanderers (id=26735)
18:15:16 INFO  [England Premier League | 2024-2025]  [134/380] Manchester City vs Nottingham Forest (id=26739)
18:15:18 INFO  [England Premier League | 2024-2025]  [135/380] Newcastle United vs Liverpool (id=26740)
18:15:19 INFO  [England Premier League | 2024-2025]  [136/380] Southampton vs Chelsea (id=26741)
18:15:21 INFO  [England Premier League | 2024-2025]  [137/380] Arsenal vs Manchester United (id=26733)
18:15:22 INFO  [England Premier League | 2024-2025]  [138/380] Aston Villa vs Brentford (id=26734)
18:15:24 INFO  [England Premier League | 2024-2025]  [139/380] Fulham vs Brighton (id=26736)
18:15:25 INFO  [England Premier League | 2024-2025]  [140/380] Bournemouth vs Tottenham (id=26732)
18:15:27 INFO  [England Premier League | 2024-2025]  [141/380] Aston Villa vs Southampton (id=26742)
18:15:28 INFO  [England Premier League | 2024-2025]  [142/380] Brentford vs Newcastle United (id=26743)
18:15:30 INFO  [England Premier League | 2024-2025]  [143/380] Crystal Palace vs Manchester City (id=26747)
18:15:31 INFO  [England Premier League | 2024-2025]  [144/380] Manchester United vs Nottingham Forest (id=26744)
18:15:32 INFO  [England Premier League | 2024-2025]  [145/380] Fulham vs Arsenal (id=26749)
18:15:34 INFO  [England Premier League | 2024-2025]  [146/380] Ipswich vs Bournemouth (id=26750)
18:15:35 INFO  [England Premier League | 2024-2025]  [147/380] Leicester vs Brighton (id=26751)
18:15:37 INFO  [England Premier League | 2024-2025]  [148/380] Tottenham vs Chelsea (id=26745)
18:15:38 INFO  [England Premier League | 2024-2025]  [149/380] West Ham vs Wolverhampton Wanderers (id=26746)
18:15:39 INFO  [England Premier League | 2024-2025]  [150/380] Liverpool vs Fulham (id=26752)
18:15:41 INFO  [England Premier League | 2024-2025]  💾 checkpoint flush (150/380 matches) …
18:15:41 INFO  [England Premier League | 2024-2025]  [151/380] Arsenal vs Everton (id=26755)
18:15:43 INFO  [England Premier League | 2024-2025]  [152/380] Wolverhampton Wanderers vs Ipswich (id=26758)
18:15:44 INFO  [England Premier League | 2024-2025]  [153/380] Newcastle United vs Leicester (id=26760)
18:15:45 INFO  [England Premier League | 2024-2025]  [154/380] Nottingham Forest vs Aston Villa (id=26761)
18:15:47 INFO  [England Premier League | 2024-2025]  [155/380] Brighton vs Crystal Palace (id=26756)
18:15:48 INFO  [England Premier League | 2024-2025]  [156/380] Manchester City vs Manchester United (id=26753)
18:15:50 INFO  [England Premier League | 2024-2025]  [157/380] Chelsea vs Brentford (id=26757)
18:15:51 INFO  [England Premier League | 2024-2025]  [158/380] Southampton vs Tottenham (id=26759)
18:15:52 INFO  [England Premier League | 2024-2025]  [159/380] Bournemouth vs West Ham (id=26754)
18:15:54 INFO  [England Premier League | 2024-2025]  [160/380] Aston Villa vs Manchester City (id=26762)
18:15:55 INFO  [England Premier League | 2024-2025]  [161/380] Brentford vs Nottingham Forest (id=26766)
18:15:57 INFO  [England Premier League | 2024-2025]  [162/380] West Ham vs Brighton (id=26767)
18:15:58 INFO  [England Premier League | 2024-2025]  [163/380] Ipswich vs Newcastle United (id=26771)
18:16:00 INFO  [England Premier League | 2024-2025]  [164/380] Crystal Palace vs Arsenal (id=26765)
18:16:01 INFO  [England Premier League | 2024-2025]  [165/380] Fulham vs Southampton (id=26763)
18:16:03 INFO  [England Premier League | 2024-2025]  [166/380] Everton vs Chelsea (id=26764)
18:16:04 INFO  [England Premier League | 2024-2025]  [167/380] Manchester United vs Bournemouth (id=26769)
18:16:06 INFO  [England Premier League | 2024-2025]  [168/380] Leicester vs Wolverhampton Wanderers (id=26770)
18:16:07 INFO  [England Premier League | 2024-2025]  [169/380] Tottenham vs Liverpool (id=26768)
18:16:08 INFO  [England Premier League | 2024-2025]  [170/380] Manchester City vs Everton (id=26777)
18:16:10 INFO  [England Premier League | 2024-2025]  [171/380] Bournemouth vs Crystal Palace (id=26772)
18:16:12 INFO  [England Premier League | 2024-2025]  [172/380] Chelsea vs Fulham (id=26775)
18:16:13 INFO  [England Premier League | 2024-2025]  [173/380] Newcastle United vs Aston Villa (id=26778)
18:16:15 INFO  [England Premier League | 2024-2025]  [174/380] Nottingham Forest vs Tottenham (id=26779)
18:16:16 INFO  [England Premier League | 2024-2025]  [175/380] Southampton vs West Ham (id=26780)
18:16:18 INFO  [England Premier League | 2024-2025]  💾 checkpoint flush (175/380 matches) …
18:16:18 INFO  [England Premier League | 2024-2025]  [176/380] Wolverhampton Wanderers vs Manchester United (id=26781)
18:16:19 INFO  [England Premier League | 2024-2025]  [177/380] Liverpool vs Leicester (id=26776)
18:16:21 INFO  [England Premier League | 2024-2025]  [178/380] Brighton vs Brentford (id=26774)
18:16:22 INFO  [England Premier League | 2024-2025]  [179/380] Arsenal vs Ipswich (id=26773)
18:16:23 INFO  [England Premier League | 2024-2025]  [180/380] Leicester vs Manchester City (id=26788)
18:16:25 INFO  [England Premier League | 2024-2025]  [181/380] Crystal Palace vs Southampton (id=26784)
18:16:26 INFO  [England Premier League | 2024-2025]  [182/380] Everton vs Nottingham Forest (id=26785)
18:16:28 INFO  [England Premier League | 2024-2025]  [183/380] Fulham vs Bournemouth (id=26786)
18:16:29 INFO  [England Premier League | 2024-2025]  [184/380] Tottenham vs Wolverhampton Wanderers (id=26790)
18:16:31 INFO  [England Premier League | 2024-2025]  [185/380] West Ham vs Liverpool (id=26791)
18:16:32 INFO  [England Premier League | 2024-2025]  [186/380] Aston Villa vs Brighton (id=26782)
18:16:34 INFO  [England Premier League | 2024-2025]  [187/380] Ipswich vs Chelsea (id=26787)
18:16:35 INFO  [England Premier League | 2024-2025]  [188/380] Manchester United vs Newcastle United (id=26789)
18:16:37 INFO  [England Premier League | 2024-2025]  [189/380] Brentford vs Arsenal (id=26783)
18:16:38 INFO  [England Premier League | 2024-2025]  [190/380] Tottenham vs Newcastle United (id=26800)
18:16:39 INFO  [England Premier League | 2024-2025]  [191/380] Bournemouth vs Everton (id=26792)
18:16:41 INFO  [England Premier League | 2024-2025]  [192/380] Aston Villa vs Leicester (id=26793)
18:16:42 INFO  [England Premier League | 2024-2025]  [193/380] Crystal Palace vs Chelsea (id=26795)
18:16:44 INFO  [England Premier League | 2024-2025]  [194/380] Manchester City vs West Ham (id=26798)
18:16:45 INFO  [England Premier League | 2024-2025]  [195/380] Southampton vs Brentford (id=26799)
18:16:47 INFO  [England Premier League | 2024-2025]  [196/380] Brighton vs Arsenal (id=26794)
18:16:48 INFO  [England Premier League | 2024-2025]  [197/380] Fulham vs Ipswich (id=26796)
18:16:50 INFO  [England Premier League | 2024-2025]  [198/380] Liverpool vs Manchester United (id=26797)
18:16:51 INFO  [England Premier League | 2024-2025]  [199/380] Wolverhampton Wanderers vs Nottingham Forest (id=26801)
18:16:53 INFO  [England Premier League | 2024-2025]  [200/380] Brentford vs Manchester City (id=26803)
18:16:54 INFO  [England Premier League | 2024-2025]  💾 checkpoint flush (200/380 matches) …
18:16:54 INFO  [England Premier League | 2024-2025]  [201/380] West Ham vs Fulham (id=26808)
18:16:56 INFO  [England Premier League | 2024-2025]  [202/380] Chelsea vs Bournemouth (id=26809)
18:16:58 INFO  [England Premier League | 2024-2025]  [203/380] Nottingham Forest vs Liverpool (id=26807)
18:16:59 INFO  [England Premier League | 2024-2025]  [204/380] Everton vs Aston Villa (id=26804)
18:17:01 INFO  [England Premier League | 2024-2025]  [205/380] Leicester vs Crystal Palace (id=26806)
18:17:02 INFO  [England Premier League | 2024-2025]  [206/380] Newcastle United vs Wolverhampton Wanderers (id=26810)
18:17:04 INFO  [England Premier League | 2024-2025]  [207/380] Arsenal vs Tottenham (id=26802)
18:17:05 INFO  [England Premier League | 2024-2025]  [208/380] Ipswich vs Brighton (id=26805)
18:17:07 INFO  [England Premier League | 2024-2025]  [209/380] Manchester United vs Southampton (id=26811)
18:17:08 INFO  [England Premier League | 2024-2025]  [210/380] Newcastle United vs Bournemouth (id=26819)
18:17:09 INFO  [England Premier League | 2024-2025]  [211/380] Brentford vs Liverpool (id=26813)
18:17:11 INFO  [England Premier League | 2024-2025]  [212/380] Leicester vs Fulham (id=26817)
18:17:12 INFO  [England Premier League | 2024-2025]  [213/380] West Ham vs Crystal Palace (id=26821)
18:17:14 INFO  [England Premier League | 2024-2025]  [214/380] Arsenal vs Aston Villa (id=26812)
18:17:15 INFO  [England Premier League | 2024-2025]  [215/380] Everton vs Tottenham (id=26815)
18:17:17 INFO  [England Premier League | 2024-2025]  [216/380] Manchester United vs Brighton (id=26818)
18:17:18 INFO  [England Premier League | 2024-2025]  [217/380] Nottingham Forest vs Southampton (id=26820)
18:17:19 INFO  [England Premier League | 2024-2025]  [218/380] Ipswich vs Manchester City (id=26816)
18:17:21 INFO  [England Premier League | 2024-2025]  [219/380] Chelsea vs Wolverhampton Wanderers (id=26814)
18:17:22 INFO  [England Premier League | 2024-2025]  [220/380] Bournemouth vs Nottingham Forest (id=26822)
18:17:24 INFO  [England Premier League | 2024-2025]  [221/380] Brighton vs Everton (id=26824)
18:17:25 INFO  [England Premier League | 2024-2025]  [222/380] Liverpool vs Ipswich (id=26827)
18:17:27 INFO  [England Premier League | 2024-2025]  [223/380] Southampton vs Newcastle United (id=26829)
18:17:28 INFO  [England Premier League | 2024-2025]  [224/380] Wolverhampton Wanderers vs Arsenal (id=26831)
18:17:29 INFO  [England Premier League | 2024-2025]  [225/380] Manchester City vs Chelsea (id=26828)
18:17:31 INFO  [England Premier League | 2024-2025]  💾 checkpoint flush (225/380 matches) …
18:17:31 INFO  [England Premier League | 2024-2025]  [226/380] Crystal Palace vs Brentford (id=26825)
18:17:32 INFO  [England Premier League | 2024-2025]  [227/380] Tottenham vs Leicester (id=26830)
18:17:34 INFO  [England Premier League | 2024-2025]  [228/380] Aston Villa vs West Ham (id=26823)
18:17:35 INFO  [England Premier League | 2024-2025]  [229/380] Fulham vs Manchester United (id=26826)
18:17:37 INFO  [England Premier League | 2024-2025]  [230/380] Nottingham Forest vs Brighton (id=26840)
18:17:38 INFO  [England Premier League | 2024-2025]  [231/380] Bournemouth vs Liverpool (id=26832)
18:17:40 INFO  [England Premier League | 2024-2025]  [232/380] Everton vs Leicester (id=26836)
18:17:41 INFO  [England Premier League | 2024-2025]  [233/380] Ipswich vs Southampton (id=26837)
18:17:42 INFO  [England Premier League | 2024-2025]  [234/380] Newcastle United vs Fulham (id=26839)
18:17:44 INFO  [England Premier League | 2024-2025]  [235/380] Wolverhampton Wanderers vs Aston Villa (id=26841)
18:17:45 INFO  [England Premier League | 2024-2025]  [236/380] Brentford vs Tottenham (id=26834)
18:17:47 INFO  [England Premier League | 2024-2025]  [237/380] Manchester United vs Crystal Palace (id=26838)
18:17:48 INFO  [England Premier League | 2024-2025]  [238/380] Arsenal vs Manchester City (id=26833)
18:17:49 INFO  [England Premier League | 2024-2025]  [239/380] Chelsea vs West Ham (id=26835)
18:17:51 INFO  [England Premier League | 2024-2025]  [240/380] Everton vs Liverpool (id=26748)
18:17:52 INFO  [England Premier League | 2024-2025]  [241/380] Brighton vs Chelsea (id=26843)
18:17:54 INFO  [England Premier League | 2024-2025]  [242/380] Leicester vs Arsenal (id=26846)
18:17:55 INFO  [England Premier League | 2024-2025]  [243/380] Aston Villa vs Ipswich (id=26842)
18:17:57 INFO  [England Premier League | 2024-2025]  [244/380] Fulham vs Nottingham Forest (id=26845)
18:17:58 INFO  [England Premier League | 2024-2025]  [245/380] Manchester City vs Newcastle United (id=26848)
18:17:59 INFO  [England Premier League | 2024-2025]  [246/380] Southampton vs Bournemouth (id=26849)
18:18:01 INFO  [England Premier League | 2024-2025]  [247/380] West Ham vs Brentford (id=26851)
18:18:02 INFO  [England Premier League | 2024-2025]  [248/380] Crystal Palace vs Everton (id=26844)
18:18:04 INFO  [England Premier League | 2024-2025]  [249/380] Liverpool vs Wolverhampton Wanderers (id=26847)
18:18:05 INFO  [England Premier League | 2024-2025]  [250/380] Tottenham vs Manchester United (id=26850)
18:18:07 INFO  [England Premier League | 2024-2025]  💾 checkpoint flush (250/380 matches) …
18:18:07 INFO  [England Premier League | 2024-2025]  [251/380] Aston Villa vs Liverpool (id=26884)
18:18:08 INFO  [England Premier League | 2024-2025]  [252/380] Leicester vs Brentford (id=26858)
18:18:09 INFO  [England Premier League | 2024-2025]  [253/380] Everton vs Manchester United (id=26855)
18:18:11 INFO  [England Premier League | 2024-2025]  [254/380] Bournemouth vs Wolverhampton Wanderers (id=26852)
18:18:12 INFO  [England Premier League | 2024-2025]  [255/380] Arsenal vs West Ham (id=26853)
18:18:14 INFO  [England Premier League | 2024-2025]  [256/380] Fulham vs Crystal Palace (id=26856)
18:18:16 INFO  [England Premier League | 2024-2025]  [257/380] Ipswich vs Tottenham (id=26857)
18:18:17 INFO  [England Premier League | 2024-2025]  [258/380] Southampton vs Brighton (id=26861)
18:18:18 INFO  [England Premier League | 2024-2025]  [259/380] Aston Villa vs Chelsea (id=26854)
18:18:19 INFO  [England Premier League | 2024-2025]  [260/380] Newcastle United vs Nottingham Forest (id=26860)
18:18:21 INFO  [England Premier League | 2024-2025]  [261/380] Manchester City vs Liverpool (id=26859)
18:18:22 INFO  [England Premier League | 2024-2025]  [262/380] Brighton vs Bournemouth (id=26863)
18:18:24 INFO  [England Premier League | 2024-2025]  [263/380] Wolverhampton Wanderers vs Fulham (id=26867)
18:18:25 INFO  [England Premier League | 2024-2025]  [264/380] Crystal Palace vs Aston Villa (id=26868)
18:18:26 INFO  [England Premier League | 2024-2025]  [265/380] Chelsea vs Southampton (id=26869)
18:18:28 INFO  [England Premier League | 2024-2025]  [266/380] Brentford vs Everton (id=26862)
18:18:29 INFO  [England Premier League | 2024-2025]  [267/380] Nottingham Forest vs Arsenal (id=26864)
18:18:30 INFO  [England Premier League | 2024-2025]  [268/380] Tottenham vs Manchester City (id=26865)
18:18:32 INFO  [England Premier League | 2024-2025]  [269/380] Manchester United vs Ipswich (id=26871)
18:18:33 INFO  [England Premier League | 2024-2025]  [270/380] Liverpool vs Newcastle United (id=26870)
18:18:35 INFO  [England Premier League | 2024-2025]  [271/380] West Ham vs Leicester (id=26866)
18:18:36 INFO  [England Premier League | 2024-2025]  [272/380] Nottingham Forest vs Manchester City (id=26878)
18:18:37 INFO  [England Premier League | 2024-2025]  [273/380] Brighton vs Fulham (id=26873)
18:18:39 INFO  [England Premier League | 2024-2025]  [274/380] Crystal Palace vs Ipswich (id=26875)
18:18:40 INFO  [England Premier League | 2024-2025]  [275/380] Liverpool vs Southampton (id=26876)
18:18:42 INFO  [England Premier League | 2024-2025]  💾 checkpoint flush (275/380 matches) …
18:18:42 INFO  [England Premier League | 2024-2025]  [276/380] Brentford vs Aston Villa (id=26872)
18:18:43 INFO  [England Premier League | 2024-2025]  [277/380] Wolverhampton Wanderers vs Everton (id=26881)
18:18:45 INFO  [England Premier League | 2024-2025]  [278/380] Chelsea vs Leicester (id=26874)
18:18:46 INFO  [England Premier League | 2024-2025]  [279/380] Tottenham vs Bournemouth (id=26879)
18:18:48 INFO  [England Premier League | 2024-2025]  [280/380] Manchester United vs Arsenal (id=26877)
18:18:49 INFO  [England Premier League | 2024-2025]  [281/380] West Ham vs Newcastle United (id=26880)
18:18:50 INFO  [England Premier League | 2024-2025]  [282/380] Everton vs West Ham (id=26885)
18:18:52 INFO  [England Premier League | 2024-2025]  [283/380] Ipswich vs Nottingham Forest (id=26887)
18:18:53 INFO  [England Premier League | 2024-2025]  [284/380] Manchester City vs Brighton (id=26889)
18:18:55 INFO  [England Premier League | 2024-2025]  [285/380] Southampton vs Wolverhampton Wanderers (id=26891)
18:18:56 INFO  [England Premier League | 2024-2025]  [286/380] Bournemouth vs Brentford (id=26882)
18:18:58 INFO  [England Premier League | 2024-2025]  [287/380] Arsenal vs Chelsea (id=26883)
18:18:59 INFO  [England Premier League | 2024-2025]  [288/380] Fulham vs Tottenham (id=26886)
18:19:01 INFO  [England Premier League | 2024-2025]  [289/380] Leicester vs Manchester United (id=26888)
18:19:02 INFO  [England Premier League | 2024-2025]  [290/380] Arsenal vs Fulham (id=26892)
18:19:03 INFO  [England Premier League | 2024-2025]  [291/380] Wolverhampton Wanderers vs West Ham (id=26895)
18:19:05 INFO  [England Premier League | 2024-2025]  [292/380] Nottingham Forest vs Manchester United (id=26894)
18:19:06 INFO  [England Premier League | 2024-2025]  [293/380] Brighton vs Aston Villa (id=26893)
18:19:08 INFO  [England Premier League | 2024-2025]  [294/380] Bournemouth vs Ipswich (id=26896)
18:19:09 INFO  [England Premier League | 2024-2025]  [295/380] Manchester City vs Leicester (id=26898)
18:19:11 INFO  [England Premier League | 2024-2025]  [296/380] Newcastle United vs Brentford (id=26899)
18:19:12 INFO  [England Premier League | 2024-2025]  [297/380] Southampton vs Crystal Palace (id=26900)
18:19:14 INFO  [England Premier League | 2024-2025]  [298/380] Liverpool vs Everton (id=26901)
18:19:15 INFO  [England Premier League | 2024-2025]  [299/380] Chelsea vs Tottenham (id=26897)
18:19:16 INFO  [England Premier League | 2024-2025]  [300/380] Everton vs Arsenal (id=26905)
18:19:18 INFO  [England Premier League | 2024-2025]  💾 checkpoint flush (300/380 matches) …
18:19:18 INFO  [England Premier League | 2024-2025]  [301/380] Crystal Palace vs Brighton (id=26904)
18:19:19 INFO  [England Premier League | 2024-2025]  [302/380] Ipswich vs Wolverhampton Wanderers (id=26907)
18:19:21 INFO  [England Premier League | 2024-2025]  [303/380] West Ham vs Bournemouth (id=26911)
18:19:22 INFO  [England Premier League | 2024-2025]  [304/380] Aston Villa vs Nottingham Forest (id=26902)
18:19:24 INFO  [England Premier League | 2024-2025]  [305/380] Brentford vs Chelsea (id=26903)
18:19:25 INFO  [England Premier League | 2024-2025]  [306/380] Fulham vs Liverpool (id=26906)
18:19:27 INFO  [England Premier League | 2024-2025]  [307/380] Tottenham vs Southampton (id=26910)
18:19:28 INFO  [England Premier League | 2024-2025]  [308/380] Manchester United vs Manchester City (id=26909)
18:19:30 INFO  [England Premier League | 2024-2025]  [309/380] Leicester vs Newcastle United (id=26908)
18:19:31 INFO  [England Premier League | 2024-2025]  [310/380] Manchester City vs Crystal Palace (id=26917)
18:19:33 INFO  [England Premier League | 2024-2025]  [311/380] Brighton vs Leicester (id=26914)
18:19:34 INFO  [England Premier League | 2024-2025]  [312/380] Nottingham Forest vs Everton (id=26920)
18:19:35 INFO  [England Premier League | 2024-2025]  [313/380] Southampton vs Aston Villa (id=26921)
18:19:37 INFO  [England Premier League | 2024-2025]  [314/380] Arsenal vs Brentford (id=26913)
18:19:38 INFO  [England Premier League | 2024-2025]  [315/380] Chelsea vs Ipswich (id=26915)
18:19:40 INFO  [England Premier League | 2024-2025]  [316/380] Liverpool vs West Ham (id=26916)
18:19:41 INFO  [England Premier League | 2024-2025]  [317/380] Wolverhampton Wanderers vs Tottenham (id=26919)
18:19:42 INFO  [England Premier League | 2024-2025]  [318/380] Newcastle United vs Manchester United (id=26918)
18:19:44 INFO  [England Premier League | 2024-2025]  [319/380] Bournemouth vs Fulham (id=26912)
18:19:45 INFO  [England Premier League | 2024-2025]  [320/380] Newcastle United vs Crystal Palace (id=26890)
18:19:47 INFO  [England Premier League | 2024-2025]  [321/380] Brentford vs Brighton (id=26923)
18:19:48 INFO  [England Premier League | 2024-2025]  [322/380] Crystal Palace vs Bournemouth (id=26924)
18:19:50 INFO  [England Premier League | 2024-2025]  [323/380] Everton vs Manchester City (id=26925)
18:19:51 INFO  [England Premier League | 2024-2025]  [324/380] West Ham vs Southampton (id=26931)
18:19:52 INFO  [England Premier League | 2024-2025]  [325/380] Aston Villa vs Newcastle United (id=26922)
18:19:54 INFO  [England Premier League | 2024-2025]  💾 checkpoint flush (325/380 matches) …
18:19:54 INFO  [England Premier League | 2024-2025]  [326/380] Fulham vs Chelsea (id=26926)
18:19:55 INFO  [England Premier League | 2024-2025]  [327/380] Ipswich vs Arsenal (id=26927)
18:19:56 INFO  [England Premier League | 2024-2025]  [328/380] Manchester United vs Wolverhampton Wanderers (id=26929)
18:19:58 INFO  [England Premier League | 2024-2025]  [329/380] Leicester vs Liverpool (id=26928)
18:19:59 INFO  [England Premier League | 2024-2025]  [330/380] Tottenham vs Nottingham Forest (id=26930)
18:20:01 INFO  [England Premier League | 2024-2025]  [331/380] Manchester City vs Aston Villa (id=26937)
18:20:02 INFO  [England Premier League | 2024-2025]  [332/380] Arsenal vs Crystal Palace (id=26933)
18:20:04 INFO  [England Premier League | 2024-2025]  [333/380] Chelsea vs Everton (id=26935)
18:20:05 INFO  [England Premier League | 2024-2025]  [334/380] Brighton vs West Ham (id=26934)
18:20:06 INFO  [England Premier League | 2024-2025]  [335/380] Newcastle United vs Ipswich (id=26938)
18:20:08 INFO  [England Premier League | 2024-2025]  [336/380] Southampton vs Fulham (id=26940)
18:20:09 INFO  [England Premier League | 2024-2025]  [337/380] Wolverhampton Wanderers vs Leicester (id=26941)
18:20:11 INFO  [England Premier League | 2024-2025]  [338/380] Bournemouth vs Manchester United (id=26932)
18:20:12 INFO  [England Premier League | 2024-2025]  [339/380] Liverpool vs Tottenham (id=26936)
18:20:13 INFO  [England Premier League | 2024-2025]  [340/380] Nottingham Forest vs Brentford (id=26939)
18:20:15 INFO  [England Premier League | 2024-2025]  [341/380] Manchester City vs Wolverhampton Wanderers (id=26942)
18:20:16 INFO  [England Premier League | 2024-2025]  [342/380] Aston Villa vs Fulham (id=26946)
18:20:19 INFO  [England Premier League | 2024-2025]  [343/380] Everton vs Ipswich (id=26950)
18:20:20 INFO  [England Premier League | 2024-2025]  [344/380] Leicester vs Southampton (id=26951)
18:20:22 INFO  [England Premier League | 2024-2025]  [345/380] Arsenal vs Bournemouth (id=26945)
18:20:23 INFO  [England Premier League | 2024-2025]  [346/380] West Ham vs Tottenham (id=26943)
18:20:25 INFO  [England Premier League | 2024-2025]  [347/380] Brighton vs Newcastle United (id=26944)
18:20:26 INFO  [England Premier League | 2024-2025]  [348/380] Brentford vs Manchester United (id=26947)
18:20:27 INFO  [England Premier League | 2024-2025]  [349/380] Chelsea vs Liverpool (id=26948)
18:20:29 INFO  [England Premier League | 2024-2025]  [350/380] Crystal Palace vs Nottingham Forest (id=26949)
18:20:30 INFO  [England Premier League | 2024-2025]  💾 checkpoint flush (350/380 matches) …
18:20:30 INFO  [England Premier League | 2024-2025]  [351/380] Fulham vs Everton (id=26953)
18:20:32 INFO  [England Premier League | 2024-2025]  [352/380] Ipswich vs Brentford (id=26954)
18:20:33 INFO  [England Premier League | 2024-2025]  [353/380] Southampton vs Manchester City (id=26959)
18:20:35 INFO  [England Premier League | 2024-2025]  [354/380] Wolverhampton Wanderers vs Brighton (id=26961)
18:20:36 INFO  [England Premier League | 2024-2025]  [355/380] Bournemouth vs Aston Villa (id=26955)
18:20:38 INFO  [England Premier League | 2024-2025]  [356/380] Newcastle United vs Chelsea (id=26957)
18:20:39 INFO  [England Premier League | 2024-2025]  [357/380] Manchester United vs West Ham (id=26956)
18:20:40 INFO  [England Premier League | 2024-2025]  [358/380] Nottingham Forest vs Leicester (id=26958)
18:20:42 INFO  [England Premier League | 2024-2025]  [359/380] Tottenham vs Crystal Palace (id=26960)
18:20:43 INFO  [England Premier League | 2024-2025]  [360/380] Liverpool vs Arsenal (id=26952)
18:20:45 INFO  [England Premier League | 2024-2025]  [361/380] Aston Villa vs Tottenham (id=26963)
18:20:46 INFO  [England Premier League | 2024-2025]  [362/380] Chelsea vs Manchester United (id=26966)
18:20:48 INFO  [England Premier League | 2024-2025]  [363/380] Everton vs Southampton (id=26968)
18:20:49 INFO  [England Premier League | 2024-2025]  [364/380] West Ham vs Nottingham Forest (id=26971)
18:20:50 INFO  [England Premier League | 2024-2025]  [365/380] Brentford vs Fulham (id=26964)
18:20:52 INFO  [England Premier League | 2024-2025]  [366/380] Leicester vs Ipswich (id=26969)
18:20:53 INFO  [England Premier League | 2024-2025]  [367/380] Arsenal vs Newcastle United (id=26962)
18:20:55 INFO  [England Premier League | 2024-2025]  [368/380] Brighton vs Liverpool (id=26965)
18:20:56 INFO  [England Premier League | 2024-2025]  [369/380] Crystal Palace vs Wolverhampton Wanderers (id=26967)
18:20:58 INFO  [England Premier League | 2024-2025]  [370/380] Manchester City vs Bournemouth (id=26970)
18:20:59 INFO  [England Premier League | 2024-2025]  [371/380] Nottingham Forest vs Chelsea (id=26972)
18:21:00 INFO  [England Premier League | 2024-2025]  [372/380] Newcastle United vs Everton (id=26973)
18:21:02 INFO  [England Premier League | 2024-2025]  [373/380] Manchester United vs Aston Villa (id=26974)
18:21:03 INFO  [England Premier League | 2024-2025]  [374/380] Liverpool vs Crystal Palace (id=26975)
18:21:05 INFO  [England Premier League | 2024-2025]  [375/380] Tottenham vs Brighton (id=26976)
18:21:06 INFO  [England Premier League | 2024-2025]  💾 checkpoint flush (375/380 matches) …
18:21:06 INFO  [England Premier League | 2024-2025]  [376/380] Southampton vs Arsenal (id=26977)
18:21:08 INFO  [England Premier League | 2024-2025]  [377/380] Wolverhampton Wanderers vs Brentford (id=26978)
18:21:09 INFO  [England Premier League | 2024-2025]  [378/380] Bournemouth vs Leicester (id=26979)
18:21:11 INFO  [England Premier League | 2024-2025]  [379/380] Ipswich vs West Ham (id=26980)
18:21:12 INFO  [England Premier League | 2024-2025]  [380/380] Fulham vs Manchester City (id=26981)
18:21:14 INFO    💾 9878 rows → understat_match_shots__England_Premier_League__2024_2025.parquet
18:21:14 INFO    💾 11567 rows → understat_rosters__England_Premier_League__2024_2025.parquet
18:21:14 INFO    💾 380 rows → understat_match_info__England_Premier_League__2024_2025.parquet
18:21:14 INFO  [England Premier League | 2024-2025]  ✅ saved: shots=9878 roster_rows=11567 info_matches=380
18:21:14 INFO  [England Premier League | 2023-2024]  📡 Understat matches — fetching match list
18:21:16 INFO  [England Premier League | 2023-2024]  ✅ 380 completed on Understat, 380 remaining to fetch
18:21:16 INFO  [England Premier League | 2023-2024]  [1/380] Burnley vs Manchester City (id=22275)
18:21:17 INFO  [England Premier League | 2023-2024]  💾 checkpoint flush (1/380 matches) …
18:21:17 INFO  [England Premier League | 2023-2024]  [2/380] Arsenal vs Nottingham Forest (id=22276)
18:21:19 INFO  [England Premier League | 2023-2024]  [3/380] Bournemouth vs West Ham (id=22277)
18:21:20 INFO  [England Premier League | 2023-2024]  [4/380] Brighton vs Luton (id=22278)
18:21:21 INFO  [England Premier League | 2023-2024]  [5/380] Everton vs Fulham (id=22279)
18:21:23 INFO  [England Premier League | 2023-2024]  [6/380] Sheffield United vs Crystal Palace (id=22280)
18:21:24 INFO  [England Premier League | 2023-2024]  [7/380] Newcastle United vs Aston Villa (id=22281)
18:21:26 INFO  [England Premier League | 2023-2024]  [8/380] Brentford vs Tottenham (id=22282)
18:21:27 INFO  [England Premier League | 2023-2024]  [9/380] Chelsea vs Liverpool (id=22283)
18:21:29 INFO  [England Premier League | 2023-2024]  [10/380] Manchester United vs Wolverhampton Wanderers (id=22284)
18:21:30 INFO  [England Premier League | 2023-2024]  [11/380] Nottingham Forest vs Sheffield United (id=22285)
18:21:32 INFO  [England Premier League | 2023-2024]  [12/380] Wolverhampton Wanderers vs Brighton (id=22286)
18:21:33 INFO  [England Premier League | 2023-2024]  [13/380] Fulham vs Brentford (id=22287)
18:21:34 INFO  [England Premier League | 2023-2024]  [14/380] Liverpool vs Bournemouth (id=22288)
18:21:36 INFO  [England Premier League | 2023-2024]  [15/380] Tottenham vs Manchester United (id=22290)
18:21:37 INFO  [England Premier League | 2023-2024]  [16/380] Manchester City vs Newcastle United (id=22291)
18:21:39 INFO  [England Premier League | 2023-2024]  [17/380] Aston Villa vs Everton (id=22292)
18:21:40 INFO  [England Premier League | 2023-2024]  [18/380] West Ham vs Chelsea (id=22293)
18:21:42 INFO  [England Premier League | 2023-2024]  [19/380] Crystal Palace vs Arsenal (id=22294)
18:21:43 INFO  [England Premier League | 2023-2024]  [20/380] Chelsea vs Luton (id=22295)
18:21:45 INFO  [England Premier League | 2023-2024]  [21/380] Bournemouth vs Tottenham (id=22296)
18:21:46 INFO  [England Premier League | 2023-2024]  [22/380] Arsenal vs Fulham (id=22297)
18:21:48 INFO  [England Premier League | 2023-2024]  [23/380] Brentford vs Crystal Palace (id=22298)
18:21:49 INFO  [England Premier League | 2023-2024]  [24/380] Everton vs Wolverhampton Wanderers (id=22299)
18:21:50 INFO  [England Premier League | 2023-2024]  [25/380] Manchester United vs Nottingham Forest (id=22300)
18:21:52 INFO  [England Premier League | 2023-2024]  💾 checkpoint flush (25/380 matches) …
18:21:52 INFO  [England Premier League | 2023-2024]  [26/380] Brighton vs West Ham (id=22301)
18:21:53 INFO  [England Premier League | 2023-2024]  [27/380] Burnley vs Aston Villa (id=22302)
18:21:55 INFO  [England Premier League | 2023-2024]  [28/380] Sheffield United vs Manchester City (id=22303)
18:21:56 INFO  [England Premier League | 2023-2024]  [29/380] Newcastle United vs Liverpool (id=22304)
18:21:58 INFO  [England Premier League | 2023-2024]  [30/380] Luton vs West Ham (id=21925)
18:21:59 INFO  [England Premier League | 2023-2024]  [31/380] Sheffield United vs Everton (id=21926)
18:22:00 INFO  [England Premier League | 2023-2024]  [32/380] Manchester City vs Fulham (id=21927)
18:22:02 INFO  [England Premier League | 2023-2024]  [33/380] Brentford vs Bournemouth (id=21928)
18:22:03 INFO  [England Premier League | 2023-2024]  [34/380] Burnley vs Tottenham (id=21929)
18:22:05 INFO  [England Premier League | 2023-2024]  [35/380] Chelsea vs Nottingham Forest (id=21930)
18:22:06 INFO  [England Premier League | 2023-2024]  [36/380] Brighton vs Newcastle United (id=21931)
18:22:08 INFO  [England Premier League | 2023-2024]  [37/380] Crystal Palace vs Wolverhampton Wanderers (id=21932)
18:22:09 INFO  [England Premier League | 2023-2024]  [38/380] Liverpool vs Aston Villa (id=21933)
18:22:10 INFO  [England Premier League | 2023-2024]  [39/380] Arsenal vs Manchester United (id=21934)
18:22:12 INFO  [England Premier League | 2023-2024]  [40/380] Wolverhampton Wanderers vs Liverpool (id=21935)
18:22:13 INFO  [England Premier League | 2023-2024]  [41/380] Tottenham vs Sheffield United (id=21936)
18:22:15 INFO  [England Premier League | 2023-2024]  [42/380] West Ham vs Manchester City (id=21937)
18:22:16 INFO  [England Premier League | 2023-2024]  [43/380] Aston Villa vs Crystal Palace (id=21938)
18:22:18 INFO  [England Premier League | 2023-2024]  [44/380] Fulham vs Luton (id=21939)
18:22:19 INFO  [England Premier League | 2023-2024]  [45/380] Manchester United vs Brighton (id=21940)
18:22:20 INFO  [England Premier League | 2023-2024]  [46/380] Newcastle United vs Brentford (id=21943)
18:22:22 INFO  [England Premier League | 2023-2024]  [47/380] Bournemouth vs Chelsea (id=21942)
18:22:23 INFO  [England Premier League | 2023-2024]  [48/380] Everton vs Arsenal (id=21941)
18:22:25 INFO  [England Premier League | 2023-2024]  [49/380] Nottingham Forest vs Burnley (id=21944)
18:22:26 INFO  [England Premier League | 2023-2024]  [50/380] Luton vs Wolverhampton Wanderers (id=21945)
18:22:27 INFO  [England Premier League | 2023-2024]  💾 checkpoint flush (50/380 matches) …
18:22:27 INFO  [England Premier League | 2023-2024]  [51/380] Manchester City vs Nottingham Forest (id=21946)
18:22:29 INFO  [England Premier League | 2023-2024]  [52/380] Crystal Palace vs Fulham (id=21948)
18:22:30 INFO  [England Premier League | 2023-2024]  [53/380] Brentford vs Everton (id=21949)
18:22:31 INFO  [England Premier League | 2023-2024]  [54/380] Burnley vs Manchester United (id=21950)
18:22:33 INFO  [England Premier League | 2023-2024]  [55/380] Chelsea vs Aston Villa (id=21947)
18:22:34 INFO  [England Premier League | 2023-2024]  [56/380] Brighton vs Bournemouth (id=21951)
18:22:36 INFO  [England Premier League | 2023-2024]  [57/380] Arsenal vs Tottenham (id=21952)
18:22:37 INFO  [England Premier League | 2023-2024]  [58/380] Liverpool vs West Ham (id=21953)
18:22:39 INFO  [England Premier League | 2023-2024]  [59/380] Sheffield United vs Newcastle United (id=21954)
18:22:40 INFO  [England Premier League | 2023-2024]  [60/380] Aston Villa vs Brighton (id=21955)
18:22:42 INFO  [England Premier League | 2023-2024]  [61/380] Everton vs Luton (id=21956)
18:22:43 INFO  [England Premier League | 2023-2024]  [62/380] Manchester United vs Crystal Palace (id=21957)
18:22:45 INFO  [England Premier League | 2023-2024]  [63/380] Newcastle United vs Burnley (id=21958)
18:22:46 INFO  [England Premier League | 2023-2024]  [64/380] Bournemouth vs Arsenal (id=21959)
18:22:48 INFO  [England Premier League | 2023-2024]  [65/380] West Ham vs Sheffield United (id=21960)
18:22:49 INFO  [England Premier League | 2023-2024]  [66/380] Wolverhampton Wanderers vs Manchester City (id=21961)
18:22:50 INFO  [England Premier League | 2023-2024]  [67/380] Tottenham vs Liverpool (id=21962)
18:22:52 INFO  [England Premier League | 2023-2024]  [68/380] Nottingham Forest vs Brentford (id=21963)
18:22:53 INFO  [England Premier League | 2023-2024]  [69/380] Fulham vs Chelsea (id=21964)
18:22:55 INFO  [England Premier League | 2023-2024]  [70/380] Luton vs Burnley (id=22289)
18:22:56 INFO  [England Premier League | 2023-2024]  [71/380] Luton vs Tottenham (id=21971)
18:22:58 INFO  [England Premier League | 2023-2024]  [72/380] Burnley vs Chelsea (id=21967)
18:22:59 INFO  [England Premier League | 2023-2024]  [73/380] Everton vs Bournemouth (id=21969)
18:23:00 INFO  [England Premier League | 2023-2024]  [74/380] Fulham vs Sheffield United (id=21970)
18:23:02 INFO  [England Premier League | 2023-2024]  [75/380] Manchester United vs Brentford (id=21972)
18:23:03 INFO  [England Premier League | 2023-2024]  💾 checkpoint flush (75/380 matches) …
18:23:03 INFO  [England Premier League | 2023-2024]  [76/380] Crystal Palace vs Nottingham Forest (id=21968)
18:23:05 INFO  [England Premier League | 2023-2024]  [77/380] Brighton vs Liverpool (id=21966)
18:23:06 INFO  [England Premier League | 2023-2024]  [78/380] West Ham vs Newcastle United (id=21973)
18:23:08 INFO  [England Premier League | 2023-2024]  [79/380] Wolverhampton Wanderers vs Aston Villa (id=21974)
18:23:09 INFO  [England Premier League | 2023-2024]  [80/380] Arsenal vs Manchester City (id=21965)
18:23:11 INFO  [England Premier League | 2023-2024]  [81/380] Liverpool vs Everton (id=21979)
18:23:12 INFO  [England Premier League | 2023-2024]  [82/380] Bournemouth vs Wolverhampton Wanderers (id=21975)
18:23:13 INFO  [England Premier League | 2023-2024]  [83/380] Brentford vs Burnley (id=21977)
18:23:15 INFO  [England Premier League | 2023-2024]  [84/380] Manchester City vs Brighton (id=21980)
18:23:16 INFO  [England Premier League | 2023-2024]  [85/380] Newcastle United vs Crystal Palace (id=21981)
18:23:17 INFO  [England Premier League | 2023-2024]  [86/380] Nottingham Forest vs Luton (id=21982)
18:23:18 INFO  [England Premier League | 2023-2024]  [87/380] Chelsea vs Arsenal (id=21978)
18:23:20 INFO  [England Premier League | 2023-2024]  [88/380] Sheffield United vs Manchester United (id=21983)
18:23:21 INFO  [England Premier League | 2023-2024]  [89/380] Aston Villa vs West Ham (id=21976)
18:23:24 INFO  [England Premier League | 2023-2024]  [90/380] Tottenham vs Fulham (id=21984)
18:23:25 INFO  [England Premier League | 2023-2024]  [91/380] Crystal Palace vs Tottenham (id=21990)
18:23:26 INFO  [England Premier League | 2023-2024]  [92/380] Chelsea vs Brentford (id=21989)
18:23:27 INFO  [England Premier League | 2023-2024]  [93/380] Bournemouth vs Burnley (id=21985)
18:23:29 INFO  [England Premier League | 2023-2024]  [94/380] Arsenal vs Sheffield United (id=21986)
18:23:30 INFO  [England Premier League | 2023-2024]  [95/380] Wolverhampton Wanderers vs Newcastle United (id=21994)
18:23:31 INFO  [England Premier League | 2023-2024]  [96/380] West Ham vs Everton (id=21993)
18:23:33 INFO  [England Premier League | 2023-2024]  [97/380] Aston Villa vs Luton (id=21987)
18:23:34 INFO  [England Premier League | 2023-2024]  [98/380] Brighton vs Fulham (id=21988)
18:23:36 INFO  [England Premier League | 2023-2024]  [99/380] Liverpool vs Nottingham Forest (id=21991)
18:23:37 INFO  [England Premier League | 2023-2024]  [100/380] Manchester United vs Manchester City (id=21992)
18:23:39 INFO  [England Premier League | 2023-2024]  💾 checkpoint flush (100/380 matches) …
18:23:39 INFO  [England Premier League | 2023-2024]  [101/380] Fulham vs Manchester United (id=21998)
18:23:40 INFO  [England Premier League | 2023-2024]  [102/380] Brentford vs West Ham (id=21995)
18:23:41 INFO  [England Premier League | 2023-2024]  [103/380] Burnley vs Crystal Palace (id=21996)
18:23:43 INFO  [England Premier League | 2023-2024]  [104/380] Everton vs Brighton (id=21997)
18:23:44 INFO  [England Premier League | 2023-2024]  [105/380] Manchester City vs Bournemouth (id=22000)
18:23:46 INFO  [England Premier League | 2023-2024]  [106/380] Sheffield United vs Wolverhampton Wanderers (id=22003)
18:23:47 INFO  [England Premier League | 2023-2024]  [107/380] Newcastle United vs Arsenal (id=22001)
18:23:49 INFO  [England Premier League | 2023-2024]  [108/380] Nottingham Forest vs Aston Villa (id=22002)
18:23:50 INFO  [England Premier League | 2023-2024]  [109/380] Luton vs Liverpool (id=21999)
18:23:51 INFO  [England Premier League | 2023-2024]  [110/380] Tottenham vs Chelsea (id=22004)
18:23:52 INFO  [England Premier League | 2023-2024]  [111/380] Wolverhampton Wanderers vs Tottenham (id=22014)
18:23:54 INFO  [England Premier League | 2023-2024]  [112/380] Arsenal vs Burnley (id=22006)
18:23:55 INFO  [England Premier League | 2023-2024]  [113/380] Crystal Palace vs Everton (id=22010)
18:23:57 INFO  [England Premier League | 2023-2024]  [114/380] Manchester United vs Luton (id=22012)
18:23:58 INFO  [England Premier League | 2023-2024]  [115/380] Bournemouth vs Newcastle United (id=22005)
18:24:00 INFO  [England Premier League | 2023-2024]  [116/380] Aston Villa vs Fulham (id=22007)
18:24:01 INFO  [England Premier League | 2023-2024]  [117/380] Brighton vs Sheffield United (id=22008)
18:24:02 INFO  [England Premier League | 2023-2024]  [118/380] Liverpool vs Brentford (id=22011)
18:24:04 INFO  [England Premier League | 2023-2024]  [119/380] West Ham vs Nottingham Forest (id=22013)
18:24:05 INFO  [England Premier League | 2023-2024]  [120/380] Chelsea vs Manchester City (id=22009)
18:24:07 INFO  [England Premier League | 2023-2024]  [121/380] Manchester City vs Liverpool (id=22020)
18:24:08 INFO  [England Premier League | 2023-2024]  [122/380] Burnley vs West Ham (id=22016)
18:24:09 INFO  [England Premier League | 2023-2024]  [123/380] Luton vs Crystal Palace (id=22019)
18:24:11 INFO  [England Premier League | 2023-2024]  [124/380] Newcastle United vs Chelsea (id=22021)
18:24:12 INFO  [England Premier League | 2023-2024]  [125/380] Nottingham Forest vs Brighton (id=22022)
18:24:14 INFO  [England Premier League | 2023-2024]  💾 checkpoint flush (125/380 matches) …
18:24:14 INFO  [England Premier League | 2023-2024]  [126/380] Sheffield United vs Bournemouth (id=22023)
18:24:15 INFO  [England Premier League | 2023-2024]  [127/380] Brentford vs Arsenal (id=22015)
18:24:17 INFO  [England Premier League | 2023-2024]  [128/380] Tottenham vs Aston Villa (id=22024)
18:24:18 INFO  [England Premier League | 2023-2024]  [129/380] Everton vs Manchester United (id=22017)
18:24:19 INFO  [England Premier League | 2023-2024]  [130/380] Fulham vs Wolverhampton Wanderers (id=22018)
18:24:21 INFO  [England Premier League | 2023-2024]  [131/380] Arsenal vs Wolverhampton Wanderers (id=22026)
18:24:22 INFO  [England Premier League | 2023-2024]  [132/380] Brentford vs Luton (id=22027)
18:24:24 INFO  [England Premier League | 2023-2024]  [133/380] Burnley vs Sheffield United (id=22028)
18:24:25 INFO  [England Premier League | 2023-2024]  [134/380] Nottingham Forest vs Everton (id=22033)
18:24:27 INFO  [England Premier League | 2023-2024]  [135/380] Newcastle United vs Manchester United (id=22032)
18:24:28 INFO  [England Premier League | 2023-2024]  [136/380] Bournemouth vs Aston Villa (id=22025)
18:24:30 INFO  [England Premier League | 2023-2024]  [137/380] Chelsea vs Brighton (id=22029)
18:24:31 INFO  [England Premier League | 2023-2024]  [138/380] Liverpool vs Fulham (id=22030)
18:24:32 INFO  [England Premier League | 2023-2024]  [139/380] West Ham vs Crystal Palace (id=22034)
18:24:34 INFO  [England Premier League | 2023-2024]  [140/380] Manchester City vs Tottenham (id=22031)
18:24:35 INFO  [England Premier League | 2023-2024]  [141/380] Wolverhampton Wanderers vs Burnley (id=22042)
18:24:37 INFO  [England Premier League | 2023-2024]  [142/380] Luton vs Arsenal (id=22039)
18:24:38 INFO  [England Premier League | 2023-2024]  [143/380] Brighton vs Brentford (id=22036)
18:24:40 INFO  [England Premier League | 2023-2024]  [144/380] Fulham vs Nottingham Forest (id=22038)
18:24:41 INFO  [England Premier League | 2023-2024]  [145/380] Sheffield United vs Liverpool (id=22040)
18:24:43 INFO  [England Premier League | 2023-2024]  [146/380] Crystal Palace vs Bournemouth (id=22043)
18:24:44 INFO  [England Premier League | 2023-2024]  [147/380] Aston Villa vs Manchester City (id=22035)
18:24:45 INFO  [England Premier League | 2023-2024]  [148/380] Manchester United vs Chelsea (id=22044)
18:24:47 INFO  [England Premier League | 2023-2024]  [149/380] Everton vs Newcastle United (id=22037)
18:24:48 INFO  [England Premier League | 2023-2024]  [150/380] Tottenham vs West Ham (id=22041)
18:24:49 INFO  [England Premier League | 2023-2024]  💾 checkpoint flush (150/380 matches) …
18:24:49 INFO  [England Premier League | 2023-2024]  [151/380] Crystal Palace vs Liverpool (id=22047)
18:24:51 INFO  [England Premier League | 2023-2024]  [152/380] Brighton vs Burnley (id=22046)
18:24:52 INFO  [England Premier League | 2023-2024]  [153/380] Manchester United vs Bournemouth (id=22051)
18:24:53 INFO  [England Premier League | 2023-2024]  [154/380] Sheffield United vs Brentford (id=22052)
18:24:55 INFO  [England Premier League | 2023-2024]  [155/380] Wolverhampton Wanderers vs Nottingham Forest (id=22054)
18:24:56 INFO  [England Premier League | 2023-2024]  [156/380] Aston Villa vs Arsenal (id=22045)
18:24:58 INFO  [England Premier League | 2023-2024]  [157/380] Everton vs Chelsea (id=22048)
18:24:59 INFO  [England Premier League | 2023-2024]  [158/380] Fulham vs West Ham (id=22049)
18:25:01 INFO  [England Premier League | 2023-2024]  [159/380] Luton vs Manchester City (id=22050)
18:25:02 INFO  [England Premier League | 2023-2024]  [160/380] Tottenham vs Newcastle United (id=22053)
18:25:04 INFO  [England Premier League | 2023-2024]  [161/380] Nottingham Forest vs Tottenham (id=22063)
18:25:07 INFO  [England Premier League | 2023-2024]  [162/380] Chelsea vs Sheffield United (id=22059)
18:25:08 INFO  [England Premier League | 2023-2024]  [163/380] Manchester City vs Crystal Palace (id=22061)
18:25:10 INFO  [England Premier League | 2023-2024]  [164/380] Newcastle United vs Fulham (id=22062)
18:25:11 INFO  [England Premier League | 2023-2024]  [165/380] Burnley vs Everton (id=22058)
18:25:13 INFO  [England Premier League | 2023-2024]  [166/380] Arsenal vs Brighton (id=22056)
18:25:14 INFO  [England Premier League | 2023-2024]  [167/380] Brentford vs Aston Villa (id=22057)
18:25:15 INFO  [England Premier League | 2023-2024]  [168/380] West Ham vs Wolverhampton Wanderers (id=22064)
18:25:17 INFO  [England Premier League | 2023-2024]  [169/380] Liverpool vs Manchester United (id=22060)
18:25:18 INFO  [England Premier League | 2023-2024]  [170/380] Crystal Palace vs Brighton (id=22066)
18:25:20 INFO  [England Premier League | 2023-2024]  [171/380] Aston Villa vs Sheffield United (id=22065)
18:25:21 INFO  [England Premier League | 2023-2024]  [172/380] West Ham vs Manchester United (id=22072)
18:25:23 INFO  [England Premier League | 2023-2024]  [173/380] Fulham vs Burnley (id=22067)
18:25:24 INFO  [England Premier League | 2023-2024]  [174/380] Luton vs Newcastle United (id=22069)
18:25:26 INFO  [England Premier League | 2023-2024]  [175/380] Nottingham Forest vs Bournemouth (id=22070)
18:25:27 INFO  [England Premier League | 2023-2024]  💾 checkpoint flush (175/380 matches) …
18:25:27 INFO  [England Premier League | 2023-2024]  [176/380] Tottenham vs Everton (id=22071)
18:25:28 INFO  [England Premier League | 2023-2024]  [177/380] Liverpool vs Arsenal (id=22068)
18:25:30 INFO  [England Premier League | 2023-2024]  [178/380] Wolverhampton Wanderers vs Chelsea (id=22073)
18:25:31 INFO  [England Premier League | 2023-2024]  [179/380] Newcastle United vs Nottingham Forest (id=22083)
18:25:33 INFO  [England Premier League | 2023-2024]  [180/380] Bournemouth vs Fulham (id=22075)
18:25:34 INFO  [England Premier League | 2023-2024]  [181/380] Sheffield United vs Luton (id=22084)
18:25:36 INFO  [England Premier League | 2023-2024]  [182/380] Burnley vs Liverpool (id=22079)
18:25:37 INFO  [England Premier League | 2023-2024]  [183/380] Manchester United vs Aston Villa (id=22082)
18:25:38 INFO  [England Premier League | 2023-2024]  [184/380] Brentford vs Wolverhampton Wanderers (id=22077)
18:25:40 INFO  [England Premier League | 2023-2024]  [185/380] Chelsea vs Crystal Palace (id=22080)
18:25:41 INFO  [England Premier League | 2023-2024]  [186/380] Everton vs Manchester City (id=22081)
18:25:43 INFO  [England Premier League | 2023-2024]  [187/380] Brighton vs Tottenham (id=22078)
18:25:44 INFO  [England Premier League | 2023-2024]  [188/380] Arsenal vs West Ham (id=22076)
18:25:46 INFO  [England Premier League | 2023-2024]  [189/380] Luton vs Chelsea (id=22089)
18:25:47 INFO  [England Premier League | 2023-2024]  [190/380] Aston Villa vs Burnley (id=22085)
18:25:49 INFO  [England Premier League | 2023-2024]  [191/380] Crystal Palace vs Brentford (id=22086)
18:25:50 INFO  [England Premier League | 2023-2024]  [192/380] Manchester City vs Sheffield United (id=22090)
18:25:51 INFO  [England Premier League | 2023-2024]  [193/380] Wolverhampton Wanderers vs Everton (id=22094)
18:25:53 INFO  [England Premier League | 2023-2024]  [194/380] Nottingham Forest vs Manchester United (id=22091)
18:25:54 INFO  [England Premier League | 2023-2024]  [195/380] Fulham vs Arsenal (id=22087)
18:25:56 INFO  [England Premier League | 2023-2024]  [196/380] Tottenham vs Bournemouth (id=22092)
18:25:57 INFO  [England Premier League | 2023-2024]  [197/380] Liverpool vs Newcastle United (id=22088)
18:25:59 INFO  [England Premier League | 2023-2024]  [198/380] West Ham vs Brighton (id=22093)
18:26:00 INFO  [England Premier League | 2023-2024]  [199/380] Burnley vs Luton (id=22096)
18:26:01 INFO  [England Premier League | 2023-2024]  [200/380] Chelsea vs Fulham (id=22097)
18:26:03 INFO  [England Premier League | 2023-2024]  💾 checkpoint flush (200/380 matches) …
18:26:03 INFO  [England Premier League | 2023-2024]  [201/380] Newcastle United vs Manchester City (id=22100)
18:26:05 INFO  [England Premier League | 2023-2024]  [202/380] Everton vs Aston Villa (id=22098)
18:26:07 INFO  [England Premier League | 2023-2024]  [203/380] Manchester United vs Tottenham (id=22099)
18:26:08 INFO  [England Premier League | 2023-2024]  [204/380] Arsenal vs Crystal Palace (id=22103)
18:26:10 INFO  [England Premier League | 2023-2024]  [205/380] Brentford vs Nottingham Forest (id=22104)
18:26:11 INFO  [England Premier League | 2023-2024]  [206/380] Sheffield United vs West Ham (id=22101)
18:26:13 INFO  [England Premier League | 2023-2024]  [207/380] Bournemouth vs Liverpool (id=22102)
18:26:14 INFO  [England Premier League | 2023-2024]  [208/380] Brighton vs Wolverhampton Wanderers (id=22095)
18:26:15 INFO  [England Premier League | 2023-2024]  [209/380] Nottingham Forest vs Arsenal (id=22108)
18:26:17 INFO  [England Premier League | 2023-2024]  [210/380] Fulham vs Everton (id=22106)
18:26:18 INFO  [England Premier League | 2023-2024]  [211/380] Luton vs Brighton (id=22107)
18:26:20 INFO  [England Premier League | 2023-2024]  [212/380] Crystal Palace vs Sheffield United (id=22112)
18:26:21 INFO  [England Premier League | 2023-2024]  [213/380] Aston Villa vs Newcastle United (id=22105)
18:26:23 INFO  [England Premier League | 2023-2024]  [214/380] Tottenham vs Brentford (id=22109)
18:26:24 INFO  [England Premier League | 2023-2024]  [215/380] Manchester City vs Burnley (id=22114)
18:26:25 INFO  [England Premier League | 2023-2024]  [216/380] Liverpool vs Chelsea (id=22113)
18:26:27 INFO  [England Premier League | 2023-2024]  [217/380] West Ham vs Bournemouth (id=22110)
18:26:28 INFO  [England Premier League | 2023-2024]  [218/380] Wolverhampton Wanderers vs Manchester United (id=22111)
18:26:30 INFO  [England Premier League | 2023-2024]  [219/380] Everton vs Tottenham (id=22121)
18:26:31 INFO  [England Premier League | 2023-2024]  [220/380] Brighton vs Crystal Palace (id=22118)
18:26:33 INFO  [England Premier League | 2023-2024]  [221/380] Burnley vs Fulham (id=22119)
18:26:34 INFO  [England Premier League | 2023-2024]  [222/380] Newcastle United vs Luton (id=22123)
18:26:35 INFO  [England Premier League | 2023-2024]  [223/380] Sheffield United vs Aston Villa (id=22124)
18:26:37 INFO  [England Premier League | 2023-2024]  [224/380] Bournemouth vs Nottingham Forest (id=22115)
18:26:38 INFO  [England Premier League | 2023-2024]  [225/380] Chelsea vs Wolverhampton Wanderers (id=22120)
18:26:40 INFO  [England Premier League | 2023-2024]  💾 checkpoint flush (225/380 matches) …
18:26:40 INFO  [England Premier League | 2023-2024]  [226/380] Manchester United vs West Ham (id=22122)
18:26:41 INFO  [England Premier League | 2023-2024]  [227/380] Arsenal vs Liverpool (id=22116)
18:26:43 INFO  [England Premier League | 2023-2024]  [228/380] Brentford vs Manchester City (id=22117)
18:26:44 INFO  [England Premier League | 2023-2024]  [229/380] Manchester City vs Everton (id=22130)
18:26:46 INFO  [England Premier League | 2023-2024]  [230/380] Fulham vs Bournemouth (id=22127)
18:26:47 INFO  [England Premier League | 2023-2024]  [231/380] Liverpool vs Burnley (id=22128)
18:26:49 INFO  [England Premier League | 2023-2024]  [232/380] Luton vs Sheffield United (id=22129)
18:26:50 INFO  [England Premier League | 2023-2024]  [233/380] Tottenham vs Brighton (id=22132)
18:26:52 INFO  [England Premier League | 2023-2024]  [234/380] Wolverhampton Wanderers vs Brentford (id=22134)
18:26:53 INFO  [England Premier League | 2023-2024]  [235/380] Nottingham Forest vs Newcastle United (id=22131)
18:26:55 INFO  [England Premier League | 2023-2024]  [236/380] West Ham vs Arsenal (id=22133)
18:26:56 INFO  [England Premier League | 2023-2024]  [237/380] Aston Villa vs Manchester United (id=22125)
18:26:57 INFO  [England Premier League | 2023-2024]  [238/380] Crystal Palace vs Chelsea (id=22126)
18:26:59 INFO  [England Premier League | 2023-2024]  [239/380] Brentford vs Liverpool (id=22135)
18:27:00 INFO  [England Premier League | 2023-2024]  [240/380] Burnley vs Arsenal (id=22136)
18:27:02 INFO  [England Premier League | 2023-2024]  [241/380] Fulham vs Aston Villa (id=22138)
18:27:03 INFO  [England Premier League | 2023-2024]  [242/380] Newcastle United vs Bournemouth (id=22141)
18:27:05 INFO  [England Premier League | 2023-2024]  [243/380] Nottingham Forest vs West Ham (id=22142)
18:27:06 INFO  [England Premier League | 2023-2024]  [244/380] Tottenham vs Wolverhampton Wanderers (id=22144)
18:27:08 INFO  [England Premier League | 2023-2024]  [245/380] Manchester City vs Chelsea (id=22140)
18:27:09 INFO  [England Premier League | 2023-2024]  [246/380] Sheffield United vs Brighton (id=22143)
18:27:10 INFO  [England Premier League | 2023-2024]  [247/380] Luton vs Manchester United (id=22139)
18:27:12 INFO  [England Premier League | 2023-2024]  [248/380] Everton vs Crystal Palace (id=22137)
18:27:13 INFO  [England Premier League | 2023-2024]  [249/380] Manchester City vs Brentford (id=22074)
18:27:14 INFO  [England Premier League | 2023-2024]  [250/380] Liverpool vs Luton (id=22151)
18:27:16 INFO  [England Premier League | 2023-2024]  💾 checkpoint flush (250/380 matches) …
18:27:16 INFO  [England Premier League | 2023-2024]  [251/380] Aston Villa vs Nottingham Forest (id=22147)
18:27:17 INFO  [England Premier League | 2023-2024]  [252/380] Brighton vs Everton (id=22148)
18:27:19 INFO  [England Premier League | 2023-2024]  [253/380] Crystal Palace vs Burnley (id=22150)
18:27:20 INFO  [England Premier League | 2023-2024]  [254/380] Manchester United vs Fulham (id=22152)
18:27:22 INFO  [England Premier League | 2023-2024]  [255/380] Bournemouth vs Manchester City (id=22145)
18:27:23 INFO  [England Premier League | 2023-2024]  [256/380] Arsenal vs Newcastle United (id=22146)
18:27:25 INFO  [England Premier League | 2023-2024]  [257/380] Wolverhampton Wanderers vs Sheffield United (id=22154)
18:27:26 INFO  [England Premier League | 2023-2024]  [258/380] West Ham vs Brentford (id=22153)
18:27:27 INFO  [England Premier League | 2023-2024]  [259/380] Brentford vs Chelsea (id=22155)
18:27:29 INFO  [England Premier League | 2023-2024]  [260/380] Everton vs West Ham (id=22157)
18:27:30 INFO  [England Premier League | 2023-2024]  [261/380] Fulham vs Brighton (id=22158)
18:27:32 INFO  [England Premier League | 2023-2024]  [262/380] Newcastle United vs Wolverhampton Wanderers (id=22161)
18:27:33 INFO  [England Premier League | 2023-2024]  [263/380] Nottingham Forest vs Liverpool (id=22162)
18:27:35 INFO  [England Premier League | 2023-2024]  [264/380] Tottenham vs Crystal Palace (id=22164)
18:27:36 INFO  [England Premier League | 2023-2024]  [265/380] Luton vs Aston Villa (id=22159)
18:27:38 INFO  [England Premier League | 2023-2024]  [266/380] Burnley vs Bournemouth (id=22156)
18:27:39 INFO  [England Premier League | 2023-2024]  [267/380] Manchester City vs Manchester United (id=22160)
18:27:41 INFO  [England Premier League | 2023-2024]  [268/380] Sheffield United vs Arsenal (id=22163)
18:27:42 INFO  [England Premier League | 2023-2024]  [269/380] Manchester United vs Everton (id=22172)
18:27:44 INFO  [England Premier League | 2023-2024]  [270/380] Bournemouth vs Sheffield United (id=22165)
18:27:45 INFO  [England Premier League | 2023-2024]  [271/380] Crystal Palace vs Luton (id=22170)
18:27:47 INFO  [England Premier League | 2023-2024]  [272/380] Wolverhampton Wanderers vs Fulham (id=22174)
18:27:48 INFO  [England Premier League | 2023-2024]  [273/380] Arsenal vs Brentford (id=22166)
18:27:50 INFO  [England Premier League | 2023-2024]  [274/380] Aston Villa vs Tottenham (id=22167)
18:27:51 INFO  [England Premier League | 2023-2024]  [275/380] Brighton vs Nottingham Forest (id=22168)
18:27:52 INFO  [England Premier League | 2023-2024]  💾 checkpoint flush (275/380 matches) …
18:27:53 INFO  [England Premier League | 2023-2024]  [276/380] West Ham vs Burnley (id=22173)
18:27:54 INFO  [England Premier League | 2023-2024]  [277/380] Liverpool vs Manchester City (id=22171)
18:27:56 INFO  [England Premier League | 2023-2024]  [278/380] Chelsea vs Newcastle United (id=22169)
18:27:57 INFO  [England Premier League | 2023-2024]  [279/380] Bournemouth vs Luton (id=25861)
18:27:59 INFO  [England Premier League | 2023-2024]  [280/380] Burnley vs Brentford (id=22177)
18:28:00 INFO  [England Premier League | 2023-2024]  [281/380] Luton vs Nottingham Forest (id=22181)
18:28:01 INFO  [England Premier League | 2023-2024]  [282/380] Fulham vs Tottenham (id=22180)
18:28:03 INFO  [England Premier League | 2023-2024]  [283/380] West Ham vs Aston Villa (id=22183)
18:28:04 INFO  [England Premier League | 2023-2024]  [284/380] Newcastle United vs West Ham (id=22191)
18:28:06 INFO  [England Premier League | 2023-2024]  [285/380] Bournemouth vs Everton (id=22185)
18:28:07 INFO  [England Premier League | 2023-2024]  [286/380] Chelsea vs Burnley (id=22188)
18:28:10 INFO  [England Premier League | 2023-2024]  [287/380] Nottingham Forest vs Crystal Palace (id=22192)
18:28:11 INFO  [England Premier League | 2023-2024]  [288/380] Sheffield United vs Fulham (id=22193)
18:28:13 INFO  [England Premier League | 2023-2024]  [289/380] Tottenham vs Luton (id=22194)
18:28:14 INFO  [England Premier League | 2023-2024]  [290/380] Aston Villa vs Wolverhampton Wanderers (id=22186)
18:28:15 INFO  [England Premier League | 2023-2024]  [291/380] Brentford vs Manchester United (id=22187)
18:28:17 INFO  [England Premier League | 2023-2024]  [292/380] Liverpool vs Brighton (id=22189)
18:28:18 INFO  [England Premier League | 2023-2024]  [293/380] Manchester City vs Arsenal (id=22190)
18:28:20 INFO  [England Premier League | 2023-2024]  [294/380] Nottingham Forest vs Fulham (id=22198)
18:28:21 INFO  [England Premier League | 2023-2024]  [295/380] Newcastle United vs Everton (id=22202)
18:28:23 INFO  [England Premier League | 2023-2024]  [296/380] Bournemouth vs Crystal Palace (id=22195)
18:28:24 INFO  [England Premier League | 2023-2024]  [297/380] Burnley vs Wolverhampton Wanderers (id=22197)
18:28:26 INFO  [England Premier League | 2023-2024]  [298/380] West Ham vs Tottenham (id=22199)
18:28:27 INFO  [England Premier League | 2023-2024]  [299/380] Arsenal vs Luton (id=22196)
18:28:28 INFO  [England Premier League | 2023-2024]  [300/380] Brentford vs Brighton (id=22200)
18:28:30 INFO  [England Premier League | 2023-2024]  💾 checkpoint flush (300/380 matches) …
18:28:30 INFO  [England Premier League | 2023-2024]  [301/380] Manchester City vs Aston Villa (id=22204)
18:28:32 INFO  [England Premier League | 2023-2024]  [302/380] Liverpool vs Sheffield United (id=22203)
18:28:33 INFO  [England Premier League | 2023-2024]  [303/380] Chelsea vs Manchester United (id=22201)
18:28:34 INFO  [England Premier League | 2023-2024]  [304/380] Crystal Palace vs Manchester City (id=22207)
18:28:36 INFO  [England Premier League | 2023-2024]  [305/380] Aston Villa vs Brentford (id=22205)
18:28:37 INFO  [England Premier League | 2023-2024]  [306/380] Everton vs Burnley (id=22208)
18:28:39 INFO  [England Premier League | 2023-2024]  [307/380] Fulham vs Newcastle United (id=22209)
18:28:40 INFO  [England Premier League | 2023-2024]  [308/380] Luton vs Bournemouth (id=22210)
18:28:42 INFO  [England Premier League | 2023-2024]  [309/380] Wolverhampton Wanderers vs West Ham (id=22214)
18:28:43 INFO  [England Premier League | 2023-2024]  [310/380] Brighton vs Arsenal (id=22206)
18:28:45 INFO  [England Premier League | 2023-2024]  [311/380] Manchester United vs Liverpool (id=22211)
18:28:46 INFO  [England Premier League | 2023-2024]  [312/380] Sheffield United vs Chelsea (id=22212)
18:28:47 INFO  [England Premier League | 2023-2024]  [313/380] Tottenham vs Nottingham Forest (id=22213)
18:28:49 INFO  [England Premier League | 2023-2024]  [314/380] Newcastle United vs Tottenham (id=22222)
18:28:50 INFO  [England Premier League | 2023-2024]  [315/380] Brentford vs Sheffield United (id=22217)
18:28:52 INFO  [England Premier League | 2023-2024]  [316/380] Burnley vs Brighton (id=22218)
18:28:53 INFO  [England Premier League | 2023-2024]  [317/380] Manchester City vs Luton (id=22221)
18:28:55 INFO  [England Premier League | 2023-2024]  [318/380] Nottingham Forest vs Wolverhampton Wanderers (id=22223)
18:28:56 INFO  [England Premier League | 2023-2024]  [319/380] Bournemouth vs Manchester United (id=22215)
18:28:57 INFO  [England Premier League | 2023-2024]  [320/380] Liverpool vs Crystal Palace (id=22220)
18:28:59 INFO  [England Premier League | 2023-2024]  [321/380] West Ham vs Fulham (id=22224)
18:29:01 INFO  [England Premier League | 2023-2024]  [322/380] Arsenal vs Aston Villa (id=22216)
18:29:02 INFO  [England Premier League | 2023-2024]  [323/380] Chelsea vs Everton (id=22219)
18:29:03 INFO  [England Premier League | 2023-2024]  [324/380] Luton vs Brentford (id=22230)
18:29:05 INFO  [England Premier League | 2023-2024]  [325/380] Sheffield United vs Burnley (id=22232)
18:29:06 INFO  [England Premier League | 2023-2024]  💾 checkpoint flush (325/380 matches) …
18:29:06 INFO  [England Premier League | 2023-2024]  [326/380] Wolverhampton Wanderers vs Arsenal (id=22234)
18:29:08 INFO  [England Premier League | 2023-2024]  [327/380] Everton vs Nottingham Forest (id=22228)
18:29:09 INFO  [England Premier League | 2023-2024]  [328/380] Aston Villa vs Bournemouth (id=22225)
18:29:11 INFO  [England Premier League | 2023-2024]  [329/380] Crystal Palace vs West Ham (id=22227)
18:29:12 INFO  [England Premier League | 2023-2024]  [330/380] Fulham vs Liverpool (id=22229)
18:29:13 INFO  [England Premier League | 2023-2024]  [331/380] Arsenal vs Chelsea (id=22175)
18:29:15 INFO  [England Premier League | 2023-2024]  [332/380] Wolverhampton Wanderers vs Bournemouth (id=22184)
18:29:16 INFO  [England Premier League | 2023-2024]  [333/380] Crystal Palace vs Newcastle United (id=22178)
18:29:18 INFO  [England Premier League | 2023-2024]  [334/380] Everton vs Liverpool (id=22179)
18:29:19 INFO  [England Premier League | 2023-2024]  [335/380] Manchester United vs Sheffield United (id=22182)
18:29:21 INFO  [England Premier League | 2023-2024]  [336/380] Brighton vs Manchester City (id=22176)
18:29:22 INFO  [England Premier League | 2023-2024]  [337/380] West Ham vs Liverpool (id=22243)
18:29:24 INFO  [England Premier League | 2023-2024]  [338/380] Fulham vs Crystal Palace (id=22238)
18:29:25 INFO  [England Premier League | 2023-2024]  [339/380] Manchester United vs Burnley (id=22239)
18:29:27 INFO  [England Premier League | 2023-2024]  [340/380] Newcastle United vs Sheffield United (id=22240)
18:29:28 INFO  [England Premier League | 2023-2024]  [341/380] Wolverhampton Wanderers vs Luton (id=22244)
18:29:29 INFO  [England Premier League | 2023-2024]  [342/380] Everton vs Brentford (id=22237)
18:29:31 INFO  [England Premier League | 2023-2024]  [343/380] Aston Villa vs Chelsea (id=22236)
18:29:32 INFO  [England Premier League | 2023-2024]  [344/380] Bournemouth vs Brighton (id=22235)
18:29:34 INFO  [England Premier League | 2023-2024]  [345/380] Tottenham vs Arsenal (id=22241)
18:29:35 INFO  [England Premier League | 2023-2024]  [346/380] Nottingham Forest vs Manchester City (id=22242)
18:29:37 INFO  [England Premier League | 2023-2024]  [347/380] Chelsea vs Tottenham (id=22149)
18:29:38 INFO  [England Premier League | 2023-2024]  [348/380] Luton vs Everton (id=22252)
18:29:40 INFO  [England Premier League | 2023-2024]  [349/380] Arsenal vs Bournemouth (id=22245)
18:29:41 INFO  [England Premier League | 2023-2024]  [350/380] Brentford vs Fulham (id=22246)
18:29:43 INFO  [England Premier League | 2023-2024]  💾 checkpoint flush (350/380 matches) …
18:29:43 INFO  [England Premier League | 2023-2024]  [351/380] Burnley vs Newcastle United (id=22248)
18:29:44 INFO  [England Premier League | 2023-2024]  [352/380] Sheffield United vs Nottingham Forest (id=22254)
18:29:46 INFO  [England Premier League | 2023-2024]  [353/380] Manchester City vs Wolverhampton Wanderers (id=22253)
18:29:47 INFO  [England Premier League | 2023-2024]  [354/380] Brighton vs Aston Villa (id=22247)
18:29:48 INFO  [England Premier League | 2023-2024]  [355/380] Chelsea vs West Ham (id=22249)
18:29:50 INFO  [England Premier League | 2023-2024]  [356/380] Liverpool vs Tottenham (id=22251)
18:29:51 INFO  [England Premier League | 2023-2024]  [357/380] Crystal Palace vs Manchester United (id=22250)
18:29:53 INFO  [England Premier League | 2023-2024]  [358/380] Fulham vs Manchester City (id=22258)
18:29:54 INFO  [England Premier League | 2023-2024]  [359/380] Bournemouth vs Brentford (id=22255)
18:29:56 INFO  [England Premier League | 2023-2024]  [360/380] Everton vs Sheffield United (id=22257)
18:29:57 INFO  [England Premier League | 2023-2024]  [361/380] Newcastle United vs Brighton (id=22260)
18:29:59 INFO  [England Premier League | 2023-2024]  [362/380] Tottenham vs Burnley (id=22262)
18:30:00 INFO  [England Premier League | 2023-2024]  [363/380] West Ham vs Luton (id=22263)
18:30:02 INFO  [England Premier League | 2023-2024]  [364/380] Wolverhampton Wanderers vs Crystal Palace (id=22264)
18:30:03 INFO  [England Premier League | 2023-2024]  [365/380] Nottingham Forest vs Chelsea (id=22261)
18:30:05 INFO  [England Premier League | 2023-2024]  [366/380] Manchester United vs Arsenal (id=22259)
18:30:06 INFO  [England Premier League | 2023-2024]  [367/380] Aston Villa vs Liverpool (id=22256)
18:30:07 INFO  [England Premier League | 2023-2024]  [368/380] Tottenham vs Manchester City (id=22233)
18:30:09 INFO  [England Premier League | 2023-2024]  [369/380] Brighton vs Chelsea (id=22226)
18:30:10 INFO  [England Premier League | 2023-2024]  [370/380] Manchester United vs Newcastle United (id=22231)
18:30:12 INFO  [England Premier League | 2023-2024]  [371/380] Arsenal vs Everton (id=22265)
18:30:13 INFO  [England Premier League | 2023-2024]  [372/380] Brentford vs Newcastle United (id=22266)
18:30:15 INFO  [England Premier League | 2023-2024]  [373/380] Brighton vs Manchester United (id=22267)
18:30:16 INFO  [England Premier League | 2023-2024]  [374/380] Burnley vs Nottingham Forest (id=22268)
18:30:18 INFO  [England Premier League | 2023-2024]  [375/380] Chelsea vs Bournemouth (id=22269)
18:30:19 INFO  [England Premier League | 2023-2024]  💾 checkpoint flush (375/380 matches) …
18:30:19 INFO  [England Premier League | 2023-2024]  [376/380] Crystal Palace vs Aston Villa (id=22270)
18:30:21 INFO  [England Premier League | 2023-2024]  [377/380] Liverpool vs Wolverhampton Wanderers (id=22271)
18:30:22 INFO  [England Premier League | 2023-2024]  [378/380] Luton vs Fulham (id=22272)
18:30:24 INFO  [England Premier League | 2023-2024]  [379/380] Manchester City vs West Ham (id=22273)
18:30:25 INFO  [England Premier League | 2023-2024]  [380/380] Sheffield United vs Tottenham (id=22274)
18:30:26 INFO    💾 10524 rows → understat_match_shots__England_Premier_League__2023_2024.parquet
18:30:26 INFO    💾 11384 rows → understat_rosters__England_Premier_League__2023_2024.parquet
18:30:26 INFO    💾 380 rows → understat_match_info__England_Premier_League__2023_2024.parquet
18:30:26 INFO  [England Premier League | 2023-2024]  ✅ saved: shots=10524 roster_rows=11384 info_matches=380
18:30:26 INFO  [Spain La Liga | 2025-2026]  📡 Understat matches — fetching match list
18:30:28 INFO  [Spain La Liga | 2025-2026]  ✅ 380 completed on Understat, 380 remaining to fetch
18:30:28 INFO  [Spain La Liga | 2025-2026]  [1/380] Girona vs Rayo Vallecano (id=29158)
18:30:30 INFO  [Spain La Liga | 2025-2026]  💾 checkpoint flush (1/380 matches) …
18:30:30 INFO  [Spain La Liga | 2025-2026]  [2/380] Villarreal vs Real Oviedo (id=29159)
18:30:31 INFO  [Spain La Liga | 2025-2026]  [3/380] Mallorca vs Barcelona (id=29160)
18:30:33 INFO  [Spain La Liga | 2025-2026]  [4/380] Alaves vs Levante (id=29161)
18:30:34 INFO  [Spain La Liga | 2025-2026]  [5/380] Valencia vs Real Sociedad (id=29162)
18:30:36 INFO  [Spain La Liga | 2025-2026]  [6/380] Celta Vigo vs Getafe (id=29163)
18:30:37 INFO  [Spain La Liga | 2025-2026]  [7/380] Athletic Club vs Sevilla (id=29164)
18:30:38 INFO  [Spain La Liga | 2025-2026]  [8/380] Espanyol vs Atletico Madrid (id=29165)
18:30:40 INFO  [Spain La Liga | 2025-2026]  [9/380] Elche vs Real Betis (id=29166)
18:30:41 INFO  [Spain La Liga | 2025-2026]  [10/380] Real Madrid vs Osasuna (id=29167)
18:30:43 INFO  [Spain La Liga | 2025-2026]  [11/380] Real Betis vs Alaves (id=29168)
18:30:44 INFO  [Spain La Liga | 2025-2026]  [12/380] Mallorca vs Celta Vigo (id=29169)
18:30:46 INFO  [Spain La Liga | 2025-2026]  [13/380] Atletico Madrid vs Elche (id=29170)
18:30:47 INFO  [Spain La Liga | 2025-2026]  [14/380] Levante vs Barcelona (id=29171)
18:30:49 INFO  [Spain La Liga | 2025-2026]  [15/380] Osasuna vs Valencia (id=29172)
18:30:51 INFO  [Spain La Liga | 2025-2026]  [16/380] Villarreal vs Girona (id=29173)
18:30:52 INFO  [Spain La Liga | 2025-2026]  [17/380] Real Sociedad vs Espanyol (id=29174)
18:30:54 INFO  [Spain La Liga | 2025-2026]  [18/380] Real Oviedo vs Real Madrid (id=29175)
18:30:55 INFO  [Spain La Liga | 2025-2026]  [19/380] Athletic Club vs Rayo Vallecano (id=29176)
18:30:57 INFO  [Spain La Liga | 2025-2026]  [20/380] Sevilla vs Getafe (id=29177)
18:30:58 INFO  [Spain La Liga | 2025-2026]  [21/380] Celta Vigo vs Real Betis (id=29178)
18:31:00 INFO  [Spain La Liga | 2025-2026]  [22/380] Elche vs Levante (id=29179)
18:31:01 INFO  [Spain La Liga | 2025-2026]  [23/380] Valencia vs Getafe (id=29180)
18:31:03 INFO  [Spain La Liga | 2025-2026]  [24/380] Alaves vs Atletico Madrid (id=29181)
18:31:04 INFO  [Spain La Liga | 2025-2026]  [25/380] Real Oviedo vs Real Sociedad (id=29182)
18:31:05 INFO  [Spain La Liga | 2025-2026]  💾 checkpoint flush (25/380 matches) …
18:31:05 INFO  [Spain La Liga | 2025-2026]  [26/380] Girona vs Sevilla (id=29183)
18:31:07 INFO  [Spain La Liga | 2025-2026]  [27/380] Real Madrid vs Mallorca (id=29184)
18:31:08 INFO  [Spain La Liga | 2025-2026]  [28/380] Celta Vigo vs Villarreal (id=29185)
18:31:10 INFO  [Spain La Liga | 2025-2026]  [29/380] Real Betis vs Athletic Club (id=29186)
18:31:11 INFO  [Spain La Liga | 2025-2026]  [30/380] Espanyol vs Osasuna (id=29187)
18:31:13 INFO  [Spain La Liga | 2025-2026]  [31/380] Rayo Vallecano vs Barcelona (id=29188)
18:31:14 INFO  [Spain La Liga | 2025-2026]  [32/380] Sevilla vs Elche (id=29189)
18:31:16 INFO  [Spain La Liga | 2025-2026]  [33/380] Getafe vs Real Oviedo (id=29190)
18:31:17 INFO  [Spain La Liga | 2025-2026]  [34/380] Real Sociedad vs Real Madrid (id=29195)
18:31:18 INFO  [Spain La Liga | 2025-2026]  [35/380] Athletic Club vs Alaves (id=29196)
18:31:20 INFO  [Spain La Liga | 2025-2026]  [36/380] Atletico Madrid vs Villarreal (id=29193)
18:31:21 INFO  [Spain La Liga | 2025-2026]  [37/380] Celta Vigo vs Girona (id=29192)
18:31:23 INFO  [Spain La Liga | 2025-2026]  [38/380] Levante vs Real Betis (id=29191)
18:31:24 INFO  [Spain La Liga | 2025-2026]  [39/380] Osasuna vs Rayo Vallecano (id=29197)
18:31:25 INFO  [Spain La Liga | 2025-2026]  [40/380] Barcelona vs Valencia (id=29194)
18:31:27 INFO  [Spain La Liga | 2025-2026]  [41/380] Espanyol vs Mallorca (id=29198)
18:31:28 INFO  [Spain La Liga | 2025-2026]  [42/380] Real Betis vs Real Sociedad (id=29200)
18:31:30 INFO  [Spain La Liga | 2025-2026]  [43/380] Girona vs Levante (id=29202)
18:31:31 INFO  [Spain La Liga | 2025-2026]  [44/380] Real Madrid vs Espanyol (id=29206)
18:31:33 INFO  [Spain La Liga | 2025-2026]  [45/380] Villarreal vs Osasuna (id=29207)
18:31:34 INFO  [Spain La Liga | 2025-2026]  [46/380] Alaves vs Sevilla (id=29208)
18:31:36 INFO  [Spain La Liga | 2025-2026]  [47/380] Valencia vs Athletic Club (id=29203)
18:31:38 INFO  [Spain La Liga | 2025-2026]  [48/380] Rayo Vallecano vs Celta Vigo (id=29205)
18:31:39 INFO  [Spain La Liga | 2025-2026]  [49/380] Mallorca vs Atletico Madrid (id=29204)
18:31:41 INFO  [Spain La Liga | 2025-2026]  [50/380] Elche vs Real Oviedo (id=29201)
18:31:42 INFO  [Spain La Liga | 2025-2026]  💾 checkpoint flush (50/380 matches) …
18:31:42 INFO  [Spain La Liga | 2025-2026]  [51/380] Barcelona vs Getafe (id=29199)
18:31:44 INFO  [Spain La Liga | 2025-2026]  [52/380] Espanyol vs Valencia (id=29209)
18:31:45 INFO  [Spain La Liga | 2025-2026]  [53/380] Athletic Club vs Girona (id=29217)
18:31:46 INFO  [Spain La Liga | 2025-2026]  [54/380] Levante vs Real Madrid (id=29210)
18:31:48 INFO  [Spain La Liga | 2025-2026]  [55/380] Sevilla vs Villarreal (id=29211)
18:31:49 INFO  [Spain La Liga | 2025-2026]  [56/380] Getafe vs Alaves (id=29212)
18:31:51 INFO  [Spain La Liga | 2025-2026]  [57/380] Real Sociedad vs Mallorca (id=29215)
18:31:52 INFO  [Spain La Liga | 2025-2026]  [58/380] Atletico Madrid vs Rayo Vallecano (id=29216)
18:31:54 INFO  [Spain La Liga | 2025-2026]  [59/380] Osasuna vs Elche (id=29214)
18:31:55 INFO  [Spain La Liga | 2025-2026]  [60/380] Real Oviedo vs Barcelona (id=29213)
18:31:56 INFO  [Spain La Liga | 2025-2026]  [61/380] Girona vs Espanyol (id=29227)
18:31:58 INFO  [Spain La Liga | 2025-2026]  [62/380] Getafe vs Levante (id=29222)
18:31:59 INFO  [Spain La Liga | 2025-2026]  [63/380] Atletico Madrid vs Real Madrid (id=29219)
18:32:01 INFO  [Spain La Liga | 2025-2026]  [64/380] Mallorca vs Alaves (id=29224)
18:32:02 INFO  [Spain La Liga | 2025-2026]  [65/380] Villarreal vs Athletic Club (id=29225)
18:32:04 INFO  [Spain La Liga | 2025-2026]  [66/380] Rayo Vallecano vs Sevilla (id=29223)
18:32:05 INFO  [Spain La Liga | 2025-2026]  [67/380] Elche vs Celta Vigo (id=29226)
18:32:07 INFO  [Spain La Liga | 2025-2026]  [68/380] Barcelona vs Real Sociedad (id=29220)
18:32:08 INFO  [Spain La Liga | 2025-2026]  [69/380] Real Betis vs Osasuna (id=29221)
18:32:09 INFO  [Spain La Liga | 2025-2026]  [70/380] Valencia vs Real Oviedo (id=29218)
18:32:11 INFO  [Spain La Liga | 2025-2026]  [71/380] Osasuna vs Getafe (id=29235)
18:32:12 INFO  [Spain La Liga | 2025-2026]  [72/380] Real Oviedo vs Levante (id=29236)
18:32:14 INFO  [Spain La Liga | 2025-2026]  [73/380] Girona vs Valencia (id=29230)
18:32:15 INFO  [Spain La Liga | 2025-2026]  [74/380] Athletic Club vs Mallorca (id=29229)
18:32:17 INFO  [Spain La Liga | 2025-2026]  [75/380] Real Madrid vs Villarreal (id=29231)
18:32:18 INFO  [Spain La Liga | 2025-2026]  💾 checkpoint flush (75/380 matches) …
18:32:18 INFO  [Spain La Liga | 2025-2026]  [76/380] Alaves vs Elche (id=29228)
18:32:20 INFO  [Spain La Liga | 2025-2026]  [77/380] Sevilla vs Barcelona (id=29233)
18:32:21 INFO  [Spain La Liga | 2025-2026]  [78/380] Espanyol vs Real Betis (id=29234)
18:32:22 INFO  [Spain La Liga | 2025-2026]  [79/380] Real Sociedad vs Rayo Vallecano (id=29237)
18:32:24 INFO  [Spain La Liga | 2025-2026]  [80/380] Celta Vigo vs Atletico Madrid (id=29232)
18:32:25 INFO  [Spain La Liga | 2025-2026]  [81/380] Real Oviedo vs Espanyol (id=29246)
18:32:27 INFO  [Spain La Liga | 2025-2026]  [82/380] Sevilla vs Mallorca (id=29247)
18:32:28 INFO  [Spain La Liga | 2025-2026]  [83/380] Barcelona vs Girona (id=29240)
18:32:30 INFO  [Spain La Liga | 2025-2026]  [84/380] Villarreal vs Real Betis (id=29245)
18:32:31 INFO  [Spain La Liga | 2025-2026]  [85/380] Atletico Madrid vs Osasuna (id=29239)
18:32:33 INFO  [Spain La Liga | 2025-2026]  [86/380] Elche vs Athletic Club (id=29244)
18:32:34 INFO  [Spain La Liga | 2025-2026]  [87/380] Celta Vigo vs Real Sociedad (id=29241)
18:32:36 INFO  [Spain La Liga | 2025-2026]  [88/380] Levante vs Rayo Vallecano (id=29243)
18:32:37 INFO  [Spain La Liga | 2025-2026]  [89/380] Getafe vs Real Madrid (id=29242)
18:32:38 INFO  [Spain La Liga | 2025-2026]  [90/380] Alaves vs Valencia (id=29238)
18:32:40 INFO  [Spain La Liga | 2025-2026]  [91/380] Real Sociedad vs Sevilla (id=29250)
18:32:41 INFO  [Spain La Liga | 2025-2026]  [92/380] Girona vs Real Oviedo (id=29249)
18:32:43 INFO  [Spain La Liga | 2025-2026]  [93/380] Espanyol vs Elche (id=29256)
18:32:44 INFO  [Spain La Liga | 2025-2026]  [94/380] Athletic Club vs Getafe (id=29248)
18:32:46 INFO  [Spain La Liga | 2025-2026]  [95/380] Valencia vs Villarreal (id=29251)
18:32:47 INFO  [Spain La Liga | 2025-2026]  [96/380] Mallorca vs Levante (id=29257)
18:32:49 INFO  [Spain La Liga | 2025-2026]  [97/380] Real Madrid vs Barcelona (id=29254)
18:32:50 INFO  [Spain La Liga | 2025-2026]  [98/380] Osasuna vs Celta Vigo (id=29255)
18:32:51 INFO  [Spain La Liga | 2025-2026]  [99/380] Rayo Vallecano vs Alaves (id=29252)
18:32:53 INFO  [Spain La Liga | 2025-2026]  [100/380] Real Betis vs Atletico Madrid (id=29253)
18:32:54 INFO  [Spain La Liga | 2025-2026]  💾 checkpoint flush (100/380 matches) …
18:32:54 INFO  [Spain La Liga | 2025-2026]  [101/380] Getafe vs Girona (id=29262)
18:32:56 INFO  [Spain La Liga | 2025-2026]  [102/380] Villarreal vs Rayo Vallecano (id=29267)
18:32:57 INFO  [Spain La Liga | 2025-2026]  [103/380] Atletico Madrid vs Sevilla (id=29259)
18:32:59 INFO  [Spain La Liga | 2025-2026]  [104/380] Real Sociedad vs Athletic Club (id=29264)
18:33:00 INFO  [Spain La Liga | 2025-2026]  [105/380] Real Madrid vs Valencia (id=29263)
18:33:01 INFO  [Spain La Liga | 2025-2026]  [106/380] Levante vs Celta Vigo (id=29265)
18:33:03 INFO  [Spain La Liga | 2025-2026]  [107/380] Alaves vs Espanyol (id=29258)
18:33:04 INFO  [Spain La Liga | 2025-2026]  [108/380] Barcelona vs Elche (id=29260)
18:33:06 INFO  [Spain La Liga | 2025-2026]  [109/380] Real Betis vs Mallorca (id=29261)
18:33:07 INFO  [Spain La Liga | 2025-2026]  [110/380] Real Oviedo vs Osasuna (id=29266)
18:33:09 INFO  [Spain La Liga | 2025-2026]  [111/380] Elche vs Real Sociedad (id=29270)
18:33:10 INFO  [Spain La Liga | 2025-2026]  [112/380] Girona vs Alaves (id=29273)
18:33:12 INFO  [Spain La Liga | 2025-2026]  [113/380] Sevilla vs Osasuna (id=29277)
18:33:13 INFO  [Spain La Liga | 2025-2026]  [114/380] Atletico Madrid vs Levante (id=29269)
18:33:15 INFO  [Spain La Liga | 2025-2026]  [115/380] Espanyol vs Villarreal (id=29271)
18:33:16 INFO  [Spain La Liga | 2025-2026]  [116/380] Athletic Club vs Real Oviedo (id=29268)
18:33:17 INFO  [Spain La Liga | 2025-2026]  [117/380] Rayo Vallecano vs Real Madrid (id=29272)
18:33:19 INFO  [Spain La Liga | 2025-2026]  [118/380] Valencia vs Real Betis (id=29275)
18:33:20 INFO  [Spain La Liga | 2025-2026]  [119/380] Mallorca vs Getafe (id=29276)
18:33:22 INFO  [Spain La Liga | 2025-2026]  [120/380] Celta Vigo vs Barcelona (id=29274)
18:33:23 INFO  [Spain La Liga | 2025-2026]  [121/380] Valencia vs Levante (id=29286)
18:33:25 INFO  [Spain La Liga | 2025-2026]  [122/380] Alaves vs Celta Vigo (id=29278)
18:33:26 INFO  [Spain La Liga | 2025-2026]  [123/380] Barcelona vs Athletic Club (id=29284)
18:33:28 INFO  [Spain La Liga | 2025-2026]  [124/380] Osasuna vs Real Sociedad (id=29282)
18:33:29 INFO  [Spain La Liga | 2025-2026]  [125/380] Villarreal vs Mallorca (id=29287)
18:33:30 INFO  [Spain La Liga | 2025-2026]  💾 checkpoint flush (125/380 matches) …
18:33:31 INFO  [Spain La Liga | 2025-2026]  [126/380] Real Oviedo vs Rayo Vallecano (id=29283)
18:33:32 INFO  [Spain La Liga | 2025-2026]  [127/380] Real Betis vs Girona (id=29279)
18:33:33 INFO  [Spain La Liga | 2025-2026]  [128/380] Getafe vs Atletico Madrid (id=29285)
18:33:35 INFO  [Spain La Liga | 2025-2026]  [129/380] Elche vs Real Madrid (id=29280)
18:33:36 INFO  [Spain La Liga | 2025-2026]  [130/380] Espanyol vs Sevilla (id=29281)
18:33:38 INFO  [Spain La Liga | 2025-2026]  [131/380] Getafe vs Elche (id=29297)
18:33:39 INFO  [Spain La Liga | 2025-2026]  [132/380] Mallorca vs Osasuna (id=29291)
18:33:40 INFO  [Spain La Liga | 2025-2026]  [133/380] Barcelona vs Alaves (id=29294)
18:33:42 INFO  [Spain La Liga | 2025-2026]  [134/380] Levante vs Athletic Club (id=29295)
18:33:43 INFO  [Spain La Liga | 2025-2026]  [135/380] Atletico Madrid vs Real Oviedo (id=29288)
18:33:45 INFO  [Spain La Liga | 2025-2026]  [136/380] Real Sociedad vs Villarreal (id=29293)
18:33:46 INFO  [Spain La Liga | 2025-2026]  [137/380] Sevilla vs Real Betis (id=29296)
18:33:48 INFO  [Spain La Liga | 2025-2026]  [138/380] Celta Vigo vs Espanyol (id=29289)
18:33:50 INFO  [Spain La Liga | 2025-2026]  [139/380] Girona vs Real Madrid (id=29290)
18:33:51 INFO  [Spain La Liga | 2025-2026]  [140/380] Rayo Vallecano vs Valencia (id=29292)
18:33:53 INFO  [Spain La Liga | 2025-2026]  [141/380] Barcelona vs Atletico Madrid (id=29342)
18:33:54 INFO  [Spain La Liga | 2025-2026]  [142/380] Athletic Club vs Real Madrid (id=29338)
18:33:56 INFO  [Spain La Liga | 2025-2026]  [143/380] Real Oviedo vs Mallorca (id=29306)
18:33:57 INFO  [Spain La Liga | 2025-2026]  [144/380] Villarreal vs Getafe (id=29304)
18:33:59 INFO  [Spain La Liga | 2025-2026]  [145/380] Alaves vs Real Sociedad (id=29298)
18:34:00 INFO  [Spain La Liga | 2025-2026]  [146/380] Real Betis vs Barcelona (id=29302)
18:34:01 INFO  [Spain La Liga | 2025-2026]  [147/380] Athletic Club vs Atletico Madrid (id=29299)
18:34:03 INFO  [Spain La Liga | 2025-2026]  [148/380] Elche vs Girona (id=29300)
18:34:04 INFO  [Spain La Liga | 2025-2026]  [149/380] Valencia vs Sevilla (id=29307)
18:34:06 INFO  [Spain La Liga | 2025-2026]  [150/380] Espanyol vs Rayo Vallecano (id=29301)
18:34:07 INFO  [Spain La Liga | 2025-2026]  💾 checkpoint flush (150/380 matches) …
18:34:07 INFO  [Spain La Liga | 2025-2026]  [151/380] Real Madrid vs Celta Vigo (id=29303)
18:34:08 INFO  [Spain La Liga | 2025-2026]  [152/380] Osasuna vs Levante (id=29305)
18:34:10 INFO  [Spain La Liga | 2025-2026]  [153/380] Real Sociedad vs Girona (id=29316)
18:34:11 INFO  [Spain La Liga | 2025-2026]  [154/380] Atletico Madrid vs Valencia (id=29309)
18:34:13 INFO  [Spain La Liga | 2025-2026]  [155/380] Mallorca vs Elche (id=29314)
18:34:14 INFO  [Spain La Liga | 2025-2026]  [156/380] Barcelona vs Osasuna (id=29310)
18:34:16 INFO  [Spain La Liga | 2025-2026]  [157/380] Getafe vs Espanyol (id=29315)
18:34:17 INFO  [Spain La Liga | 2025-2026]  [158/380] Sevilla vs Real Oviedo (id=29317)
18:34:18 INFO  [Spain La Liga | 2025-2026]  [159/380] Celta Vigo vs Athletic Club (id=29312)
18:34:20 INFO  [Spain La Liga | 2025-2026]  [160/380] Alaves vs Real Madrid (id=29308)
18:34:21 INFO  [Spain La Liga | 2025-2026]  [161/380] Rayo Vallecano vs Real Betis (id=29313)
18:34:23 INFO  [Spain La Liga | 2025-2026]  [162/380] Valencia vs Mallorca (id=29327)
18:34:24 INFO  [Spain La Liga | 2025-2026]  [163/380] Real Oviedo vs Celta Vigo (id=29326)
18:34:26 INFO  [Spain La Liga | 2025-2026]  [164/380] Levante vs Real Sociedad (id=29321)
18:34:27 INFO  [Spain La Liga | 2025-2026]  [165/380] Osasuna vs Alaves (id=29323)
18:34:28 INFO  [Spain La Liga | 2025-2026]  [166/380] Real Madrid vs Sevilla (id=29322)
18:34:30 INFO  [Spain La Liga | 2025-2026]  [167/380] Girona vs Atletico Madrid (id=29324)
18:34:31 INFO  [Spain La Liga | 2025-2026]  [168/380] Villarreal vs Barcelona (id=29325)
18:34:33 INFO  [Spain La Liga | 2025-2026]  [169/380] Elche vs Rayo Vallecano (id=29320)
18:34:35 INFO  [Spain La Liga | 2025-2026]  [170/380] Real Betis vs Getafe (id=29319)
18:34:36 INFO  [Spain La Liga | 2025-2026]  [171/380] Athletic Club vs Espanyol (id=29318)
18:34:38 INFO  [Spain La Liga | 2025-2026]  [172/380] Rayo Vallecano vs Getafe (id=29335)
18:34:39 INFO  [Spain La Liga | 2025-2026]  [173/380] Celta Vigo vs Valencia (id=29329)
18:34:41 INFO  [Spain La Liga | 2025-2026]  [174/380] Osasuna vs Athletic Club (id=29331)
18:34:42 INFO  [Spain La Liga | 2025-2026]  [175/380] Elche vs Villarreal (id=29330)
18:34:44 INFO  [Spain La Liga | 2025-2026]  💾 checkpoint flush (175/380 matches) …
18:34:44 INFO  [Spain La Liga | 2025-2026]  [176/380] Espanyol vs Barcelona (id=29333)
18:34:45 INFO  [Spain La Liga | 2025-2026]  [177/380] Sevilla vs Levante (id=29337)
18:34:46 INFO  [Spain La Liga | 2025-2026]  [178/380] Real Madrid vs Real Betis (id=29334)
18:34:48 INFO  [Spain La Liga | 2025-2026]  [179/380] Alaves vs Real Oviedo (id=29328)
18:34:49 INFO  [Spain La Liga | 2025-2026]  [180/380] Mallorca vs Girona (id=29336)
18:34:51 INFO  [Spain La Liga | 2025-2026]  [181/380] Real Sociedad vs Atletico Madrid (id=29332)
18:34:52 INFO  [Spain La Liga | 2025-2026]  [182/380] Getafe vs Real Sociedad (id=29339)
18:34:54 INFO  [Spain La Liga | 2025-2026]  [183/380] Real Oviedo vs Real Betis (id=29343)
18:34:55 INFO  [Spain La Liga | 2025-2026]  [184/380] Villarreal vs Alaves (id=29341)
18:34:57 INFO  [Spain La Liga | 2025-2026]  [185/380] Girona vs Osasuna (id=29340)
18:34:58 INFO  [Spain La Liga | 2025-2026]  [186/380] Valencia vs Elche (id=29345)
18:34:59 INFO  [Spain La Liga | 2025-2026]  [187/380] Rayo Vallecano vs Mallorca (id=29347)
18:35:01 INFO  [Spain La Liga | 2025-2026]  [188/380] Levante vs Espanyol (id=29346)
18:35:02 INFO  [Spain La Liga | 2025-2026]  [189/380] Sevilla vs Celta Vigo (id=29344)
18:35:04 INFO  [Spain La Liga | 2025-2026]  [190/380] Espanyol vs Girona (id=29355)
18:35:05 INFO  [Spain La Liga | 2025-2026]  [191/380] Real Madrid vs Levante (id=29351)
18:35:07 INFO  [Spain La Liga | 2025-2026]  [192/380] Mallorca vs Athletic Club (id=29349)
18:35:08 INFO  [Spain La Liga | 2025-2026]  [193/380] Osasuna vs Real Oviedo (id=29357)
18:35:09 INFO  [Spain La Liga | 2025-2026]  [194/380] Real Betis vs Villarreal (id=29352)
18:35:11 INFO  [Spain La Liga | 2025-2026]  [195/380] Getafe vs Valencia (id=29356)
18:35:12 INFO  [Spain La Liga | 2025-2026]  [196/380] Atletico Madrid vs Alaves (id=29348)
18:35:14 INFO  [Spain La Liga | 2025-2026]  [197/380] Celta Vigo vs Rayo Vallecano (id=29353)
18:35:15 INFO  [Spain La Liga | 2025-2026]  [198/380] Real Sociedad vs Barcelona (id=29350)
18:35:17 INFO  [Spain La Liga | 2025-2026]  [199/380] Elche vs Sevilla (id=29354)
18:35:18 INFO  [Spain La Liga | 2025-2026]  [200/380] Levante vs Elche (id=29363)
18:35:20 INFO  [Spain La Liga | 2025-2026]  💾 checkpoint flush (200/380 matches) …
18:35:20 INFO  [Spain La Liga | 2025-2026]  [201/380] Rayo Vallecano vs Osasuna (id=29366)
18:35:21 INFO  [Spain La Liga | 2025-2026]  [202/380] Valencia vs Espanyol (id=29364)
18:35:23 INFO  [Spain La Liga | 2025-2026]  [203/380] Sevilla vs Athletic Club (id=29358)
18:35:24 INFO  [Spain La Liga | 2025-2026]  [204/380] Villarreal vs Real Madrid (id=29367)
18:35:25 INFO  [Spain La Liga | 2025-2026]  [205/380] Atletico Madrid vs Mallorca (id=29360)
18:35:27 INFO  [Spain La Liga | 2025-2026]  [206/380] Barcelona vs Real Oviedo (id=29361)
18:35:28 INFO  [Spain La Liga | 2025-2026]  [207/380] Real Sociedad vs Celta Vigo (id=29362)
18:35:31 INFO  [Spain La Liga | 2025-2026]  [208/380] Alaves vs Real Betis (id=29359)
18:35:32 INFO  [Spain La Liga | 2025-2026]  [209/380] Girona vs Getafe (id=29365)
18:35:34 INFO  [Spain La Liga | 2025-2026]  [210/380] Espanyol vs Alaves (id=29371)
18:35:35 INFO  [Spain La Liga | 2025-2026]  [211/380] Real Oviedo vs Girona (id=29375)
18:35:37 INFO  [Spain La Liga | 2025-2026]  [212/380] Osasuna vs Villarreal (id=29370)
18:35:38 INFO  [Spain La Liga | 2025-2026]  [213/380] Levante vs Atletico Madrid (id=29372)
18:35:40 INFO  [Spain La Liga | 2025-2026]  [214/380] Elche vs Barcelona (id=29373)
18:35:41 INFO  [Spain La Liga | 2025-2026]  [215/380] Real Madrid vs Rayo Vallecano (id=29377)
18:35:43 INFO  [Spain La Liga | 2025-2026]  [216/380] Real Betis vs Valencia (id=29368)
18:35:44 INFO  [Spain La Liga | 2025-2026]  [217/380] Getafe vs Celta Vigo (id=29374)
18:35:46 INFO  [Spain La Liga | 2025-2026]  [218/380] Athletic Club vs Real Sociedad (id=29376)
18:35:47 INFO  [Spain La Liga | 2025-2026]  [219/380] Mallorca vs Sevilla (id=29369)
18:35:49 INFO  [Spain La Liga | 2025-2026]  [220/380] Celta Vigo vs Osasuna (id=29382)
18:35:50 INFO  [Spain La Liga | 2025-2026]  [221/380] Barcelona vs Mallorca (id=29381)
18:35:51 INFO  [Spain La Liga | 2025-2026]  [222/380] Real Sociedad vs Elche (id=29383)
18:35:53 INFO  [Spain La Liga | 2025-2026]  [223/380] Alaves vs Getafe (id=29378)
18:35:54 INFO  [Spain La Liga | 2025-2026]  [224/380] Athletic Club vs Levante (id=29379)
18:35:56 INFO  [Spain La Liga | 2025-2026]  [225/380] Sevilla vs Girona (id=29386)
18:35:57 INFO  [Spain La Liga | 2025-2026]  💾 checkpoint flush (225/380 matches) …
18:35:57 INFO  [Spain La Liga | 2025-2026]  [226/380] Atletico Madrid vs Real Betis (id=29380)
18:35:59 INFO  [Spain La Liga | 2025-2026]  [227/380] Valencia vs Real Madrid (id=29387)
18:36:00 INFO  [Spain La Liga | 2025-2026]  [228/380] Villarreal vs Espanyol (id=29384)
18:36:02 INFO  [Spain La Liga | 2025-2026]  [229/380] Elche vs Osasuna (id=29388)
18:36:03 INFO  [Spain La Liga | 2025-2026]  [230/380] Espanyol vs Celta Vigo (id=29397)
18:36:05 INFO  [Spain La Liga | 2025-2026]  [231/380] Getafe vs Villarreal (id=29389)
18:36:06 INFO  [Spain La Liga | 2025-2026]  [232/380] Sevilla vs Alaves (id=29392)
18:36:08 INFO  [Spain La Liga | 2025-2026]  [233/380] Real Madrid vs Real Sociedad (id=29391)
18:36:09 INFO  [Spain La Liga | 2025-2026]  [234/380] Real Oviedo vs Athletic Club (id=29393)
18:36:10 INFO  [Spain La Liga | 2025-2026]  [235/380] Rayo Vallecano vs Atletico Madrid (id=29394)
18:36:12 INFO  [Spain La Liga | 2025-2026]  [236/380] Levante vs Valencia (id=29390)
18:36:14 INFO  [Spain La Liga | 2025-2026]  [237/380] Mallorca vs Real Betis (id=29396)
18:36:15 INFO  [Spain La Liga | 2025-2026]  [238/380] Girona vs Barcelona (id=29395)
18:36:16 INFO  [Spain La Liga | 2025-2026]  [239/380] Levante vs Villarreal (id=29311)
18:36:18 INFO  [Spain La Liga | 2025-2026]  [240/380] Athletic Club vs Elche (id=29399)
18:36:20 INFO  [Spain La Liga | 2025-2026]  [241/380] Real Sociedad vs Real Oviedo (id=29407)
18:36:21 INFO  [Spain La Liga | 2025-2026]  [242/380] Real Betis vs Rayo Vallecano (id=29402)
18:36:22 INFO  [Spain La Liga | 2025-2026]  [243/380] Osasuna vs Real Madrid (id=29405)
18:36:24 INFO  [Spain La Liga | 2025-2026]  [244/380] Atletico Madrid vs Espanyol (id=29400)
18:36:25 INFO  [Spain La Liga | 2025-2026]  [245/380] Getafe vs Sevilla (id=29404)
18:36:27 INFO  [Spain La Liga | 2025-2026]  [246/380] Barcelona vs Levante (id=29401)
18:36:28 INFO  [Spain La Liga | 2025-2026]  [247/380] Celta Vigo vs Mallorca (id=29403)
18:36:30 INFO  [Spain La Liga | 2025-2026]  [248/380] Villarreal vs Valencia (id=29406)
18:36:31 INFO  [Spain La Liga | 2025-2026]  [249/380] Alaves vs Girona (id=29398)
18:36:32 INFO  [Spain La Liga | 2025-2026]  [250/380] Levante vs Alaves (id=29412)
18:36:34 INFO  [Spain La Liga | 2025-2026]  💾 checkpoint flush (250/380 matches) …
18:36:34 INFO  [Spain La Liga | 2025-2026]  [251/380] Rayo Vallecano vs Athletic Club (id=29413)
18:36:35 INFO  [Spain La Liga | 2025-2026]  [252/380] Barcelona vs Villarreal (id=29408)
18:36:37 INFO  [Spain La Liga | 2025-2026]  [253/380] Mallorca vs Real Sociedad (id=29411)
18:36:38 INFO  [Spain La Liga | 2025-2026]  [254/380] Real Oviedo vs Atletico Madrid (id=29414)
18:36:40 INFO  [Spain La Liga | 2025-2026]  [255/380] Elche vs Espanyol (id=29410)
18:36:41 INFO  [Spain La Liga | 2025-2026]  [256/380] Valencia vs Osasuna (id=29417)
18:36:43 INFO  [Spain La Liga | 2025-2026]  [257/380] Real Betis vs Sevilla (id=29409)
18:36:44 INFO  [Spain La Liga | 2025-2026]  [258/380] Girona vs Celta Vigo (id=29415)
18:36:46 INFO  [Spain La Liga | 2025-2026]  [259/380] Real Madrid vs Getafe (id=29416)
18:36:47 INFO  [Spain La Liga | 2025-2026]  [260/380] Rayo Vallecano vs Real Oviedo (id=29385)
18:36:48 INFO  [Spain La Liga | 2025-2026]  [261/380] Celta Vigo vs Real Madrid (id=29420)
18:36:50 INFO  [Spain La Liga | 2025-2026]  [262/380] Osasuna vs Mallorca (id=29426)
18:36:51 INFO  [Spain La Liga | 2025-2026]  [263/380] Levante vs Girona (id=29425)
18:36:53 INFO  [Spain La Liga | 2025-2026]  [264/380] Atletico Madrid vs Real Sociedad (id=29419)
18:36:54 INFO  [Spain La Liga | 2025-2026]  [265/380] Athletic Club vs Barcelona (id=29418)
18:36:56 INFO  [Spain La Liga | 2025-2026]  [266/380] Villarreal vs Elche (id=29424)
18:36:57 INFO  [Spain La Liga | 2025-2026]  [267/380] Getafe vs Real Betis (id=29423)
18:36:59 INFO  [Spain La Liga | 2025-2026]  [268/380] Sevilla vs Rayo Vallecano (id=29427)
18:37:00 INFO  [Spain La Liga | 2025-2026]  [269/380] Valencia vs Alaves (id=29422)
18:37:02 INFO  [Spain La Liga | 2025-2026]  [270/380] Espanyol vs Real Oviedo (id=29421)
18:37:03 INFO  [Spain La Liga | 2025-2026]  [271/380] Alaves vs Villarreal (id=29428)
18:37:05 INFO  [Spain La Liga | 2025-2026]  [272/380] Girona vs Athletic Club (id=29433)
18:37:06 INFO  [Spain La Liga | 2025-2026]  [273/380] Atletico Madrid vs Getafe (id=29429)
18:37:07 INFO  [Spain La Liga | 2025-2026]  [274/380] Real Oviedo vs Valencia (id=29432)
18:37:09 INFO  [Spain La Liga | 2025-2026]  [275/380] Real Madrid vs Elche (id=29434)
18:37:10 INFO  [Spain La Liga | 2025-2026]  💾 checkpoint flush (275/380 matches) …
18:37:10 INFO  [Spain La Liga | 2025-2026]  [276/380] Mallorca vs Espanyol (id=29435)
18:37:12 INFO  [Spain La Liga | 2025-2026]  [277/380] Barcelona vs Sevilla (id=29430)
18:37:13 INFO  [Spain La Liga | 2025-2026]  [278/380] Real Betis vs Celta Vigo (id=29431)
18:37:15 INFO  [Spain La Liga | 2025-2026]  [279/380] Real Sociedad vs Osasuna (id=29437)
18:37:16 INFO  [Spain La Liga | 2025-2026]  [280/380] Rayo Vallecano vs Levante (id=29436)
18:37:17 INFO  [Spain La Liga | 2025-2026]  [281/380] Villarreal vs Real Sociedad (id=29438)
18:37:19 INFO  [Spain La Liga | 2025-2026]  [282/380] Elche vs Mallorca (id=29440)
18:37:20 INFO  [Spain La Liga | 2025-2026]  [283/380] Espanyol vs Getafe (id=29442)
18:37:22 INFO  [Spain La Liga | 2025-2026]  [284/380] Levante vs Real Oviedo (id=29443)
18:37:23 INFO  [Spain La Liga | 2025-2026]  [285/380] Osasuna vs Girona (id=29447)
18:37:25 INFO  [Spain La Liga | 2025-2026]  [286/380] Sevilla vs Valencia (id=29444)
18:37:26 INFO  [Spain La Liga | 2025-2026]  [287/380] Barcelona vs Rayo Vallecano (id=29441)
18:37:27 INFO  [Spain La Liga | 2025-2026]  [288/380] Celta Vigo vs Alaves (id=29445)
18:37:29 INFO  [Spain La Liga | 2025-2026]  [289/380] Athletic Club vs Real Betis (id=29439)
18:37:30 INFO  [Spain La Liga | 2025-2026]  [290/380] Real Madrid vs Atletico Madrid (id=29446)
18:37:32 INFO  [Spain La Liga | 2025-2026]  [291/380] Rayo Vallecano vs Elche (id=29456)
18:37:33 INFO  [Spain La Liga | 2025-2026]  [292/380] Real Sociedad vs Levante (id=29457)
18:37:35 INFO  [Spain La Liga | 2025-2026]  [293/380] Mallorca vs Real Madrid (id=29452)
18:37:36 INFO  [Spain La Liga | 2025-2026]  [294/380] Real Betis vs Espanyol (id=29450)
18:37:38 INFO  [Spain La Liga | 2025-2026]  [295/380] Atletico Madrid vs Barcelona (id=29449)
18:37:39 INFO  [Spain La Liga | 2025-2026]  [296/380] Getafe vs Athletic Club (id=29455)
18:37:40 INFO  [Spain La Liga | 2025-2026]  [297/380] Valencia vs Celta Vigo (id=29454)
18:37:42 INFO  [Spain La Liga | 2025-2026]  [298/380] Real Oviedo vs Sevilla (id=29453)
18:37:43 INFO  [Spain La Liga | 2025-2026]  [299/380] Alaves vs Osasuna (id=29448)
18:37:45 INFO  [Spain La Liga | 2025-2026]  [300/380] Girona vs Villarreal (id=29451)
18:37:46 INFO  [Spain La Liga | 2025-2026]  💾 checkpoint flush (300/380 matches) …
18:37:46 INFO  [Spain La Liga | 2025-2026]  [301/380] Real Madrid vs Girona (id=29462)
18:37:48 INFO  [Spain La Liga | 2025-2026]  [302/380] Real Sociedad vs Alaves (id=29464)
18:37:49 INFO  [Spain La Liga | 2025-2026]  [303/380] Elche vs Valencia (id=29465)
18:37:50 INFO  [Spain La Liga | 2025-2026]  [304/380] Barcelona vs Espanyol (id=29459)
18:37:52 INFO  [Spain La Liga | 2025-2026]  [305/380] Sevilla vs Atletico Madrid (id=29463)
18:37:53 INFO  [Spain La Liga | 2025-2026]  [306/380] Osasuna vs Real Betis (id=29460)
18:37:55 INFO  [Spain La Liga | 2025-2026]  [307/380] Mallorca vs Rayo Vallecano (id=29466)
18:37:56 INFO  [Spain La Liga | 2025-2026]  [308/380] Celta Vigo vs Real Oviedo (id=29467)
18:37:58 INFO  [Spain La Liga | 2025-2026]  [309/380] Athletic Club vs Villarreal (id=29458)
18:37:59 INFO  [Spain La Liga | 2025-2026]  [310/380] Levante vs Getafe (id=29461)
18:38:01 INFO  [Spain La Liga | 2025-2026]  [311/380] Athletic Club vs Osasuna (id=29478)
18:38:02 INFO  [Spain La Liga | 2025-2026]  [312/380] Mallorca vs Valencia (id=29481)
18:38:03 INFO  [Spain La Liga | 2025-2026]  [313/380] Real Madrid vs Alaves (id=29483)
18:38:05 INFO  [Spain La Liga | 2025-2026]  [314/380] Girona vs Real Betis (id=29485)
18:38:07 INFO  [Spain La Liga | 2025-2026]  [315/380] Elche vs Atletico Madrid (id=29484)
18:38:08 INFO  [Spain La Liga | 2025-2026]  [316/380] Real Sociedad vs Getafe (id=29487)
18:38:09 INFO  [Spain La Liga | 2025-2026]  [317/380] Barcelona vs Celta Vigo (id=29479)
18:38:11 INFO  [Spain La Liga | 2025-2026]  [318/380] Levante vs Sevilla (id=29480)
18:38:12 INFO  [Spain La Liga | 2025-2026]  [319/380] Rayo Vallecano vs Espanyol (id=29486)
18:38:14 INFO  [Spain La Liga | 2025-2026]  [320/380] Real Oviedo vs Villarreal (id=29482)
18:38:15 INFO  [Spain La Liga | 2025-2026]  [321/380] Real Betis vs Real Madrid (id=29474)
18:38:16 INFO  [Spain La Liga | 2025-2026]  [322/380] Alaves vs Mallorca (id=29473)
18:38:18 INFO  [Spain La Liga | 2025-2026]  [323/380] Getafe vs Barcelona (id=29469)
18:38:19 INFO  [Spain La Liga | 2025-2026]  [324/380] Valencia vs Girona (id=29472)
18:38:20 INFO  [Spain La Liga | 2025-2026]  [325/380] Atletico Madrid vs Athletic Club (id=29468)
18:38:22 INFO  [Spain La Liga | 2025-2026]  💾 checkpoint flush (325/380 matches) …
18:38:22 INFO  [Spain La Liga | 2025-2026]  [326/380] Rayo Vallecano vs Real Sociedad (id=29475)
18:38:23 INFO  [Spain La Liga | 2025-2026]  [327/380] Real Oviedo vs Elche (id=29471)
18:38:25 INFO  [Spain La Liga | 2025-2026]  [328/380] Osasuna vs Sevilla (id=29476)
18:38:26 INFO  [Spain La Liga | 2025-2026]  [329/380] Villarreal vs Celta Vigo (id=29470)
18:38:27 INFO  [Spain La Liga | 2025-2026]  [330/380] Espanyol vs Levante (id=29477)
18:38:29 INFO  [Spain La Liga | 2025-2026]  [331/380] Girona vs Mallorca (id=29497)
18:38:31 INFO  [Spain La Liga | 2025-2026]  [332/380] Villarreal vs Levante (id=29489)
18:38:32 INFO  [Spain La Liga | 2025-2026]  [333/380] Valencia vs Atletico Madrid (id=29495)
18:38:33 INFO  [Spain La Liga | 2025-2026]  [334/380] Alaves vs Athletic Club (id=29491)
18:38:36 INFO  [Spain La Liga | 2025-2026]  [335/380] Osasuna vs Barcelona (id=29488)
18:38:37 INFO  [Spain La Liga | 2025-2026]  [336/380] Celta Vigo vs Elche (id=29493)
18:38:39 INFO  [Spain La Liga | 2025-2026]  [337/380] Getafe vs Rayo Vallecano (id=29496)
18:38:40 INFO  [Spain La Liga | 2025-2026]  [338/380] Real Betis vs Real Oviedo (id=29492)
18:38:41 INFO  [Spain La Liga | 2025-2026]  [339/380] Espanyol vs Real Madrid (id=29494)
18:38:43 INFO  [Spain La Liga | 2025-2026]  [340/380] Sevilla vs Real Sociedad (id=29490)
18:38:44 INFO  [Spain La Liga | 2025-2026]  [341/380] Levante vs Osasuna (id=29501)
18:38:46 INFO  [Spain La Liga | 2025-2026]  [342/380] Elche vs Alaves (id=29503)
18:38:47 INFO  [Spain La Liga | 2025-2026]  [343/380] Sevilla vs Espanyol (id=29505)
18:38:49 INFO  [Spain La Liga | 2025-2026]  [344/380] Atletico Madrid vs Celta Vigo (id=29499)
18:38:50 INFO  [Spain La Liga | 2025-2026]  [345/380] Real Sociedad vs Real Betis (id=29504)
18:38:52 INFO  [Spain La Liga | 2025-2026]  [346/380] Mallorca vs Villarreal (id=29502)
18:38:53 INFO  [Spain La Liga | 2025-2026]  [347/380] Athletic Club vs Valencia (id=29498)
18:38:55 INFO  [Spain La Liga | 2025-2026]  [348/380] Real Oviedo vs Getafe (id=29506)
18:38:56 INFO  [Spain La Liga | 2025-2026]  [349/380] Barcelona vs Real Madrid (id=29500)
18:38:58 INFO  [Spain La Liga | 2025-2026]  [350/380] Rayo Vallecano vs Girona (id=29507)
18:38:59 INFO  [Spain La Liga | 2025-2026]  💾 checkpoint flush (350/380 matches) …
18:38:59 INFO  [Spain La Liga | 2025-2026]  [351/380] Celta Vigo vs Levante (id=29510)
18:39:01 INFO  [Spain La Liga | 2025-2026]  [352/380] Real Betis vs Elche (id=29509)
18:39:02 INFO  [Spain La Liga | 2025-2026]  [353/380] Osasuna vs Atletico Madrid (id=29514)
18:39:03 INFO  [Spain La Liga | 2025-2026]  [354/380] Espanyol vs Athletic Club (id=29513)
18:39:05 INFO  [Spain La Liga | 2025-2026]  [355/380] Villarreal vs Sevilla (id=29516)
18:39:06 INFO  [Spain La Liga | 2025-2026]  [356/380] Alaves vs Barcelona (id=29508)
18:39:08 INFO  [Spain La Liga | 2025-2026]  [357/380] Getafe vs Mallorca (id=29511)
18:39:09 INFO  [Spain La Liga | 2025-2026]  [358/380] Valencia vs Rayo Vallecano (id=29515)
18:39:11 INFO  [Spain La Liga | 2025-2026]  [359/380] Girona vs Real Sociedad (id=29512)
18:39:12 INFO  [Spain La Liga | 2025-2026]  [360/380] Real Madrid vs Real Oviedo (id=29517)
18:39:14 INFO  [Spain La Liga | 2025-2026]  [361/380] Athletic Club vs Celta Vigo (id=29518)
18:39:15 INFO  [Spain La Liga | 2025-2026]  [362/380] Barcelona vs Real Betis (id=29519)
18:39:16 INFO  [Spain La Liga | 2025-2026]  [363/380] Atletico Madrid vs Girona (id=29520)
18:39:18 INFO  [Spain La Liga | 2025-2026]  [364/380] Real Sociedad vs Valencia (id=29521)
18:39:19 INFO  [Spain La Liga | 2025-2026]  [365/380] Real Oviedo vs Alaves (id=29522)
18:39:21 INFO  [Spain La Liga | 2025-2026]  [366/380] Osasuna vs Espanyol (id=29523)
18:39:22 INFO  [Spain La Liga | 2025-2026]  [367/380] Sevilla vs Real Madrid (id=29524)
18:39:23 INFO  [Spain La Liga | 2025-2026]  [368/380] Levante vs Mallorca (id=29525)
18:39:25 INFO  [Spain La Liga | 2025-2026]  [369/380] Rayo Vallecano vs Villarreal (id=29526)
18:39:26 INFO  [Spain La Liga | 2025-2026]  [370/380] Elche vs Getafe (id=29527)
18:39:28 INFO  [Spain La Liga | 2025-2026]  [371/380] Alaves vs Rayo Vallecano (id=29528)
18:39:29 INFO  [Spain La Liga | 2025-2026]  [372/380] Real Betis vs Levante (id=29529)
18:39:31 INFO  [Spain La Liga | 2025-2026]  [373/380] Celta Vigo vs Sevilla (id=29530)
18:39:32 INFO  [Spain La Liga | 2025-2026]  [374/380] Espanyol vs Real Sociedad (id=29531)
18:39:33 INFO  [Spain La Liga | 2025-2026]  [375/380] Real Madrid vs Athletic Club (id=29532)
18:39:35 INFO  [Spain La Liga | 2025-2026]  💾 checkpoint flush (375/380 matches) …
18:39:35 INFO  [Spain La Liga | 2025-2026]  [376/380] Valencia vs Barcelona (id=29534)
18:39:36 INFO  [Spain La Liga | 2025-2026]  [377/380] Girona vs Elche (id=29535)
18:39:38 INFO  [Spain La Liga | 2025-2026]  [378/380] Getafe vs Osasuna (id=29536)
18:39:39 INFO  [Spain La Liga | 2025-2026]  [379/380] Mallorca vs Real Oviedo (id=29537)
18:39:41 INFO  [Spain La Liga | 2025-2026]  [380/380] Villarreal vs Atletico Madrid (id=29533)
18:39:42 INFO    💾 9523 rows → understat_match_shots__Spain_La_Liga__2025_2026.parquet
18:39:42 INFO    💾 11984 rows → understat_rosters__Spain_La_Liga__2025_2026.parquet
18:39:42 INFO    💾 380 rows → understat_match_info__Spain_La_Liga__2025_2026.parquet
18:39:42 INFO  [Spain La Liga | 2025-2026]  ✅ saved: shots=9523 roster_rows=11984 info_matches=380
18:39:42 INFO  [Spain La Liga | 2024-2025]  📡 Understat matches — fetching match list
18:39:44 INFO  [Spain La Liga | 2024-2025]  ✅ 380 completed on Understat, 380 remaining to fetch
18:39:44 INFO  [Spain La Liga | 2024-2025]  [1/380] Athletic Club vs Getafe (id=26982)
18:39:45 INFO  [Spain La Liga | 2024-2025]  💾 checkpoint flush (1/380 matches) …
18:39:46 INFO  [Spain La Liga | 2024-2025]  [2/380] Real Betis vs Girona (id=26983)
18:39:47 INFO  [Spain La Liga | 2024-2025]  [3/380] Celta Vigo vs Alaves (id=26984)
18:39:48 INFO  [Spain La Liga | 2024-2025]  [4/380] Las Palmas vs Sevilla (id=26985)
18:39:50 INFO  [Spain La Liga | 2024-2025]  [5/380] Osasuna vs Leganes (id=26986)
18:39:51 INFO  [Spain La Liga | 2024-2025]  [6/380] Valencia vs Barcelona (id=26987)
18:39:53 INFO  [Spain La Liga | 2024-2025]  [7/380] Real Sociedad vs Rayo Vallecano (id=26988)
18:39:54 INFO  [Spain La Liga | 2024-2025]  [8/380] Mallorca vs Real Madrid (id=26989)
18:39:56 INFO  [Spain La Liga | 2024-2025]  [9/380] Real Valladolid vs Espanyol (id=26990)
18:39:57 INFO  [Spain La Liga | 2024-2025]  [10/380] Villarreal vs Atletico Madrid (id=26991)
18:39:58 INFO  [Spain La Liga | 2024-2025]  [11/380] Celta Vigo vs Valencia (id=26992)
18:40:00 INFO  [Spain La Liga | 2024-2025]  [12/380] Sevilla vs Villarreal (id=26993)
18:40:01 INFO  [Spain La Liga | 2024-2025]  [13/380] Osasuna vs Mallorca (id=26994)
18:40:03 INFO  [Spain La Liga | 2024-2025]  [14/380] Barcelona vs Athletic Club (id=26995)
18:40:04 INFO  [Spain La Liga | 2024-2025]  [15/380] Getafe vs Rayo Vallecano (id=26996)
18:40:06 INFO  [Spain La Liga | 2024-2025]  [16/380] Espanyol vs Real Sociedad (id=26997)
18:40:07 INFO  [Spain La Liga | 2024-2025]  [17/380] Real Madrid vs Real Valladolid (id=26998)
18:40:09 INFO  [Spain La Liga | 2024-2025]  [18/380] Leganes vs Las Palmas (id=26999)
18:40:10 INFO  [Spain La Liga | 2024-2025]  [19/380] Alaves vs Real Betis (id=27000)
18:40:11 INFO  [Spain La Liga | 2024-2025]  [20/380] Atletico Madrid vs Girona (id=27001)
18:40:14 INFO  [Spain La Liga | 2024-2025]  [21/380] Villarreal vs Celta Vigo (id=27002)
18:40:16 INFO  [Spain La Liga | 2024-2025]  [22/380] Mallorca vs Sevilla (id=27003)
18:40:17 INFO  [Spain La Liga | 2024-2025]  [23/380] Rayo Vallecano vs Barcelona (id=27004)
18:40:18 INFO  [Spain La Liga | 2024-2025]  [24/380] Real Valladolid vs Leganes (id=27005)
18:40:20 INFO  [Spain La Liga | 2024-2025]  [25/380] Athletic Club vs Valencia (id=27006)
18:40:22 INFO  [Spain La Liga | 2024-2025]  💾 checkpoint flush (25/380 matches) …
18:40:22 INFO  [Spain La Liga | 2024-2025]  [26/380] Real Sociedad vs Alaves (id=27008)
18:40:23 INFO  [Spain La Liga | 2024-2025]  [27/380] Atletico Madrid vs Espanyol (id=27009)
18:40:24 INFO  [Spain La Liga | 2024-2025]  [28/380] Girona vs Osasuna (id=27010)
18:40:26 INFO  [Spain La Liga | 2024-2025]  [29/380] Las Palmas vs Real Madrid (id=27011)
18:40:27 INFO  [Spain La Liga | 2024-2025]  [30/380] Barcelona vs Real Valladolid (id=27012)
18:40:29 INFO  [Spain La Liga | 2024-2025]  [31/380] Athletic Club vs Atletico Madrid (id=27013)
18:40:30 INFO  [Spain La Liga | 2024-2025]  [32/380] Espanyol vs Rayo Vallecano (id=27014)
18:40:32 INFO  [Spain La Liga | 2024-2025]  [33/380] Valencia vs Villarreal (id=27015)
18:40:33 INFO  [Spain La Liga | 2024-2025]  [34/380] Leganes vs Mallorca (id=27016)
18:40:35 INFO  [Spain La Liga | 2024-2025]  [35/380] Alaves vs Las Palmas (id=27017)
18:40:36 INFO  [Spain La Liga | 2024-2025]  [36/380] Osasuna vs Celta Vigo (id=27018)
18:40:38 INFO  [Spain La Liga | 2024-2025]  [37/380] Sevilla vs Girona (id=27019)
18:40:39 INFO  [Spain La Liga | 2024-2025]  [38/380] Getafe vs Real Sociedad (id=27020)
18:40:41 INFO  [Spain La Liga | 2024-2025]  [39/380] Real Madrid vs Real Betis (id=27021)
18:40:42 INFO  [Spain La Liga | 2024-2025]  [40/380] Real Betis vs Leganes (id=27024)
18:40:44 INFO  [Spain La Liga | 2024-2025]  [41/380] Mallorca vs Villarreal (id=27026)
18:40:45 INFO  [Spain La Liga | 2024-2025]  [42/380] Espanyol vs Alaves (id=27022)
18:40:46 INFO  [Spain La Liga | 2024-2025]  [43/380] Sevilla vs Getafe (id=27029)
18:40:48 INFO  [Spain La Liga | 2024-2025]  [44/380] Real Sociedad vs Real Madrid (id=27031)
18:40:49 INFO  [Spain La Liga | 2024-2025]  [45/380] Celta Vigo vs Real Valladolid (id=27025)
18:40:51 INFO  [Spain La Liga | 2024-2025]  [46/380] Girona vs Barcelona (id=27028)
18:40:52 INFO  [Spain La Liga | 2024-2025]  [47/380] Las Palmas vs Athletic Club (id=27027)
18:40:53 INFO  [Spain La Liga | 2024-2025]  [48/380] Atletico Madrid vs Valencia (id=27023)
18:40:55 INFO  [Spain La Liga | 2024-2025]  [49/380] Rayo Vallecano vs Osasuna (id=27030)
18:40:56 INFO  [Spain La Liga | 2024-2025]  [50/380] Mallorca vs Real Sociedad (id=27045)
18:40:58 INFO  [Spain La Liga | 2024-2025]  💾 checkpoint flush (50/380 matches) …
18:40:58 INFO  [Spain La Liga | 2024-2025]  [51/380] Real Betis vs Getafe (id=27007)
18:40:59 INFO  [Spain La Liga | 2024-2025]  [52/380] Leganes vs Athletic Club (id=27047)
18:41:00 INFO  [Spain La Liga | 2024-2025]  [53/380] Alaves vs Sevilla (id=27035)
18:41:02 INFO  [Spain La Liga | 2024-2025]  [54/380] Real Valladolid vs Real Sociedad (id=27039)
18:41:03 INFO  [Spain La Liga | 2024-2025]  [55/380] Osasuna vs Las Palmas (id=27040)
18:41:05 INFO  [Spain La Liga | 2024-2025]  [56/380] Valencia vs Girona (id=27038)
18:41:06 INFO  [Spain La Liga | 2024-2025]  [57/380] Real Madrid vs Espanyol (id=27041)
18:41:08 INFO  [Spain La Liga | 2024-2025]  [58/380] Getafe vs Leganes (id=27034)
18:41:09 INFO  [Spain La Liga | 2024-2025]  [59/380] Athletic Club vs Celta Vigo (id=27032)
18:41:10 INFO  [Spain La Liga | 2024-2025]  [60/380] Villarreal vs Barcelona (id=27037)
18:41:12 INFO  [Spain La Liga | 2024-2025]  [61/380] Rayo Vallecano vs Atletico Madrid (id=27036)
18:41:21 INFO  [Spain La Liga | 2024-2025]  [62/380] Real Betis vs Mallorca (id=27033)
18:41:23 INFO  [Spain La Liga | 2024-2025]  [63/380] Sevilla vs Real Valladolid (id=27046)
18:41:24 INFO  [Spain La Liga | 2024-2025]  [64/380] Valencia vs Osasuna (id=27050)
18:41:25 INFO  [Spain La Liga | 2024-2025]  [65/380] Real Madrid vs Alaves (id=27051)
18:41:27 INFO  [Spain La Liga | 2024-2025]  [66/380] Girona vs Rayo Vallecano (id=27044)
18:41:28 INFO  [Spain La Liga | 2024-2025]  [67/380] Barcelona vs Getafe (id=27043)
18:41:30 INFO  [Spain La Liga | 2024-2025]  [68/380] Espanyol vs Villarreal (id=27042)
18:41:31 INFO  [Spain La Liga | 2024-2025]  [69/380] Las Palmas vs Real Betis (id=27049)
18:41:33 INFO  [Spain La Liga | 2024-2025]  [70/380] Celta Vigo vs Atletico Madrid (id=27048)
18:41:34 INFO  [Spain La Liga | 2024-2025]  [71/380] Real Valladolid vs Mallorca (id=27057)
18:41:35 INFO  [Spain La Liga | 2024-2025]  [72/380] Getafe vs Alaves (id=27059)
18:41:37 INFO  [Spain La Liga | 2024-2025]  [73/380] Rayo Vallecano vs Leganes (id=27060)
18:41:39 INFO  [Spain La Liga | 2024-2025]  [74/380] Real Sociedad vs Valencia (id=27055)
18:41:40 INFO  [Spain La Liga | 2024-2025]  [75/380] Osasuna vs Barcelona (id=27056)
18:41:42 INFO  [Spain La Liga | 2024-2025]  💾 checkpoint flush (75/380 matches) …
18:41:42 INFO  [Spain La Liga | 2024-2025]  [76/380] Celta Vigo vs Girona (id=27054)
18:41:44 INFO  [Spain La Liga | 2024-2025]  [77/380] Athletic Club vs Sevilla (id=27052)
18:41:45 INFO  [Spain La Liga | 2024-2025]  [78/380] Real Betis vs Espanyol (id=27061)
18:41:46 INFO  [Spain La Liga | 2024-2025]  [79/380] Atletico Madrid vs Real Madrid (id=27053)
18:41:50 INFO  [Spain La Liga | 2024-2025]  [80/380] Villarreal vs Las Palmas (id=27058)
18:41:51 INFO  [Spain La Liga | 2024-2025]  [81/380] Leganes vs Valencia (id=27065)
18:41:53 INFO  [Spain La Liga | 2024-2025]  [82/380] Espanyol vs Mallorca (id=27071)
18:41:54 INFO  [Spain La Liga | 2024-2025]  [83/380] Getafe vs Osasuna (id=27062)
18:41:56 INFO  [Spain La Liga | 2024-2025]  [84/380] Las Palmas vs Celta Vigo (id=27069)
18:41:57 INFO  [Spain La Liga | 2024-2025]  [85/380] Real Valladolid vs Rayo Vallecano (id=27070)
18:41:59 INFO  [Spain La Liga | 2024-2025]  [86/380] Real Madrid vs Villarreal (id=27063)
18:42:00 INFO  [Spain La Liga | 2024-2025]  [87/380] Girona vs Athletic Club (id=27066)
18:42:02 INFO  [Spain La Liga | 2024-2025]  [88/380] Alaves vs Barcelona (id=27064)
18:42:03 INFO  [Spain La Liga | 2024-2025]  [89/380] Sevilla vs Real Betis (id=27068)
18:42:05 INFO  [Spain La Liga | 2024-2025]  [90/380] Real Sociedad vs Atletico Madrid (id=27067)
18:42:06 INFO  [Spain La Liga | 2024-2025]  [91/380] Alaves vs Real Valladolid (id=27078)
18:42:08 INFO  [Spain La Liga | 2024-2025]  [92/380] Athletic Club vs Espanyol (id=27072)
18:42:09 INFO  [Spain La Liga | 2024-2025]  [93/380] Osasuna vs Real Betis (id=27079)
18:42:11 INFO  [Spain La Liga | 2024-2025]  [94/380] Girona vs Real Sociedad (id=27076)
18:42:12 INFO  [Spain La Liga | 2024-2025]  [95/380] Celta Vigo vs Real Madrid (id=27075)
18:42:13 INFO  [Spain La Liga | 2024-2025]  [96/380] Mallorca vs Rayo Vallecano (id=27077)
18:42:15 INFO  [Spain La Liga | 2024-2025]  [97/380] Atletico Madrid vs Leganes (id=27073)
18:42:16 INFO  [Spain La Liga | 2024-2025]  [98/380] Villarreal vs Getafe (id=27080)
18:42:18 INFO  [Spain La Liga | 2024-2025]  [99/380] Barcelona vs Sevilla (id=27074)
18:42:19 INFO  [Spain La Liga | 2024-2025]  [100/380] Valencia vs Las Palmas (id=27081)
18:42:21 INFO  [Spain La Liga | 2024-2025]  💾 checkpoint flush (100/380 matches) …
18:42:21 INFO  [Spain La Liga | 2024-2025]  [101/380] Espanyol vs Sevilla (id=27091)
18:42:22 INFO  [Spain La Liga | 2024-2025]  [102/380] Real Valladolid vs Villarreal (id=27089)
18:42:24 INFO  [Spain La Liga | 2024-2025]  [103/380] Rayo Vallecano vs Alaves (id=27090)
18:42:25 INFO  [Spain La Liga | 2024-2025]  [104/380] Las Palmas vs Girona (id=27087)
18:42:27 INFO  [Spain La Liga | 2024-2025]  [105/380] Real Madrid vs Barcelona (id=27085)
18:42:28 INFO  [Spain La Liga | 2024-2025]  [106/380] Leganes vs Celta Vigo (id=27086)
18:42:30 INFO  [Spain La Liga | 2024-2025]  [107/380] Getafe vs Valencia (id=27082)
18:42:31 INFO  [Spain La Liga | 2024-2025]  [108/380] Real Betis vs Atletico Madrid (id=27084)
18:42:32 INFO  [Spain La Liga | 2024-2025]  [109/380] Real Sociedad vs Osasuna (id=27088)
18:42:34 INFO  [Spain La Liga | 2024-2025]  [110/380] Mallorca vs Athletic Club (id=27083)
18:42:35 INFO  [Spain La Liga | 2024-2025]  [111/380] Alaves vs Mallorca (id=27097)
18:42:37 INFO  [Spain La Liga | 2024-2025]  [112/380] Osasuna vs Real Valladolid (id=27096)
18:42:38 INFO  [Spain La Liga | 2024-2025]  [113/380] Girona vs Leganes (id=27095)
18:42:40 INFO  [Spain La Liga | 2024-2025]  [114/380] Atletico Madrid vs Las Palmas (id=27093)
18:42:41 INFO  [Spain La Liga | 2024-2025]  [115/380] Barcelona vs Espanyol (id=27101)
18:42:42 INFO  [Spain La Liga | 2024-2025]  [116/380] Sevilla vs Real Sociedad (id=27100)
18:42:44 INFO  [Spain La Liga | 2024-2025]  [117/380] Athletic Club vs Real Betis (id=27092)
18:42:45 INFO  [Spain La Liga | 2024-2025]  [118/380] Celta Vigo vs Getafe (id=27094)
18:42:47 INFO  [Spain La Liga | 2024-2025]  [119/380] Rayo Vallecano vs Las Palmas (id=27110)
18:42:48 INFO  [Spain La Liga | 2024-2025]  [120/380] Real Madrid vs Osasuna (id=27109)
18:42:50 INFO  [Spain La Liga | 2024-2025]  [121/380] Villarreal vs Alaves (id=27111)
18:42:51 INFO  [Spain La Liga | 2024-2025]  [122/380] Leganes vs Sevilla (id=27105)
18:42:53 INFO  [Spain La Liga | 2024-2025]  [123/380] Real Betis vs Celta Vigo (id=27103)
18:42:54 INFO  [Spain La Liga | 2024-2025]  [124/380] Mallorca vs Atletico Madrid (id=27107)
18:42:56 INFO  [Spain La Liga | 2024-2025]  [125/380] Getafe vs Girona (id=27104)
18:42:57 INFO  [Spain La Liga | 2024-2025]  💾 checkpoint flush (125/380 matches) …
18:42:57 INFO  [Spain La Liga | 2024-2025]  [126/380] Real Valladolid vs Athletic Club (id=27106)
18:42:58 INFO  [Spain La Liga | 2024-2025]  [127/380] Real Sociedad vs Barcelona (id=27108)
18:43:00 INFO  [Spain La Liga | 2024-2025]  [128/380] Getafe vs Real Valladolid (id=27113)
18:43:01 INFO  [Spain La Liga | 2024-2025]  [129/380] Valencia vs Real Betis (id=27118)
18:43:03 INFO  [Spain La Liga | 2024-2025]  [130/380] Atletico Madrid vs Alaves (id=27120)
18:43:04 INFO  [Spain La Liga | 2024-2025]  [131/380] Las Palmas vs Mallorca (id=27115)
18:43:06 INFO  [Spain La Liga | 2024-2025]  [132/380] Girona vs Espanyol (id=27121)
18:43:07 INFO  [Spain La Liga | 2024-2025]  [133/380] Celta Vigo vs Barcelona (id=27117)
18:43:08 INFO  [Spain La Liga | 2024-2025]  [134/380] Osasuna vs Villarreal (id=27114)
18:43:10 INFO  [Spain La Liga | 2024-2025]  [135/380] Sevilla vs Rayo Vallecano (id=27119)
18:43:11 INFO  [Spain La Liga | 2024-2025]  [136/380] Leganes vs Real Madrid (id=27116)
18:43:13 INFO  [Spain La Liga | 2024-2025]  [137/380] Athletic Club vs Real Sociedad (id=27112)
18:43:14 INFO  [Spain La Liga | 2024-2025]  [138/380] Mallorca vs Valencia (id=27123)
18:43:16 INFO  [Spain La Liga | 2024-2025]  [139/380] Barcelona vs Las Palmas (id=27122)
18:43:17 INFO  [Spain La Liga | 2024-2025]  [140/380] Alaves vs Leganes (id=27124)
18:43:18 INFO  [Spain La Liga | 2024-2025]  [141/380] Espanyol vs Celta Vigo (id=27131)
18:43:20 INFO  [Spain La Liga | 2024-2025]  [142/380] Real Valladolid vs Atletico Madrid (id=27126)
18:43:21 INFO  [Spain La Liga | 2024-2025]  [143/380] Villarreal vs Girona (id=27128)
18:43:23 INFO  [Spain La Liga | 2024-2025]  [144/380] Real Madrid vs Getafe (id=27127)
18:43:24 INFO  [Spain La Liga | 2024-2025]  [145/380] Rayo Vallecano vs Athletic Club (id=27125)
18:43:25 INFO  [Spain La Liga | 2024-2025]  [146/380] Real Sociedad vs Real Betis (id=27130)
18:43:27 INFO  [Spain La Liga | 2024-2025]  [147/380] Sevilla vs Osasuna (id=27129)
18:43:28 INFO  [Spain La Liga | 2024-2025]  [148/380] Mallorca vs Barcelona (id=27167)
18:43:30 INFO  [Spain La Liga | 2024-2025]  [149/380] Athletic Club vs Real Madrid (id=27162)
18:43:31 INFO  [Spain La Liga | 2024-2025]  [150/380] Celta Vigo vs Mallorca (id=27136)
18:43:33 INFO  [Spain La Liga | 2024-2025]  💾 checkpoint flush (150/380 matches) …
18:43:33 INFO  [Spain La Liga | 2024-2025]  [151/380] Las Palmas vs Real Valladolid (id=27138)
18:43:34 INFO  [Spain La Liga | 2024-2025]  [152/380] Real Betis vs Barcelona (id=27139)
18:43:35 INFO  [Spain La Liga | 2024-2025]  [153/380] Valencia vs Rayo Vallecano (id=27140)
18:43:37 INFO  [Spain La Liga | 2024-2025]  [154/380] Girona vs Real Madrid (id=27137)
18:43:38 INFO  [Spain La Liga | 2024-2025]  [155/380] Leganes vs Real Sociedad (id=27133)
18:43:39 INFO  [Spain La Liga | 2024-2025]  [156/380] Athletic Club vs Villarreal (id=27134)
18:43:41 INFO  [Spain La Liga | 2024-2025]  [157/380] Osasuna vs Alaves (id=27141)
18:43:42 INFO  [Spain La Liga | 2024-2025]  [158/380] Atletico Madrid vs Sevilla (id=27135)
18:43:44 INFO  [Spain La Liga | 2024-2025]  [159/380] Getafe vs Espanyol (id=27132)
18:43:45 INFO  [Spain La Liga | 2024-2025]  [160/380] Real Valladolid vs Valencia (id=27147)
18:43:47 INFO  [Spain La Liga | 2024-2025]  [161/380] Espanyol vs Osasuna (id=27150)
18:43:48 INFO  [Spain La Liga | 2024-2025]  [162/380] Mallorca vs Girona (id=27146)
18:43:49 INFO  [Spain La Liga | 2024-2025]  [163/380] Sevilla vs Celta Vigo (id=27145)
18:43:51 INFO  [Spain La Liga | 2024-2025]  [164/380] Rayo Vallecano vs Real Madrid (id=27144)
18:43:52 INFO  [Spain La Liga | 2024-2025]  [165/380] Atletico Madrid vs Getafe (id=27142)
18:43:54 INFO  [Spain La Liga | 2024-2025]  [166/380] Alaves vs Athletic Club (id=27149)
18:43:55 INFO  [Spain La Liga | 2024-2025]  [167/380] Villarreal vs Real Betis (id=27148)
18:43:57 INFO  [Spain La Liga | 2024-2025]  [168/380] Real Sociedad vs Las Palmas (id=27151)
18:43:58 INFO  [Spain La Liga | 2024-2025]  [169/380] Barcelona vs Leganes (id=27143)
18:44:00 INFO  [Spain La Liga | 2024-2025]  [170/380] Villarreal vs Rayo Vallecano (id=27098)
18:44:01 INFO  [Spain La Liga | 2024-2025]  [171/380] Espanyol vs Valencia (id=27102)
18:44:02 INFO  [Spain La Liga | 2024-2025]  [172/380] Girona vs Real Valladolid (id=27156)
18:44:04 INFO  [Spain La Liga | 2024-2025]  [173/380] Getafe vs Mallorca (id=27155)
18:44:05 INFO  [Spain La Liga | 2024-2025]  [174/380] Celta Vigo vs Real Sociedad (id=27154)
18:44:06 INFO  [Spain La Liga | 2024-2025]  [175/380] Osasuna vs Athletic Club (id=27159)
18:44:08 INFO  [Spain La Liga | 2024-2025]  💾 checkpoint flush (175/380 matches) …
18:44:08 INFO  [Spain La Liga | 2024-2025]  [176/380] Barcelona vs Atletico Madrid (id=27160)
18:44:09 INFO  [Spain La Liga | 2024-2025]  [177/380] Valencia vs Alaves (id=27161)
18:44:10 INFO  [Spain La Liga | 2024-2025]  [178/380] Real Madrid vs Sevilla (id=27157)
18:44:11 INFO  [Spain La Liga | 2024-2025]  [179/380] Las Palmas vs Espanyol (id=27152)
18:44:13 INFO  [Spain La Liga | 2024-2025]  [180/380] Leganes vs Villarreal (id=27158)
18:44:14 INFO  [Spain La Liga | 2024-2025]  [181/380] Real Betis vs Rayo Vallecano (id=27153)
18:44:16 INFO  [Spain La Liga | 2024-2025]  [182/380] Valencia vs Real Madrid (id=27099)
18:44:17 INFO  [Spain La Liga | 2024-2025]  [183/380] Rayo Vallecano vs Celta Vigo (id=27169)
18:44:18 INFO  [Spain La Liga | 2024-2025]  [184/380] Alaves vs Girona (id=27166)
18:44:20 INFO  [Spain La Liga | 2024-2025]  [185/380] Real Valladolid vs Real Betis (id=27168)
18:44:21 INFO  [Spain La Liga | 2024-2025]  [186/380] Espanyol vs Leganes (id=27171)
18:44:22 INFO  [Spain La Liga | 2024-2025]  [187/380] Sevilla vs Valencia (id=27165)
18:44:24 INFO  [Spain La Liga | 2024-2025]  [188/380] Las Palmas vs Getafe (id=27170)
18:44:25 INFO  [Spain La Liga | 2024-2025]  [189/380] Atletico Madrid vs Osasuna (id=27163)
18:44:27 INFO  [Spain La Liga | 2024-2025]  [190/380] Real Sociedad vs Villarreal (id=27164)
18:44:28 INFO  [Spain La Liga | 2024-2025]  [191/380] Espanyol vs Real Valladolid (id=27172)
18:44:29 INFO  [Spain La Liga | 2024-2025]  [192/380] Girona vs Sevilla (id=27173)
18:44:31 INFO  [Spain La Liga | 2024-2025]  [193/380] Leganes vs Atletico Madrid (id=27176)
18:44:32 INFO  [Spain La Liga | 2024-2025]  [194/380] Real Betis vs Alaves (id=27181)
18:44:34 INFO  [Spain La Liga | 2024-2025]  [195/380] Getafe vs Barcelona (id=27177)
18:44:35 INFO  [Spain La Liga | 2024-2025]  [196/380] Celta Vigo vs Athletic Club (id=27175)
18:44:37 INFO  [Spain La Liga | 2024-2025]  [197/380] Real Madrid vs Las Palmas (id=27180)
18:44:38 INFO  [Spain La Liga | 2024-2025]  [198/380] Osasuna vs Rayo Vallecano (id=27174)
18:44:39 INFO  [Spain La Liga | 2024-2025]  [199/380] Valencia vs Real Sociedad (id=27179)
18:44:41 INFO  [Spain La Liga | 2024-2025]  [200/380] Villarreal vs Mallorca (id=27178)
18:44:42 INFO  [Spain La Liga | 2024-2025]  💾 checkpoint flush (200/380 matches) …
18:44:42 INFO  [Spain La Liga | 2024-2025]  [201/380] Las Palmas vs Osasuna (id=27185)
18:44:44 INFO  [Spain La Liga | 2024-2025]  [202/380] Mallorca vs Real Betis (id=27187)
18:44:45 INFO  [Spain La Liga | 2024-2025]  [203/380] Atletico Madrid vs Villarreal (id=27183)
18:44:47 INFO  [Spain La Liga | 2024-2025]  [204/380] Sevilla vs Espanyol (id=27191)
18:44:48 INFO  [Spain La Liga | 2024-2025]  [205/380] Real Valladolid vs Real Madrid (id=27190)
18:44:49 INFO  [Spain La Liga | 2024-2025]  [206/380] Rayo Vallecano vs Girona (id=27189)
18:44:51 INFO  [Spain La Liga | 2024-2025]  [207/380] Real Sociedad vs Getafe (id=27188)
18:44:52 INFO  [Spain La Liga | 2024-2025]  [208/380] Athletic Club vs Leganes (id=27182)
18:44:54 INFO  [Spain La Liga | 2024-2025]  [209/380] Barcelona vs Valencia (id=27184)
18:44:55 INFO  [Spain La Liga | 2024-2025]  [210/380] Alaves vs Celta Vigo (id=27186)
18:44:56 INFO  [Spain La Liga | 2024-2025]  [211/380] Leganes vs Rayo Vallecano (id=27197)
18:44:58 INFO  [Spain La Liga | 2024-2025]  [212/380] Getafe vs Sevilla (id=27193)
18:44:59 INFO  [Spain La Liga | 2024-2025]  [213/380] Villarreal vs Real Valladolid (id=27196)
18:45:01 INFO  [Spain La Liga | 2024-2025]  [214/380] Atletico Madrid vs Mallorca (id=27192)
18:45:02 INFO  [Spain La Liga | 2024-2025]  [215/380] Espanyol vs Real Madrid (id=27201)
18:45:04 INFO  [Spain La Liga | 2024-2025]  [216/380] Barcelona vs Alaves (id=27200)
18:45:05 INFO  [Spain La Liga | 2024-2025]  [217/380] Valencia vs Celta Vigo (id=27199)
18:45:07 INFO  [Spain La Liga | 2024-2025]  [218/380] Osasuna vs Real Sociedad (id=27195)
18:45:08 INFO  [Spain La Liga | 2024-2025]  [219/380] Real Betis vs Athletic Club (id=27198)
18:45:10 INFO  [Spain La Liga | 2024-2025]  [220/380] Girona vs Las Palmas (id=27194)
18:45:11 INFO  [Spain La Liga | 2024-2025]  [221/380] Rayo Vallecano vs Real Valladolid (id=27211)
18:45:13 INFO  [Spain La Liga | 2024-2025]  [222/380] Celta Vigo vs Real Betis (id=27207)
18:45:14 INFO  [Spain La Liga | 2024-2025]  [223/380] Athletic Club vs Girona (id=27209)
18:45:15 INFO  [Spain La Liga | 2024-2025]  [224/380] Las Palmas vs Villarreal (id=27203)
18:45:17 INFO  [Spain La Liga | 2024-2025]  [225/380] Real Madrid vs Atletico Madrid (id=27205)
18:45:18 INFO  [Spain La Liga | 2024-2025]  💾 checkpoint flush (225/380 matches) …
18:45:18 INFO  [Spain La Liga | 2024-2025]  [226/380] Alaves vs Getafe (id=27204)
18:45:20 INFO  [Spain La Liga | 2024-2025]  [227/380] Valencia vs Leganes (id=27208)
18:45:21 INFO  [Spain La Liga | 2024-2025]  [228/380] Real Sociedad vs Espanyol (id=27202)
18:45:23 INFO  [Spain La Liga | 2024-2025]  [229/380] Sevilla vs Barcelona (id=27206)
18:45:24 INFO  [Spain La Liga | 2024-2025]  [230/380] Mallorca vs Osasuna (id=27210)
18:45:25 INFO  [Spain La Liga | 2024-2025]  [231/380] Girona vs Getafe (id=27213)
18:45:27 INFO  [Spain La Liga | 2024-2025]  [232/380] Leganes vs Alaves (id=27219)
18:45:28 INFO  [Spain La Liga | 2024-2025]  [233/380] Osasuna vs Real Madrid (id=27220)
18:45:30 INFO  [Spain La Liga | 2024-2025]  [234/380] Atletico Madrid vs Celta Vigo (id=27212)
18:45:31 INFO  [Spain La Liga | 2024-2025]  [235/380] Villarreal vs Valencia (id=27216)
18:45:32 INFO  [Spain La Liga | 2024-2025]  [236/380] Espanyol vs Athletic Club (id=27221)
18:45:34 INFO  [Spain La Liga | 2024-2025]  [237/380] Real Valladolid vs Sevilla (id=27215)
18:45:36 INFO  [Spain La Liga | 2024-2025]  [238/380] Mallorca vs Las Palmas (id=27217)
18:45:37 INFO  [Spain La Liga | 2024-2025]  [239/380] Real Betis vs Real Sociedad (id=27218)
18:45:38 INFO  [Spain La Liga | 2024-2025]  [240/380] Barcelona vs Rayo Vallecano (id=27214)
18:45:40 INFO  [Spain La Liga | 2024-2025]  [241/380] Celta Vigo vs Osasuna (id=27223)
18:45:41 INFO  [Spain La Liga | 2024-2025]  [242/380] Alaves vs Espanyol (id=27231)
18:45:43 INFO  [Spain La Liga | 2024-2025]  [243/380] Rayo Vallecano vs Villarreal (id=27224)
18:45:44 INFO  [Spain La Liga | 2024-2025]  [244/380] Valencia vs Atletico Madrid (id=27225)
18:45:46 INFO  [Spain La Liga | 2024-2025]  [245/380] Las Palmas vs Barcelona (id=27226)
18:45:47 INFO  [Spain La Liga | 2024-2025]  [246/380] Athletic Club vs Real Valladolid (id=27222)
18:45:49 INFO  [Spain La Liga | 2024-2025]  [247/380] Real Madrid vs Girona (id=27228)
18:45:50 INFO  [Spain La Liga | 2024-2025]  [248/380] Getafe vs Real Betis (id=27227)
18:45:51 INFO  [Spain La Liga | 2024-2025]  [249/380] Real Sociedad vs Leganes (id=27230)
18:45:53 INFO  [Spain La Liga | 2024-2025]  [250/380] Sevilla vs Mallorca (id=27229)
18:45:54 INFO  [Spain La Liga | 2024-2025]  💾 checkpoint flush (250/380 matches) …
18:45:54 INFO  [Spain La Liga | 2024-2025]  [251/380] Real Valladolid vs Las Palmas (id=27239)
18:45:56 INFO  [Spain La Liga | 2024-2025]  [252/380] Girona vs Celta Vigo (id=27237)
18:45:57 INFO  [Spain La Liga | 2024-2025]  [253/380] Rayo Vallecano vs Sevilla (id=27235)
18:45:59 INFO  [Spain La Liga | 2024-2025]  [254/380] Real Betis vs Real Madrid (id=27233)
18:46:00 INFO  [Spain La Liga | 2024-2025]  [255/380] Atletico Madrid vs Athletic Club (id=27236)
18:46:02 INFO  [Spain La Liga | 2024-2025]  [256/380] Leganes vs Getafe (id=27238)
18:46:03 INFO  [Spain La Liga | 2024-2025]  [257/380] Barcelona vs Real Sociedad (id=27232)
18:46:04 INFO  [Spain La Liga | 2024-2025]  [258/380] Mallorca vs Alaves (id=27240)
18:46:06 INFO  [Spain La Liga | 2024-2025]  [259/380] Osasuna vs Valencia (id=27234)
18:46:07 INFO  [Spain La Liga | 2024-2025]  [260/380] Celta Vigo vs Leganes (id=27246)
18:46:09 INFO  [Spain La Liga | 2024-2025]  [261/380] Alaves vs Villarreal (id=27249)
18:46:10 INFO  [Spain La Liga | 2024-2025]  [262/380] Valencia vs Real Valladolid (id=27248)
18:46:12 INFO  [Spain La Liga | 2024-2025]  [263/380] Getafe vs Atletico Madrid (id=27250)
18:46:13 INFO  [Spain La Liga | 2024-2025]  [264/380] Real Madrid vs Rayo Vallecano (id=27251)
18:46:15 INFO  [Spain La Liga | 2024-2025]  [265/380] Athletic Club vs Mallorca (id=27243)
18:46:16 INFO  [Spain La Liga | 2024-2025]  [266/380] Real Betis vs Las Palmas (id=27245)
18:46:17 INFO  [Spain La Liga | 2024-2025]  [267/380] Real Sociedad vs Sevilla (id=27247)
18:46:19 INFO  [Spain La Liga | 2024-2025]  [268/380] Espanyol vs Girona (id=27242)
18:46:20 INFO  [Spain La Liga | 2024-2025]  [269/380] Las Palmas vs Alaves (id=27260)
18:46:22 INFO  [Spain La Liga | 2024-2025]  [270/380] Real Valladolid vs Celta Vigo (id=27257)
18:46:23 INFO  [Spain La Liga | 2024-2025]  [271/380] Mallorca vs Espanyol (id=27261)
18:46:25 INFO  [Spain La Liga | 2024-2025]  [272/380] Villarreal vs Real Madrid (id=27259)
18:46:26 INFO  [Spain La Liga | 2024-2025]  [273/380] Girona vs Valencia (id=27253)
18:46:27 INFO  [Spain La Liga | 2024-2025]  [274/380] Leganes vs Real Betis (id=27256)
18:46:29 INFO  [Spain La Liga | 2024-2025]  [275/380] Sevilla vs Athletic Club (id=27255)
18:46:30 INFO  [Spain La Liga | 2024-2025]  💾 checkpoint flush (275/380 matches) …
18:46:30 INFO  [Spain La Liga | 2024-2025]  [276/380] Rayo Vallecano vs Real Sociedad (id=27254)
18:46:32 INFO  [Spain La Liga | 2024-2025]  [277/380] Osasuna vs Getafe (id=27258)
18:46:33 INFO  [Spain La Liga | 2024-2025]  [278/380] Atletico Madrid vs Barcelona (id=27252)
18:46:35 INFO  [Spain La Liga | 2024-2025]  [279/380] Barcelona vs Osasuna (id=27244)
18:46:36 INFO  [Spain La Liga | 2024-2025]  [280/380] Real Sociedad vs Real Valladolid (id=27265)
18:46:38 INFO  [Spain La Liga | 2024-2025]  [281/380] Espanyol vs Atletico Madrid (id=27262)
18:46:39 INFO  [Spain La Liga | 2024-2025]  [282/380] Alaves vs Rayo Vallecano (id=27266)
18:46:40 INFO  [Spain La Liga | 2024-2025]  [283/380] Real Madrid vs Leganes (id=27268)
18:46:42 INFO  [Spain La Liga | 2024-2025]  [284/380] Getafe vs Villarreal (id=27264)
18:46:43 INFO  [Spain La Liga | 2024-2025]  [285/380] Barcelona vs Girona (id=27270)
18:46:45 INFO  [Spain La Liga | 2024-2025]  [286/380] Valencia vs Mallorca (id=27267)
18:46:46 INFO  [Spain La Liga | 2024-2025]  [287/380] Athletic Club vs Osasuna (id=27269)
18:46:48 INFO  [Spain La Liga | 2024-2025]  [288/380] Real Betis vs Sevilla (id=27271)
18:46:50 INFO  [Spain La Liga | 2024-2025]  [289/380] Celta Vigo vs Las Palmas (id=27263)
18:46:51 INFO  [Spain La Liga | 2024-2025]  [290/380] Rayo Vallecano vs Espanyol (id=27281)
18:46:53 INFO  [Spain La Liga | 2024-2025]  [291/380] Girona vs Alaves (id=27280)
18:46:54 INFO  [Spain La Liga | 2024-2025]  [292/380] Real Madrid vs Valencia (id=27273)
18:46:56 INFO  [Spain La Liga | 2024-2025]  [293/380] Mallorca vs Celta Vigo (id=27278)
18:46:57 INFO  [Spain La Liga | 2024-2025]  [294/380] Barcelona vs Real Betis (id=27272)
18:46:59 INFO  [Spain La Liga | 2024-2025]  [295/380] Las Palmas vs Real Sociedad (id=27274)
18:47:00 INFO  [Spain La Liga | 2024-2025]  [296/380] Sevilla vs Atletico Madrid (id=27277)
18:47:02 INFO  [Spain La Liga | 2024-2025]  [297/380] Real Valladolid vs Getafe (id=27279)
18:47:03 INFO  [Spain La Liga | 2024-2025]  [298/380] Villarreal vs Athletic Club (id=27276)
18:47:04 INFO  [Spain La Liga | 2024-2025]  [299/380] Leganes vs Osasuna (id=27275)
18:47:06 INFO  [Spain La Liga | 2024-2025]  [300/380] Valencia vs Sevilla (id=27291)
18:47:07 INFO  [Spain La Liga | 2024-2025]  💾 checkpoint flush (300/380 matches) …
18:47:07 INFO  [Spain La Liga | 2024-2025]  [301/380] Real Sociedad vs Mallorca (id=27290)
18:47:09 INFO  [Spain La Liga | 2024-2025]  [302/380] Getafe vs Las Palmas (id=27286)
18:47:10 INFO  [Spain La Liga | 2024-2025]  [303/380] Celta Vigo vs Espanyol (id=27282)
18:47:12 INFO  [Spain La Liga | 2024-2025]  [304/380] Leganes vs Barcelona (id=27288)
18:47:13 INFO  [Spain La Liga | 2024-2025]  [305/380] Osasuna vs Girona (id=27289)
18:47:15 INFO  [Spain La Liga | 2024-2025]  [306/380] Alaves vs Real Madrid (id=27287)
18:47:16 INFO  [Spain La Liga | 2024-2025]  [307/380] Real Betis vs Villarreal (id=27285)
18:47:17 INFO  [Spain La Liga | 2024-2025]  [308/380] Athletic Club vs Rayo Vallecano (id=27283)
18:47:19 INFO  [Spain La Liga | 2024-2025]  [309/380] Atletico Madrid vs Real Valladolid (id=27284)
18:47:20 INFO  [Spain La Liga | 2024-2025]  [310/380] Espanyol vs Getafe (id=27301)
18:47:22 INFO  [Spain La Liga | 2024-2025]  [311/380] Rayo Vallecano vs Valencia (id=27293)
18:47:23 INFO  [Spain La Liga | 2024-2025]  [312/380] Barcelona vs Celta Vigo (id=27292)
18:47:24 INFO  [Spain La Liga | 2024-2025]  [313/380] Mallorca vs Leganes (id=27300)
18:47:26 INFO  [Spain La Liga | 2024-2025]  [314/380] Las Palmas vs Atletico Madrid (id=27295)
18:47:27 INFO  [Spain La Liga | 2024-2025]  [315/380] Real Valladolid vs Osasuna (id=27297)
18:47:29 INFO  [Spain La Liga | 2024-2025]  [316/380] Villarreal vs Real Sociedad (id=27298)
18:47:30 INFO  [Spain La Liga | 2024-2025]  [317/380] Sevilla vs Alaves (id=27299)
18:47:32 INFO  [Spain La Liga | 2024-2025]  [318/380] Real Madrid vs Athletic Club (id=27294)
18:47:33 INFO  [Spain La Liga | 2024-2025]  [319/380] Girona vs Real Betis (id=27296)
18:47:35 INFO  [Spain La Liga | 2024-2025]  [320/380] Valencia vs Espanyol (id=27302)
18:47:36 INFO  [Spain La Liga | 2024-2025]  [321/380] Barcelona vs Mallorca (id=27305)
18:47:37 INFO  [Spain La Liga | 2024-2025]  [322/380] Athletic Club vs Las Palmas (id=27303)
18:47:39 INFO  [Spain La Liga | 2024-2025]  [323/380] Celta Vigo vs Villarreal (id=27307)
18:47:40 INFO  [Spain La Liga | 2024-2025]  [324/380] Getafe vs Real Madrid (id=27308)
18:47:42 INFO  [Spain La Liga | 2024-2025]  [325/380] Alaves vs Real Sociedad (id=27310)
18:47:43 INFO  [Spain La Liga | 2024-2025]  💾 checkpoint flush (325/380 matches) …
18:47:43 INFO  [Spain La Liga | 2024-2025]  [326/380] Osasuna vs Sevilla (id=27309)
18:47:45 INFO  [Spain La Liga | 2024-2025]  [327/380] Leganes vs Girona (id=27311)
18:47:46 INFO  [Spain La Liga | 2024-2025]  [328/380] Atletico Madrid vs Rayo Vallecano (id=27304)
18:47:47 INFO  [Spain La Liga | 2024-2025]  [329/380] Real Betis vs Real Valladolid (id=27306)
18:47:49 INFO  [Spain La Liga | 2024-2025]  [330/380] Villarreal vs Espanyol (id=27241)
18:47:50 INFO  [Spain La Liga | 2024-2025]  [331/380] Rayo Vallecano vs Getafe (id=27318)
18:47:52 INFO  [Spain La Liga | 2024-2025]  [332/380] Alaves vs Atletico Madrid (id=27314)
18:47:53 INFO  [Spain La Liga | 2024-2025]  [333/380] Villarreal vs Osasuna (id=27319)
18:47:54 INFO  [Spain La Liga | 2024-2025]  [334/380] Las Palmas vs Valencia (id=27313)
18:47:56 INFO  [Spain La Liga | 2024-2025]  [335/380] Real Valladolid vs Barcelona (id=27316)
18:47:57 INFO  [Spain La Liga | 2024-2025]  [336/380] Real Madrid vs Celta Vigo (id=27317)
18:47:59 INFO  [Spain La Liga | 2024-2025]  [337/380] Sevilla vs Leganes (id=27320)
18:48:00 INFO  [Spain La Liga | 2024-2025]  [338/380] Espanyol vs Real Betis (id=27321)
18:48:01 INFO  [Spain La Liga | 2024-2025]  [339/380] Real Sociedad vs Athletic Club (id=27315)
18:48:03 INFO  [Spain La Liga | 2024-2025]  [340/380] Girona vs Mallorca (id=27312)
18:48:04 INFO  [Spain La Liga | 2024-2025]  [341/380] Las Palmas vs Rayo Vallecano (id=27329)
18:48:06 INFO  [Spain La Liga | 2024-2025]  [342/380] Valencia vs Getafe (id=27330)
18:48:07 INFO  [Spain La Liga | 2024-2025]  [343/380] Celta Vigo vs Sevilla (id=27326)
18:48:09 INFO  [Spain La Liga | 2024-2025]  [344/380] Girona vs Villarreal (id=27327)
18:48:10 INFO  [Spain La Liga | 2024-2025]  [345/380] Mallorca vs Real Valladolid (id=27328)
18:48:12 INFO  [Spain La Liga | 2024-2025]  [346/380] Atletico Madrid vs Real Sociedad (id=27323)
18:48:13 INFO  [Spain La Liga | 2024-2025]  [347/380] Leganes vs Espanyol (id=27322)
18:48:14 INFO  [Spain La Liga | 2024-2025]  [348/380] Barcelona vs Real Madrid (id=27324)
18:48:16 INFO  [Spain La Liga | 2024-2025]  [349/380] Athletic Club vs Alaves (id=27331)
18:48:17 INFO  [Spain La Liga | 2024-2025]  [350/380] Real Betis vs Osasuna (id=27325)
18:48:18 INFO  [Spain La Liga | 2024-2025]  💾 checkpoint flush (350/380 matches) …
18:48:18 INFO  [Spain La Liga | 2024-2025]  [351/380] Real Valladolid vs Girona (id=27338)
18:48:20 INFO  [Spain La Liga | 2024-2025]  [352/380] Real Sociedad vs Celta Vigo (id=27337)
18:48:21 INFO  [Spain La Liga | 2024-2025]  [353/380] Sevilla vs Las Palmas (id=27340)
18:48:22 INFO  [Spain La Liga | 2024-2025]  [354/380] Alaves vs Valencia (id=27333)
18:48:24 INFO  [Spain La Liga | 2024-2025]  [355/380] Villarreal vs Leganes (id=27341)
18:48:25 INFO  [Spain La Liga | 2024-2025]  [356/380] Real Madrid vs Mallorca (id=27339)
18:48:26 INFO  [Spain La Liga | 2024-2025]  [357/380] Osasuna vs Atletico Madrid (id=27335)
18:48:28 INFO  [Spain La Liga | 2024-2025]  [358/380] Rayo Vallecano vs Real Betis (id=27336)
18:48:29 INFO  [Spain La Liga | 2024-2025]  [359/380] Espanyol vs Barcelona (id=27332)
18:48:31 INFO  [Spain La Liga | 2024-2025]  [360/380] Getafe vs Athletic Club (id=27334)
18:48:32 INFO  [Spain La Liga | 2024-2025]  [361/380] Atletico Madrid vs Real Betis (id=27342)
18:48:33 INFO  [Spain La Liga | 2024-2025]  [362/380] Barcelona vs Villarreal (id=27343)
18:48:35 INFO  [Spain La Liga | 2024-2025]  [363/380] Celta Vigo vs Rayo Vallecano (id=27344)
18:48:36 INFO  [Spain La Liga | 2024-2025]  [364/380] Valencia vs Athletic Club (id=27345)
18:48:38 INFO  [Spain La Liga | 2024-2025]  [365/380] Mallorca vs Getafe (id=27346)
18:48:39 INFO  [Spain La Liga | 2024-2025]  [366/380] Real Sociedad vs Girona (id=27347)
18:48:42 INFO  [Spain La Liga | 2024-2025]  [367/380] Sevilla vs Real Madrid (id=27348)
18:48:44 INFO  [Spain La Liga | 2024-2025]  [368/380] Real Valladolid vs Alaves (id=27349)
18:48:45 INFO  [Spain La Liga | 2024-2025]  [369/380] Las Palmas vs Leganes (id=27350)
18:48:47 INFO  [Spain La Liga | 2024-2025]  [370/380] Osasuna vs Espanyol (id=27351)
18:48:48 INFO  [Spain La Liga | 2024-2025]  [371/380] Real Betis vs Valencia (id=27354)
18:48:49 INFO  [Spain La Liga | 2024-2025]  [372/380] Real Madrid vs Real Sociedad (id=27355)
18:48:51 INFO  [Spain La Liga | 2024-2025]  [373/380] Espanyol vs Las Palmas (id=27352)
18:48:54 INFO  [Spain La Liga | 2024-2025]  [374/380] Leganes vs Real Valladolid (id=27357)
18:48:58 INFO  [Spain La Liga | 2024-2025]  [375/380] Alaves vs Osasuna (id=27356)
18:49:00 INFO  [Spain La Liga | 2024-2025]  💾 checkpoint flush (375/380 matches) …
18:49:00 INFO  [Spain La Liga | 2024-2025]  [376/380] Getafe vs Celta Vigo (id=27359)
18:49:02 INFO  [Spain La Liga | 2024-2025]  [377/380] Rayo Vallecano vs Mallorca (id=27360)
18:49:03 INFO  [Spain La Liga | 2024-2025]  [378/380] Girona vs Atletico Madrid (id=27358)
18:49:04 INFO  [Spain La Liga | 2024-2025]  [379/380] Villarreal vs Sevilla (id=27361)
18:49:06 INFO  [Spain La Liga | 2024-2025]  [380/380] Athletic Club vs Barcelona (id=27353)
18:49:07 INFO    💾 9056 rows → understat_match_shots__Spain_La_Liga__2024_2025.parquet
18:49:07 INFO    💾 11900 rows → understat_rosters__Spain_La_Liga__2024_2025.parquet
18:49:07 INFO    💾 380 rows → understat_match_info__Spain_La_Liga__2024_2025.parquet
18:49:07 INFO  [Spain La Liga | 2024-2025]  ✅ saved: shots=9056 roster_rows=11900 info_matches=380
18:49:07 INFO  [Spain La Liga | 2023-2024]  📡 Understat matches — fetching match list
18:49:09 INFO  [Spain La Liga | 2023-2024]  ✅ 380 completed on Understat, 380 remaining to fetch
18:49:09 INFO  [Spain La Liga | 2023-2024]  [1/380] Almeria vs Rayo Vallecano (id=22685)
18:49:11 INFO  [Spain La Liga | 2023-2024]  💾 checkpoint flush (1/380 matches) …
18:49:11 INFO  [Spain La Liga | 2023-2024]  [2/380] Sevilla vs Valencia (id=22686)
18:49:12 INFO  [Spain La Liga | 2023-2024]  [3/380] Real Sociedad vs Girona (id=22687)
18:49:14 INFO  [Spain La Liga | 2023-2024]  [4/380] Las Palmas vs Mallorca (id=22688)
18:49:15 INFO  [Spain La Liga | 2023-2024]  [5/380] Athletic Club vs Real Madrid (id=22689)
18:49:16 INFO  [Spain La Liga | 2023-2024]  [6/380] Celta Vigo vs Osasuna (id=22690)
18:49:18 INFO  [Spain La Liga | 2023-2024]  [7/380] Villarreal vs Real Betis (id=22691)
18:49:19 INFO  [Spain La Liga | 2023-2024]  [8/380] Getafe vs Barcelona (id=22692)
18:49:21 INFO  [Spain La Liga | 2023-2024]  [9/380] Cadiz vs Alaves (id=22693)
18:49:22 INFO  [Spain La Liga | 2023-2024]  [10/380] Atletico Madrid vs Granada (id=22694)
18:49:24 INFO  [Spain La Liga | 2023-2024]  [11/380] Mallorca vs Villarreal (id=22695)
18:49:25 INFO  [Spain La Liga | 2023-2024]  [12/380] Valencia vs Las Palmas (id=22696)
18:49:26 INFO  [Spain La Liga | 2023-2024]  [13/380] Real Sociedad vs Celta Vigo (id=22697)
18:49:28 INFO  [Spain La Liga | 2023-2024]  [14/380] Almeria vs Real Madrid (id=22698)
18:49:29 INFO  [Spain La Liga | 2023-2024]  [15/380] Osasuna vs Athletic Club (id=22699)
18:49:30 INFO  [Spain La Liga | 2023-2024]  [16/380] Girona vs Getafe (id=22700)
18:49:32 INFO  [Spain La Liga | 2023-2024]  [17/380] Barcelona vs Cadiz (id=22701)
18:49:36 INFO  [Spain La Liga | 2023-2024]  [18/380] Real Betis vs Atletico Madrid (id=22702)
18:49:38 INFO  [Spain La Liga | 2023-2024]  [19/380] Alaves vs Sevilla (id=22703)
18:49:39 INFO  [Spain La Liga | 2023-2024]  [20/380] Granada vs Rayo Vallecano (id=22704)
18:49:41 INFO  [Spain La Liga | 2023-2024]  [21/380] Las Palmas vs Real Sociedad (id=22705)
18:49:42 INFO  [Spain La Liga | 2023-2024]  [22/380] Celta Vigo vs Real Madrid (id=22712)
18:49:44 INFO  [Spain La Liga | 2023-2024]  [23/380] Cadiz vs Almeria (id=22707)
18:49:45 INFO  [Spain La Liga | 2023-2024]  [24/380] Granada vs Mallorca (id=22708)
18:49:47 INFO  [Spain La Liga | 2023-2024]  [25/380] Sevilla vs Girona (id=22709)
18:49:49 INFO  [Spain La Liga | 2023-2024]  💾 checkpoint flush (25/380 matches) …
18:49:49 INFO  [Spain La Liga | 2023-2024]  [26/380] Villarreal vs Barcelona (id=22710)
18:49:50 INFO  [Spain La Liga | 2023-2024]  [27/380] Valencia vs Osasuna (id=22711)
18:49:51 INFO  [Spain La Liga | 2023-2024]  [28/380] Athletic Club vs Real Betis (id=22706)
18:49:53 INFO  [Spain La Liga | 2023-2024]  [29/380] Getafe vs Alaves (id=22713)
18:49:54 INFO  [Spain La Liga | 2023-2024]  [30/380] Rayo Vallecano vs Atletico Madrid (id=22714)
18:49:56 INFO  [Spain La Liga | 2023-2024]  [31/380] Cadiz vs Villarreal (id=22718)
18:49:57 INFO  [Spain La Liga | 2023-2024]  [32/380] Almeria vs Celta Vigo (id=22715)
18:49:58 INFO  [Spain La Liga | 2023-2024]  [33/380] Real Sociedad vs Granada (id=22724)
18:50:00 INFO  [Spain La Liga | 2023-2024]  [34/380] Real Madrid vs Getafe (id=22723)
18:50:01 INFO  [Spain La Liga | 2023-2024]  [35/380] Alaves vs Valencia (id=22720)
18:50:03 INFO  [Spain La Liga | 2023-2024]  [36/380] Real Betis vs Rayo Vallecano (id=22717)
18:50:04 INFO  [Spain La Liga | 2023-2024]  [37/380] Girona vs Las Palmas (id=22719)
18:50:06 INFO  [Spain La Liga | 2023-2024]  [38/380] Mallorca vs Athletic Club (id=22721)
18:50:07 INFO  [Spain La Liga | 2023-2024]  [39/380] Osasuna vs Barcelona (id=22722)
18:50:08 INFO  [Spain La Liga | 2023-2024]  [40/380] Rayo Vallecano vs Alaves (id=22734)
18:50:10 INFO  [Spain La Liga | 2023-2024]  [41/380] Athletic Club vs Cadiz (id=22725)
18:50:11 INFO  [Spain La Liga | 2023-2024]  [42/380] Valencia vs Atletico Madrid (id=22731)
18:50:13 INFO  [Spain La Liga | 2023-2024]  [43/380] Celta Vigo vs Mallorca (id=22727)
18:50:14 INFO  [Spain La Liga | 2023-2024]  [44/380] Barcelona vs Real Betis (id=22726)
18:50:16 INFO  [Spain La Liga | 2023-2024]  [45/380] Getafe vs Osasuna (id=22728)
18:50:17 INFO  [Spain La Liga | 2023-2024]  [46/380] Villarreal vs Almeria (id=22730)
18:50:19 INFO  [Spain La Liga | 2023-2024]  [47/380] Sevilla vs Las Palmas (id=22733)
18:50:20 INFO  [Spain La Liga | 2023-2024]  [48/380] Real Madrid vs Real Sociedad (id=22729)
18:50:21 INFO  [Spain La Liga | 2023-2024]  [49/380] Granada vs Girona (id=22732)
18:50:23 INFO  [Spain La Liga | 2023-2024]  [50/380] Alaves vs Athletic Club (id=22742)
18:50:24 INFO  [Spain La Liga | 2023-2024]  💾 checkpoint flush (50/380 matches) …
18:50:24 INFO  [Spain La Liga | 2023-2024]  [51/380] Girona vs Mallorca (id=22739)
18:50:26 INFO  [Spain La Liga | 2023-2024]  [52/380] Osasuna vs Sevilla (id=22740)
18:50:27 INFO  [Spain La Liga | 2023-2024]  [53/380] Barcelona vs Celta Vigo (id=22737)
18:50:29 INFO  [Spain La Liga | 2023-2024]  [54/380] Almeria vs Valencia (id=22735)
18:50:30 INFO  [Spain La Liga | 2023-2024]  [55/380] Real Sociedad vs Getafe (id=22743)
18:50:31 INFO  [Spain La Liga | 2023-2024]  [56/380] Rayo Vallecano vs Villarreal (id=22741)
18:50:33 INFO  [Spain La Liga | 2023-2024]  [57/380] Real Betis vs Cadiz (id=22738)
18:50:34 INFO  [Spain La Liga | 2023-2024]  [58/380] Las Palmas vs Granada (id=22744)
18:50:36 INFO  [Spain La Liga | 2023-2024]  [59/380] Atletico Madrid vs Real Madrid (id=22736)
18:50:37 INFO  [Spain La Liga | 2023-2024]  [60/380] Sevilla vs Almeria (id=22747)
18:50:39 INFO  [Spain La Liga | 2023-2024]  [61/380] Mallorca vs Barcelona (id=22749)
18:50:40 INFO  [Spain La Liga | 2023-2024]  [62/380] Athletic Club vs Getafe (id=22745)
18:50:42 INFO  [Spain La Liga | 2023-2024]  [63/380] Villarreal vs Girona (id=22751)
18:50:43 INFO  [Spain La Liga | 2023-2024]  [64/380] Real Madrid vs Las Palmas (id=22753)
18:50:45 INFO  [Spain La Liga | 2023-2024]  [65/380] Cadiz vs Rayo Vallecano (id=22746)
18:50:46 INFO  [Spain La Liga | 2023-2024]  [66/380] Valencia vs Real Sociedad (id=22752)
18:50:47 INFO  [Spain La Liga | 2023-2024]  [67/380] Granada vs Real Betis (id=22750)
18:50:49 INFO  [Spain La Liga | 2023-2024]  [68/380] Celta Vigo vs Alaves (id=22754)
18:50:50 INFO  [Spain La Liga | 2023-2024]  [69/380] Osasuna vs Atletico Madrid (id=22748)
18:50:52 INFO  [Spain La Liga | 2023-2024]  [70/380] Barcelona vs Sevilla (id=22757)
18:50:53 INFO  [Spain La Liga | 2023-2024]  [71/380] Getafe vs Villarreal (id=22759)
18:50:54 INFO  [Spain La Liga | 2023-2024]  [72/380] Rayo Vallecano vs Mallorca (id=22764)
18:50:56 INFO  [Spain La Liga | 2023-2024]  [73/380] Girona vs Real Madrid (id=22760)
18:50:58 INFO  [Spain La Liga | 2023-2024]  [74/380] Real Sociedad vs Athletic Club (id=22762)
18:50:59 INFO  [Spain La Liga | 2023-2024]  [75/380] Almeria vs Granada (id=22755)
18:51:01 INFO  [Spain La Liga | 2023-2024]  💾 checkpoint flush (75/380 matches) …
18:51:01 INFO  [Spain La Liga | 2023-2024]  [76/380] Alaves vs Osasuna (id=22761)
18:51:02 INFO  [Spain La Liga | 2023-2024]  [77/380] Atletico Madrid vs Cadiz (id=22756)
18:51:04 INFO  [Spain La Liga | 2023-2024]  [78/380] Real Betis vs Valencia (id=22758)
18:51:05 INFO  [Spain La Liga | 2023-2024]  [79/380] Las Palmas vs Celta Vigo (id=22763)
18:51:07 INFO  [Spain La Liga | 2023-2024]  [80/380] Athletic Club vs Almeria (id=22770)
18:51:08 INFO  [Spain La Liga | 2023-2024]  [81/380] Cadiz vs Girona (id=22766)
18:51:10 INFO  [Spain La Liga | 2023-2024]  [82/380] Real Madrid vs Osasuna (id=22772)
18:51:11 INFO  [Spain La Liga | 2023-2024]  [83/380] Mallorca vs Valencia (id=22768)
18:51:13 INFO  [Spain La Liga | 2023-2024]  [84/380] Sevilla vs Rayo Vallecano (id=22773)
18:51:14 INFO  [Spain La Liga | 2023-2024]  [85/380] Villarreal vs Las Palmas (id=22774)
18:51:15 INFO  [Spain La Liga | 2023-2024]  [86/380] Atletico Madrid vs Real Sociedad (id=22765)
18:51:17 INFO  [Spain La Liga | 2023-2024]  [87/380] Celta Vigo vs Getafe (id=22767)
18:51:18 INFO  [Spain La Liga | 2023-2024]  [88/380] Alaves vs Real Betis (id=22769)
18:51:20 INFO  [Spain La Liga | 2023-2024]  [89/380] Granada vs Barcelona (id=22771)
18:51:21 INFO  [Spain La Liga | 2023-2024]  [90/380] Osasuna vs Granada (id=22783)
18:51:23 INFO  [Spain La Liga | 2023-2024]  [91/380] Real Sociedad vs Mallorca (id=22781)
18:51:24 INFO  [Spain La Liga | 2023-2024]  [92/380] Getafe vs Real Betis (id=22779)
18:51:25 INFO  [Spain La Liga | 2023-2024]  [93/380] Sevilla vs Real Madrid (id=22782)
18:51:27 INFO  [Spain La Liga | 2023-2024]  [94/380] Celta Vigo vs Atletico Madrid (id=22778)
18:51:28 INFO  [Spain La Liga | 2023-2024]  [95/380] Las Palmas vs Rayo Vallecano (id=22775)
18:51:30 INFO  [Spain La Liga | 2023-2024]  [96/380] Girona vs Almeria (id=22776)
18:51:31 INFO  [Spain La Liga | 2023-2024]  [97/380] Villarreal vs Alaves (id=22784)
18:51:33 INFO  [Spain La Liga | 2023-2024]  [98/380] Barcelona vs Athletic Club (id=22777)
18:51:34 INFO  [Spain La Liga | 2023-2024]  [99/380] Valencia vs Cadiz (id=22780)
18:51:36 INFO  [Spain La Liga | 2023-2024]  [100/380] Girona vs Celta Vigo (id=22792)
18:51:37 INFO  [Spain La Liga | 2023-2024]  💾 checkpoint flush (100/380 matches) …
18:51:37 INFO  [Spain La Liga | 2023-2024]  [101/380] Almeria vs Las Palmas (id=22785)
18:51:39 INFO  [Spain La Liga | 2023-2024]  [102/380] Barcelona vs Real Madrid (id=22787)
18:51:40 INFO  [Spain La Liga | 2023-2024]  [103/380] Mallorca vs Getafe (id=22793)
18:51:42 INFO  [Spain La Liga | 2023-2024]  [104/380] Cadiz vs Sevilla (id=22789)
18:51:43 INFO  [Spain La Liga | 2023-2024]  [105/380] Real Betis vs Osasuna (id=22788)
18:51:45 INFO  [Spain La Liga | 2023-2024]  [106/380] Rayo Vallecano vs Real Sociedad (id=22790)
18:51:46 INFO  [Spain La Liga | 2023-2024]  [107/380] Athletic Club vs Valencia (id=22786)
18:51:48 INFO  [Spain La Liga | 2023-2024]  [108/380] Atletico Madrid vs Alaves (id=22794)
18:51:49 INFO  [Spain La Liga | 2023-2024]  [109/380] Granada vs Villarreal (id=22791)
18:51:51 INFO  [Spain La Liga | 2023-2024]  [110/380] Las Palmas vs Atletico Madrid (id=22799)
18:51:52 INFO  [Spain La Liga | 2023-2024]  [111/380] Osasuna vs Girona (id=22802)
18:51:53 INFO  [Spain La Liga | 2023-2024]  [112/380] Real Betis vs Mallorca (id=22795)
18:51:55 INFO  [Spain La Liga | 2023-2024]  [113/380] Celta Vigo vs Sevilla (id=22796)
18:51:56 INFO  [Spain La Liga | 2023-2024]  [114/380] Real Sociedad vs Barcelona (id=22800)
18:51:58 INFO  [Spain La Liga | 2023-2024]  [115/380] Alaves vs Almeria (id=22797)
18:51:59 INFO  [Spain La Liga | 2023-2024]  [116/380] Valencia vs Granada (id=22804)
18:52:01 INFO  [Spain La Liga | 2023-2024]  [117/380] Villarreal vs Athletic Club (id=22798)
18:52:02 INFO  [Spain La Liga | 2023-2024]  [118/380] Real Madrid vs Rayo Vallecano (id=22803)
18:52:03 INFO  [Spain La Liga | 2023-2024]  [119/380] Getafe vs Cadiz (id=22801)
18:52:06 INFO  [Spain La Liga | 2023-2024]  [120/380] Athletic Club vs Celta Vigo (id=22806)
18:52:07 INFO  [Spain La Liga | 2023-2024]  [121/380] Rayo Vallecano vs Girona (id=22812)
18:52:09 INFO  [Spain La Liga | 2023-2024]  [122/380] Almeria vs Real Sociedad (id=22805)
18:52:10 INFO  [Spain La Liga | 2023-2024]  [123/380] Granada vs Getafe (id=22811)
18:52:12 INFO  [Spain La Liga | 2023-2024]  [124/380] Osasuna vs Las Palmas (id=22813)
18:52:13 INFO  [Spain La Liga | 2023-2024]  [125/380] Real Madrid vs Valencia (id=22808)
18:52:15 INFO  [Spain La Liga | 2023-2024]  💾 checkpoint flush (125/380 matches) …
18:52:15 INFO  [Spain La Liga | 2023-2024]  [126/380] Barcelona vs Alaves (id=22814)
18:52:16 INFO  [Spain La Liga | 2023-2024]  [127/380] Sevilla vs Real Betis (id=22809)
18:52:18 INFO  [Spain La Liga | 2023-2024]  [128/380] Atletico Madrid vs Villarreal (id=22807)
18:52:19 INFO  [Spain La Liga | 2023-2024]  [129/380] Alaves vs Granada (id=22819)
18:52:20 INFO  [Spain La Liga | 2023-2024]  [130/380] Rayo Vallecano vs Barcelona (id=22822)
18:52:22 INFO  [Spain La Liga | 2023-2024]  [131/380] Valencia vs Celta Vigo (id=22823)
18:52:23 INFO  [Spain La Liga | 2023-2024]  [132/380] Getafe vs Almeria (id=22820)
18:52:25 INFO  [Spain La Liga | 2023-2024]  [133/380] Atletico Madrid vs Mallorca (id=22815)
18:52:26 INFO  [Spain La Liga | 2023-2024]  [134/380] Villarreal vs Osasuna (id=22824)
18:52:28 INFO  [Spain La Liga | 2023-2024]  [135/380] Real Sociedad vs Sevilla (id=22818)
18:52:29 INFO  [Spain La Liga | 2023-2024]  [136/380] Cadiz vs Real Madrid (id=22817)
18:52:30 INFO  [Spain La Liga | 2023-2024]  [137/380] Real Betis vs Las Palmas (id=22816)
18:52:32 INFO  [Spain La Liga | 2023-2024]  [138/380] Girona vs Athletic Club (id=22821)
18:52:33 INFO  [Spain La Liga | 2023-2024]  [139/380] Mallorca vs Cadiz (id=22810)
18:52:35 INFO  [Spain La Liga | 2023-2024]  [140/380] Las Palmas vs Getafe (id=22832)
18:52:36 INFO  [Spain La Liga | 2023-2024]  [141/380] Girona vs Valencia (id=22827)
18:52:38 INFO  [Spain La Liga | 2023-2024]  [142/380] Athletic Club vs Rayo Vallecano (id=22826)
18:52:39 INFO  [Spain La Liga | 2023-2024]  [143/380] Real Madrid vs Granada (id=22833)
18:52:41 INFO  [Spain La Liga | 2023-2024]  [144/380] Osasuna vs Real Sociedad (id=22828)
18:52:43 INFO  [Spain La Liga | 2023-2024]  [145/380] Mallorca vs Alaves (id=22834)
18:52:44 INFO  [Spain La Liga | 2023-2024]  [146/380] Almeria vs Real Betis (id=22825)
18:52:46 INFO  [Spain La Liga | 2023-2024]  [147/380] Sevilla vs Villarreal (id=22829)
18:52:47 INFO  [Spain La Liga | 2023-2024]  [148/380] Barcelona vs Atletico Madrid (id=22830)
18:52:49 INFO  [Spain La Liga | 2023-2024]  [149/380] Celta Vigo vs Cadiz (id=22831)
18:52:50 INFO  [Spain La Liga | 2023-2024]  [150/380] Getafe vs Valencia (id=22838)
18:52:52 INFO  [Spain La Liga | 2023-2024]  💾 checkpoint flush (150/380 matches) …
18:52:52 INFO  [Spain La Liga | 2023-2024]  [151/380] Alaves vs Las Palmas (id=22840)
18:52:53 INFO  [Spain La Liga | 2023-2024]  [152/380] Real Betis vs Real Madrid (id=22836)
18:52:55 INFO  [Spain La Liga | 2023-2024]  [153/380] Villarreal vs Real Sociedad (id=22844)
18:52:56 INFO  [Spain La Liga | 2023-2024]  [154/380] Mallorca vs Sevilla (id=22839)
18:52:57 INFO  [Spain La Liga | 2023-2024]  [155/380] Atletico Madrid vs Almeria (id=22841)
18:52:59 INFO  [Spain La Liga | 2023-2024]  [156/380] Cadiz vs Osasuna (id=22837)
18:53:00 INFO  [Spain La Liga | 2023-2024]  [157/380] Barcelona vs Girona (id=22835)
18:53:02 INFO  [Spain La Liga | 2023-2024]  [158/380] Rayo Vallecano vs Celta Vigo (id=22843)
18:53:03 INFO  [Spain La Liga | 2023-2024]  [159/380] Granada vs Athletic Club (id=22842)
18:53:05 INFO  [Spain La Liga | 2023-2024]  [160/380] Osasuna vs Rayo Vallecano (id=22848)
18:53:06 INFO  [Spain La Liga | 2023-2024]  [161/380] Celta Vigo vs Granada (id=22847)
18:53:08 INFO  [Spain La Liga | 2023-2024]  [162/380] Athletic Club vs Atletico Madrid (id=22846)
18:53:09 INFO  [Spain La Liga | 2023-2024]  [163/380] Sevilla vs Getafe (id=22853)
18:53:11 INFO  [Spain La Liga | 2023-2024]  [164/380] Valencia vs Barcelona (id=22850)
18:53:12 INFO  [Spain La Liga | 2023-2024]  [165/380] Almeria vs Mallorca (id=22845)
18:53:14 INFO  [Spain La Liga | 2023-2024]  [166/380] Real Sociedad vs Real Betis (id=22851)
18:53:15 INFO  [Spain La Liga | 2023-2024]  [167/380] Las Palmas vs Cadiz (id=22852)
18:53:16 INFO  [Spain La Liga | 2023-2024]  [168/380] Real Madrid vs Villarreal (id=22849)
18:53:18 INFO  [Spain La Liga | 2023-2024]  [169/380] Girona vs Alaves (id=22854)
18:53:19 INFO  [Spain La Liga | 2023-2024]  [170/380] Rayo Vallecano vs Valencia (id=22860)
18:53:21 INFO  [Spain La Liga | 2023-2024]  [171/380] Atletico Madrid vs Getafe (id=22856)
18:53:22 INFO  [Spain La Liga | 2023-2024]  [172/380] Granada vs Sevilla (id=22861)
18:53:24 INFO  [Spain La Liga | 2023-2024]  [173/380] Barcelona vs Almeria (id=22863)
18:53:25 INFO  [Spain La Liga | 2023-2024]  [174/380] Athletic Club vs Las Palmas (id=22855)
18:53:26 INFO  [Spain La Liga | 2023-2024]  [175/380] Villarreal vs Celta Vigo (id=22864)
18:53:28 INFO  [Spain La Liga | 2023-2024]  💾 checkpoint flush (175/380 matches) …
18:53:28 INFO  [Spain La Liga | 2023-2024]  [176/380] Real Betis vs Girona (id=22857)
18:53:29 INFO  [Spain La Liga | 2023-2024]  [177/380] Cadiz vs Real Sociedad (id=22858)
18:53:32 INFO  [Spain La Liga | 2023-2024]  [178/380] Mallorca vs Osasuna (id=22859)
18:53:33 INFO  [Spain La Liga | 2023-2024]  [179/380] Alaves vs Real Madrid (id=22862)
18:53:35 INFO  [Spain La Liga | 2023-2024]  [180/380] Atletico Madrid vs Sevilla (id=22716)
18:53:36 INFO  [Spain La Liga | 2023-2024]  [181/380] Getafe vs Rayo Vallecano (id=22865)
18:53:37 INFO  [Spain La Liga | 2023-2024]  [182/380] Real Sociedad vs Alaves (id=22874)
18:53:39 INFO  [Spain La Liga | 2023-2024]  [183/380] Valencia vs Villarreal (id=22866)
18:53:40 INFO  [Spain La Liga | 2023-2024]  [184/380] Granada vs Cadiz (id=22872)
18:53:42 INFO  [Spain La Liga | 2023-2024]  [185/380] Celta Vigo vs Real Betis (id=22871)
18:53:43 INFO  [Spain La Liga | 2023-2024]  [186/380] Real Madrid vs Mallorca (id=22873)
18:53:45 INFO  [Spain La Liga | 2023-2024]  [187/380] Girona vs Atletico Madrid (id=22869)
18:53:46 INFO  [Spain La Liga | 2023-2024]  [188/380] Osasuna vs Almeria (id=22867)
18:53:47 INFO  [Spain La Liga | 2023-2024]  [189/380] Sevilla vs Athletic Club (id=22868)
18:53:49 INFO  [Spain La Liga | 2023-2024]  [190/380] Las Palmas vs Barcelona (id=22870)
18:53:50 INFO  [Spain La Liga | 2023-2024]  [191/380] Sevilla vs Alaves (id=22884)
18:53:52 INFO  [Spain La Liga | 2023-2024]  [192/380] Las Palmas vs Villarreal (id=22882)
18:53:53 INFO  [Spain La Liga | 2023-2024]  [193/380] Mallorca vs Celta Vigo (id=22883)
18:53:55 INFO  [Spain La Liga | 2023-2024]  [194/380] Athletic Club vs Real Sociedad (id=22876)
18:53:56 INFO  [Spain La Liga | 2023-2024]  [195/380] Real Betis vs Granada (id=22879)
18:53:59 INFO  [Spain La Liga | 2023-2024]  [196/380] Almeria vs Girona (id=22875)
18:54:01 INFO  [Spain La Liga | 2023-2024]  [197/380] Cadiz vs Valencia (id=22880)
18:54:02 INFO  [Spain La Liga | 2023-2024]  [198/380] Alaves vs Cadiz (id=22887)
18:54:04 INFO  [Spain La Liga | 2023-2024]  [199/380] Rayo Vallecano vs Las Palmas (id=22894)
18:54:05 INFO  [Spain La Liga | 2023-2024]  [200/380] Villarreal vs Mallorca (id=22893)
18:54:06 INFO  [Spain La Liga | 2023-2024]  💾 checkpoint flush (200/380 matches) …
18:54:07 INFO  [Spain La Liga | 2023-2024]  [201/380] Valencia vs Athletic Club (id=22889)
18:54:08 INFO  [Spain La Liga | 2023-2024]  [202/380] Celta Vigo vs Real Sociedad (id=22885)
18:54:09 INFO  [Spain La Liga | 2023-2024]  [203/380] Osasuna vs Getafe (id=22892)
18:54:11 INFO  [Spain La Liga | 2023-2024]  [204/380] Real Madrid vs Almeria (id=22888)
18:54:12 INFO  [Spain La Liga | 2023-2024]  [205/380] Real Betis vs Barcelona (id=22891)
18:54:14 INFO  [Spain La Liga | 2023-2024]  [206/380] Girona vs Sevilla (id=22886)
18:54:15 INFO  [Spain La Liga | 2023-2024]  [207/380] Granada vs Atletico Madrid (id=22890)
18:54:17 INFO  [Spain La Liga | 2023-2024]  [208/380] Almeria vs Alaves (id=22904)
18:54:18 INFO  [Spain La Liga | 2023-2024]  [209/380] Real Sociedad vs Rayo Vallecano (id=22903)
18:54:20 INFO  [Spain La Liga | 2023-2024]  [210/380] Las Palmas vs Real Madrid (id=22899)
18:54:21 INFO  [Spain La Liga | 2023-2024]  [211/380] Barcelona vs Villarreal (id=22896)
18:54:23 INFO  [Spain La Liga | 2023-2024]  [212/380] Mallorca vs Real Betis (id=22901)
18:54:24 INFO  [Spain La Liga | 2023-2024]  [213/380] Celta Vigo vs Girona (id=22897)
18:54:26 INFO  [Spain La Liga | 2023-2024]  [214/380] Cadiz vs Athletic Club (id=22900)
18:54:27 INFO  [Spain La Liga | 2023-2024]  [215/380] Sevilla vs Osasuna (id=22902)
18:54:29 INFO  [Spain La Liga | 2023-2024]  [216/380] Atletico Madrid vs Valencia (id=22895)
18:54:30 INFO  [Spain La Liga | 2023-2024]  [217/380] Getafe vs Granada (id=22898)
18:54:31 INFO  [Spain La Liga | 2023-2024]  [218/380] Barcelona vs Osasuna (id=22878)
18:54:33 INFO  [Spain La Liga | 2023-2024]  [219/380] Atletico Madrid vs Rayo Vallecano (id=22877)
18:54:34 INFO  [Spain La Liga | 2023-2024]  [220/380] Getafe vs Real Madrid (id=22881)
18:54:36 INFO  [Spain La Liga | 2023-2024]  [221/380] Athletic Club vs Mallorca (id=22905)
18:54:37 INFO  [Spain La Liga | 2023-2024]  [222/380] Valencia vs Almeria (id=22911)
18:54:39 INFO  [Spain La Liga | 2023-2024]  [223/380] Granada vs Las Palmas (id=22909)
18:54:40 INFO  [Spain La Liga | 2023-2024]  [224/380] Alaves vs Barcelona (id=22910)
18:54:41 INFO  [Spain La Liga | 2023-2024]  [225/380] Girona vs Real Sociedad (id=22907)
18:54:43 INFO  [Spain La Liga | 2023-2024]  💾 checkpoint flush (225/380 matches) …
18:54:43 INFO  [Spain La Liga | 2023-2024]  [226/380] Villarreal vs Cadiz (id=22913)
18:54:44 INFO  [Spain La Liga | 2023-2024]  [227/380] Osasuna vs Celta Vigo (id=22914)
18:54:46 INFO  [Spain La Liga | 2023-2024]  [228/380] Real Betis vs Getafe (id=22906)
18:54:47 INFO  [Spain La Liga | 2023-2024]  [229/380] Real Madrid vs Atletico Madrid (id=22912)
18:54:49 INFO  [Spain La Liga | 2023-2024]  [230/380] Rayo Vallecano vs Sevilla (id=22908)
18:54:50 INFO  [Spain La Liga | 2023-2024]  [231/380] Cadiz vs Real Betis (id=22921)
18:54:52 INFO  [Spain La Liga | 2023-2024]  [232/380] Alaves vs Villarreal (id=22919)
18:54:53 INFO  [Spain La Liga | 2023-2024]  [233/380] Real Sociedad vs Osasuna (id=22924)
18:54:55 INFO  [Spain La Liga | 2023-2024]  [234/380] Real Madrid vs Girona (id=22923)
18:54:56 INFO  [Spain La Liga | 2023-2024]  [235/380] Las Palmas vs Valencia (id=22918)
18:54:57 INFO  [Spain La Liga | 2023-2024]  [236/380] Getafe vs Celta Vigo (id=22922)
18:54:59 INFO  [Spain La Liga | 2023-2024]  [237/380] Mallorca vs Rayo Vallecano (id=22917)
18:55:00 INFO  [Spain La Liga | 2023-2024]  [238/380] Sevilla vs Atletico Madrid (id=22920)
18:55:02 INFO  [Spain La Liga | 2023-2024]  [239/380] Barcelona vs Granada (id=22916)
18:55:03 INFO  [Spain La Liga | 2023-2024]  [240/380] Almeria vs Athletic Club (id=22915)
18:55:05 INFO  [Spain La Liga | 2023-2024]  [241/380] Villarreal vs Getafe (id=22932)
18:55:06 INFO  [Spain La Liga | 2023-2024]  [242/380] Atletico Madrid vs Las Palmas (id=22926)
18:55:08 INFO  [Spain La Liga | 2023-2024]  [243/380] Osasuna vs Cadiz (id=22931)
18:55:09 INFO  [Spain La Liga | 2023-2024]  [244/380] Celta Vigo vs Barcelona (id=22930)
18:55:10 INFO  [Spain La Liga | 2023-2024]  [245/380] Valencia vs Sevilla (id=22933)
18:55:12 INFO  [Spain La Liga | 2023-2024]  [246/380] Rayo Vallecano vs Real Madrid (id=22928)
18:55:13 INFO  [Spain La Liga | 2023-2024]  [247/380] Granada vs Almeria (id=22929)
18:55:15 INFO  [Spain La Liga | 2023-2024]  [248/380] Mallorca vs Real Sociedad (id=22927)
18:55:16 INFO  [Spain La Liga | 2023-2024]  [249/380] Real Betis vs Alaves (id=22934)
18:55:17 INFO  [Spain La Liga | 2023-2024]  [250/380] Athletic Club vs Girona (id=22925)
18:55:19 INFO  [Spain La Liga | 2023-2024]  💾 checkpoint flush (250/380 matches) …
18:55:19 INFO  [Spain La Liga | 2023-2024]  [251/380] Real Sociedad vs Villarreal (id=22940)
18:55:20 INFO  [Spain La Liga | 2023-2024]  [252/380] Barcelona vs Getafe (id=22936)
18:55:22 INFO  [Spain La Liga | 2023-2024]  [253/380] Alaves vs Mallorca (id=22943)
18:55:23 INFO  [Spain La Liga | 2023-2024]  [254/380] Almeria vs Atletico Madrid (id=22935)
18:55:25 INFO  [Spain La Liga | 2023-2024]  [255/380] Cadiz vs Celta Vigo (id=22937)
18:55:26 INFO  [Spain La Liga | 2023-2024]  [256/380] Real Betis vs Athletic Club (id=22944)
18:55:31 INFO  [Spain La Liga | 2023-2024]  [257/380] Las Palmas vs Osasuna (id=22942)
18:55:34 INFO  [Spain La Liga | 2023-2024]  [258/380] Real Madrid vs Sevilla (id=22939)
18:55:37 INFO  [Spain La Liga | 2023-2024]  [259/380] Girona vs Rayo Vallecano (id=22938)
18:55:48 INFO  [Spain La Liga | 2023-2024]  [260/380] Celta Vigo vs Almeria (id=22948)
18:55:51 INFO  [Spain La Liga | 2023-2024]  [261/380] Sevilla vs Real Sociedad (id=22952)
18:55:55 INFO  [Spain La Liga | 2023-2024]  [262/380] Rayo Vallecano vs Cadiz (id=22949)
18:55:59 INFO  [Spain La Liga | 2023-2024]  [263/380] Getafe vs Las Palmas (id=22947)
18:56:00 INFO  [Spain La Liga | 2023-2024]  [264/380] Valencia vs Real Madrid (id=22951)
18:56:01 INFO  [Spain La Liga | 2023-2024]  [265/380] Villarreal vs Granada (id=22953)
18:56:03 INFO  [Spain La Liga | 2023-2024]  [266/380] Atletico Madrid vs Real Betis (id=22946)
18:56:04 INFO  [Spain La Liga | 2023-2024]  [267/380] Mallorca vs Girona (id=22950)
18:56:06 INFO  [Spain La Liga | 2023-2024]  [268/380] Athletic Club vs Barcelona (id=22945)
18:56:07 INFO  [Spain La Liga | 2023-2024]  [269/380] Osasuna vs Alaves (id=22954)
18:56:09 INFO  [Spain La Liga | 2023-2024]  [270/380] Barcelona vs Mallorca (id=22956)
18:56:10 INFO  [Spain La Liga | 2023-2024]  [271/380] Valencia vs Getafe (id=22964)
18:56:11 INFO  [Spain La Liga | 2023-2024]  [272/380] Cadiz vs Atletico Madrid (id=22962)
18:56:13 INFO  [Spain La Liga | 2023-2024]  [273/380] Granada vs Real Sociedad (id=22959)
18:56:14 INFO  [Spain La Liga | 2023-2024]  [274/380] Girona vs Osasuna (id=22958)
18:56:16 INFO  [Spain La Liga | 2023-2024]  [275/380] Alaves vs Rayo Vallecano (id=22960)
18:56:17 INFO  [Spain La Liga | 2023-2024]  💾 checkpoint flush (275/380 matches) …
18:56:17 INFO  [Spain La Liga | 2023-2024]  [276/380] Las Palmas vs Athletic Club (id=22961)
18:56:19 INFO  [Spain La Liga | 2023-2024]  [277/380] Real Madrid vs Celta Vigo (id=22963)
18:56:20 INFO  [Spain La Liga | 2023-2024]  [278/380] Real Betis vs Villarreal (id=22957)
18:56:22 INFO  [Spain La Liga | 2023-2024]  [279/380] Almeria vs Sevilla (id=22955)
18:56:23 INFO  [Spain La Liga | 2023-2024]  [280/380] Real Sociedad vs Cadiz (id=22970)
18:56:25 INFO  [Spain La Liga | 2023-2024]  [281/380] Mallorca vs Granada (id=22973)
18:56:26 INFO  [Spain La Liga | 2023-2024]  [282/380] Osasuna vs Real Madrid (id=22967)
18:56:27 INFO  [Spain La Liga | 2023-2024]  [283/380] Getafe vs Girona (id=22966)
18:56:29 INFO  [Spain La Liga | 2023-2024]  [284/380] Athletic Club vs Alaves (id=22974)
18:56:30 INFO  [Spain La Liga | 2023-2024]  [285/380] Sevilla vs Celta Vigo (id=22971)
18:56:32 INFO  [Spain La Liga | 2023-2024]  [286/380] Villarreal vs Valencia (id=22972)
18:56:33 INFO  [Spain La Liga | 2023-2024]  [287/380] Las Palmas vs Almeria (id=22968)
18:56:34 INFO  [Spain La Liga | 2023-2024]  [288/380] Rayo Vallecano vs Real Betis (id=22969)
18:56:36 INFO  [Spain La Liga | 2023-2024]  [289/380] Atletico Madrid vs Barcelona (id=22965)
18:56:37 INFO  [Spain La Liga | 2023-2024]  [290/380] Cadiz vs Granada (id=22977)
18:56:39 INFO  [Spain La Liga | 2023-2024]  [291/380] Getafe vs Sevilla (id=22979)
18:56:40 INFO  [Spain La Liga | 2023-2024]  [292/380] Almeria vs Osasuna (id=22975)
18:56:42 INFO  [Spain La Liga | 2023-2024]  [293/380] Valencia vs Mallorca (id=22984)
18:56:43 INFO  [Spain La Liga | 2023-2024]  [294/380] Barcelona vs Las Palmas (id=22976)
18:56:44 INFO  [Spain La Liga | 2023-2024]  [295/380] Celta Vigo vs Rayo Vallecano (id=22978)
18:56:46 INFO  [Spain La Liga | 2023-2024]  [296/380] Girona vs Real Betis (id=22983)
18:56:47 INFO  [Spain La Liga | 2023-2024]  [297/380] Alaves vs Real Sociedad (id=22980)
18:56:49 INFO  [Spain La Liga | 2023-2024]  [298/380] Real Madrid vs Athletic Club (id=22981)
18:56:50 INFO  [Spain La Liga | 2023-2024]  [299/380] Villarreal vs Atletico Madrid (id=22982)
18:56:52 INFO  [Spain La Liga | 2023-2024]  [300/380] Granada vs Valencia (id=22941)
18:56:53 INFO  [Spain La Liga | 2023-2024]  💾 checkpoint flush (300/380 matches) …
18:56:53 INFO  [Spain La Liga | 2023-2024]  [301/380] Real Betis vs Celta Vigo (id=22987)
18:56:55 INFO  [Spain La Liga | 2023-2024]  [302/380] Atletico Madrid vs Girona (id=22986)
18:56:56 INFO  [Spain La Liga | 2023-2024]  [303/380] Rayo Vallecano vs Getafe (id=22993)
18:56:57 INFO  [Spain La Liga | 2023-2024]  [304/380] Mallorca vs Real Madrid (id=22988)
18:56:59 INFO  [Spain La Liga | 2023-2024]  [305/380] Cadiz vs Barcelona (id=22992)
18:57:00 INFO  [Spain La Liga | 2023-2024]  [306/380] Las Palmas vs Sevilla (id=22990)
18:57:02 INFO  [Spain La Liga | 2023-2024]  [307/380] Granada vs Alaves (id=22994)
18:57:03 INFO  [Spain La Liga | 2023-2024]  [308/380] Athletic Club vs Villarreal (id=22985)
18:57:05 INFO  [Spain La Liga | 2023-2024]  [309/380] Real Sociedad vs Almeria (id=22991)
18:57:06 INFO  [Spain La Liga | 2023-2024]  [310/380] Osasuna vs Valencia (id=22989)
18:57:08 INFO  [Spain La Liga | 2023-2024]  [311/380] Athletic Club vs Granada (id=22996)
18:57:09 INFO  [Spain La Liga | 2023-2024]  [312/380] Celta Vigo vs Las Palmas (id=22997)
18:57:11 INFO  [Spain La Liga | 2023-2024]  [313/380] Rayo Vallecano vs Osasuna (id=23004)
18:57:12 INFO  [Spain La Liga | 2023-2024]  [314/380] Valencia vs Real Betis (id=23001)
18:57:13 INFO  [Spain La Liga | 2023-2024]  [315/380] Girona vs Cadiz (id=23002)
18:57:15 INFO  [Spain La Liga | 2023-2024]  [316/380] Getafe vs Real Sociedad (id=22998)
18:57:16 INFO  [Spain La Liga | 2023-2024]  [317/380] Almeria vs Villarreal (id=22995)
18:57:18 INFO  [Spain La Liga | 2023-2024]  [318/380] Alaves vs Atletico Madrid (id=22999)
18:57:19 INFO  [Spain La Liga | 2023-2024]  [319/380] Real Madrid vs Barcelona (id=23000)
18:57:21 INFO  [Spain La Liga | 2023-2024]  [320/380] Sevilla vs Mallorca (id=23003)
18:57:22 INFO  [Spain La Liga | 2023-2024]  [321/380] Real Sociedad vs Real Madrid (id=23014)
18:57:24 INFO  [Spain La Liga | 2023-2024]  [322/380] Las Palmas vs Girona (id=23012)
18:57:25 INFO  [Spain La Liga | 2023-2024]  [323/380] Almeria vs Getafe (id=23005)
18:57:27 INFO  [Spain La Liga | 2023-2024]  [324/380] Alaves vs Celta Vigo (id=23010)
18:57:28 INFO  [Spain La Liga | 2023-2024]  [325/380] Atletico Madrid vs Athletic Club (id=23011)
18:57:30 INFO  [Spain La Liga | 2023-2024]  💾 checkpoint flush (325/380 matches) …
18:57:30 INFO  [Spain La Liga | 2023-2024]  [326/380] Cadiz vs Mallorca (id=23008)
18:57:31 INFO  [Spain La Liga | 2023-2024]  [327/380] Granada vs Osasuna (id=23009)
18:57:33 INFO  [Spain La Liga | 2023-2024]  [328/380] Villarreal vs Rayo Vallecano (id=23013)
18:57:34 INFO  [Spain La Liga | 2023-2024]  [329/380] Real Betis vs Sevilla (id=23007)
18:57:36 INFO  [Spain La Liga | 2023-2024]  [330/380] Barcelona vs Valencia (id=23006)
18:57:37 INFO  [Spain La Liga | 2023-2024]  [331/380] Getafe vs Athletic Club (id=23017)
18:57:39 INFO  [Spain La Liga | 2023-2024]  [332/380] Real Sociedad vs Las Palmas (id=23023)
18:57:40 INFO  [Spain La Liga | 2023-2024]  [333/380] Real Madrid vs Cadiz (id=23021)
18:57:42 INFO  [Spain La Liga | 2023-2024]  [334/380] Girona vs Barcelona (id=23019)
18:57:43 INFO  [Spain La Liga | 2023-2024]  [335/380] Mallorca vs Atletico Madrid (id=23018)
18:57:45 INFO  [Spain La Liga | 2023-2024]  [336/380] Osasuna vs Real Betis (id=23020)
18:57:46 INFO  [Spain La Liga | 2023-2024]  [337/380] Celta Vigo vs Villarreal (id=23015)
18:57:47 INFO  [Spain La Liga | 2023-2024]  [338/380] Valencia vs Alaves (id=23024)
18:57:49 INFO  [Spain La Liga | 2023-2024]  [339/380] Rayo Vallecano vs Almeria (id=23016)
18:57:50 INFO  [Spain La Liga | 2023-2024]  [340/380] Sevilla vs Granada (id=23022)
18:57:52 INFO  [Spain La Liga | 2023-2024]  [341/380] Alaves vs Girona (id=23030)
18:57:53 INFO  [Spain La Liga | 2023-2024]  [342/380] Mallorca vs Las Palmas (id=23034)
18:57:55 INFO  [Spain La Liga | 2023-2024]  [343/380] Villarreal vs Sevilla (id=23033)
18:57:56 INFO  [Spain La Liga | 2023-2024]  [344/380] Granada vs Real Madrid (id=23029)
18:57:58 INFO  [Spain La Liga | 2023-2024]  [345/380] Athletic Club vs Osasuna (id=23025)
18:57:59 INFO  [Spain La Liga | 2023-2024]  [346/380] Cadiz vs Getafe (id=23028)
18:58:00 INFO  [Spain La Liga | 2023-2024]  [347/380] Atletico Madrid vs Celta Vigo (id=23026)
18:58:02 INFO  [Spain La Liga | 2023-2024]  [348/380] Valencia vs Rayo Vallecano (id=23032)
18:58:03 INFO  [Spain La Liga | 2023-2024]  [349/380] Real Betis vs Almeria (id=23031)
18:58:05 INFO  [Spain La Liga | 2023-2024]  [350/380] Barcelona vs Real Sociedad (id=23027)
18:58:06 INFO  [Spain La Liga | 2023-2024]  💾 checkpoint flush (350/380 matches) …
18:58:06 INFO  [Spain La Liga | 2023-2024]  [351/380] Osasuna vs Mallorca (id=23042)
18:58:08 INFO  [Spain La Liga | 2023-2024]  [352/380] Real Madrid vs Alaves (id=23044)
18:58:09 INFO  [Spain La Liga | 2023-2024]  [353/380] Girona vs Villarreal (id=23036)
18:58:11 INFO  [Spain La Liga | 2023-2024]  [354/380] Sevilla vs Cadiz (id=23041)
18:58:12 INFO  [Spain La Liga | 2023-2024]  [355/380] Rayo Vallecano vs Granada (id=23043)
18:58:14 INFO  [Spain La Liga | 2023-2024]  [356/380] Celta Vigo vs Athletic Club (id=23038)
18:58:15 INFO  [Spain La Liga | 2023-2024]  [357/380] Getafe vs Atletico Madrid (id=23039)
18:58:16 INFO  [Spain La Liga | 2023-2024]  [358/380] Las Palmas vs Real Betis (id=23040)
18:58:18 INFO  [Spain La Liga | 2023-2024]  [359/380] Almeria vs Barcelona (id=23035)
18:58:19 INFO  [Spain La Liga | 2023-2024]  [360/380] Real Sociedad vs Valencia (id=23037)
18:58:21 INFO  [Spain La Liga | 2023-2024]  [361/380] Alaves vs Getafe (id=23050)
18:58:22 INFO  [Spain La Liga | 2023-2024]  [362/380] Athletic Club vs Sevilla (id=23045)
18:58:23 INFO  [Spain La Liga | 2023-2024]  [363/380] Atletico Madrid vs Osasuna (id=23046)
18:58:25 INFO  [Spain La Liga | 2023-2024]  [364/380] Barcelona vs Rayo Vallecano (id=23047)
18:58:26 INFO  [Spain La Liga | 2023-2024]  [365/380] Real Betis vs Real Sociedad (id=23048)
18:58:28 INFO  [Spain La Liga | 2023-2024]  [366/380] Cadiz vs Las Palmas (id=23049)
18:58:29 INFO  [Spain La Liga | 2023-2024]  [367/380] Mallorca vs Almeria (id=23051)
18:58:31 INFO  [Spain La Liga | 2023-2024]  [368/380] Granada vs Celta Vigo (id=23052)
18:58:32 INFO  [Spain La Liga | 2023-2024]  [369/380] Valencia vs Girona (id=23053)
18:58:33 INFO  [Spain La Liga | 2023-2024]  [370/380] Villarreal vs Real Madrid (id=23054)
18:58:35 INFO  [Spain La Liga | 2023-2024]  [371/380] Girona vs Granada (id=23058)
18:58:36 INFO  [Spain La Liga | 2023-2024]  [372/380] Osasuna vs Villarreal (id=23059)
18:58:38 INFO  [Spain La Liga | 2023-2024]  [373/380] Real Sociedad vs Atletico Madrid (id=23061)
18:58:39 INFO  [Spain La Liga | 2023-2024]  [374/380] Almeria vs Cadiz (id=23055)
18:58:40 INFO  [Spain La Liga | 2023-2024]  [375/380] Rayo Vallecano vs Athletic Club (id=23060)
18:58:42 INFO  [Spain La Liga | 2023-2024]  💾 checkpoint flush (375/380 matches) …
18:58:42 INFO  [Spain La Liga | 2023-2024]  [376/380] Real Madrid vs Real Betis (id=23063)
18:58:44 INFO  [Spain La Liga | 2023-2024]  [377/380] Getafe vs Mallorca (id=23057)
18:58:46 INFO  [Spain La Liga | 2023-2024]  [378/380] Celta Vigo vs Valencia (id=23056)
18:58:47 INFO  [Spain La Liga | 2023-2024]  [379/380] Las Palmas vs Alaves (id=23064)
18:58:48 INFO  [Spain La Liga | 2023-2024]  [380/380] Sevilla vs Barcelona (id=23062)
18:58:50 INFO    💾 9311 rows → understat_match_shots__Spain_La_Liga__2023_2024.parquet
18:58:50 INFO    💾 11918 rows → understat_rosters__Spain_La_Liga__2023_2024.parquet
18:58:50 INFO    💾 380 rows → understat_match_info__Spain_La_Liga__2023_2024.parquet
18:58:50 INFO  [Spain La Liga | 2023-2024]  ✅ saved: shots=9311 roster_rows=11918 info_matches=380
18:58:50 INFO  [Germany Bundesliga | 2025-2026]  📡 Understat matches — fetching match list
18:58:52 INFO  [Germany Bundesliga | 2025-2026]  ✅ 306 completed on Understat, 306 remaining to fetch
18:58:52 INFO  [Germany Bundesliga | 2025-2026]  [1/306] Bayern Munich vs RasenBallsport Leipzig (id=30224)
18:58:53 INFO  [Germany Bundesliga | 2025-2026]  💾 checkpoint flush (1/306 matches) …
18:58:53 INFO  [Germany Bundesliga | 2025-2026]  [2/306] FC Heidenheim vs Wolfsburg (id=30225)
18:58:55 INFO  [Germany Bundesliga | 2025-2026]  [3/306] Bayer Leverkusen vs Hoffenheim (id=30226)
18:58:56 INFO  [Germany Bundesliga | 2025-2026]  [4/306] Union Berlin vs VfB Stuttgart (id=30227)
18:58:58 INFO  [Germany Bundesliga | 2025-2026]  [5/306] Eintracht Frankfurt vs Werder Bremen (id=30228)
18:58:59 INFO  [Germany Bundesliga | 2025-2026]  [6/306] Freiburg vs Augsburg (id=30229)
18:59:01 INFO  [Germany Bundesliga | 2025-2026]  [7/306] St. Pauli vs Borussia Dortmund (id=30230)
18:59:02 INFO  [Germany Bundesliga | 2025-2026]  [8/306] Mainz 05 vs FC Cologne (id=30231)
18:59:03 INFO  [Germany Bundesliga | 2025-2026]  [9/306] Borussia M.Gladbach vs Hamburger SV (id=30232)
18:59:05 INFO  [Germany Bundesliga | 2025-2026]  [10/306] Hamburger SV vs St. Pauli (id=30233)
18:59:06 INFO  [Germany Bundesliga | 2025-2026]  [11/306] Hoffenheim vs Eintracht Frankfurt (id=30234)
18:59:08 INFO  [Germany Bundesliga | 2025-2026]  [12/306] RasenBallsport Leipzig vs FC Heidenheim (id=30235)
18:59:09 INFO  [Germany Bundesliga | 2025-2026]  [13/306] Werder Bremen vs Bayer Leverkusen (id=30236)
18:59:11 INFO  [Germany Bundesliga | 2025-2026]  [14/306] VfB Stuttgart vs Borussia M.Gladbach (id=30237)
18:59:12 INFO  [Germany Bundesliga | 2025-2026]  [15/306] Augsburg vs Bayern Munich (id=30238)
18:59:13 INFO  [Germany Bundesliga | 2025-2026]  [16/306] Wolfsburg vs Mainz 05 (id=30239)
18:59:15 INFO  [Germany Bundesliga | 2025-2026]  [17/306] Borussia Dortmund vs Union Berlin (id=30240)
18:59:16 INFO  [Germany Bundesliga | 2025-2026]  [18/306] FC Cologne vs Freiburg (id=30241)
18:59:18 INFO  [Germany Bundesliga | 2025-2026]  [19/306] Bayer Leverkusen vs Eintracht Frankfurt (id=30242)
18:59:19 INFO  [Germany Bundesliga | 2025-2026]  [20/306] Freiburg vs VfB Stuttgart (id=30243)
18:59:20 INFO  [Germany Bundesliga | 2025-2026]  [21/306] FC Heidenheim vs Borussia Dortmund (id=30244)
18:59:22 INFO  [Germany Bundesliga | 2025-2026]  [22/306] Mainz 05 vs RasenBallsport Leipzig (id=30245)
18:59:23 INFO  [Germany Bundesliga | 2025-2026]  [23/306] Wolfsburg vs FC Cologne (id=30246)
18:59:25 INFO  [Germany Bundesliga | 2025-2026]  [24/306] Union Berlin vs Hoffenheim (id=30247)
18:59:26 INFO  [Germany Bundesliga | 2025-2026]  [25/306] Bayern Munich vs Hamburger SV (id=30248)
18:59:28 INFO  [Germany Bundesliga | 2025-2026]  💾 checkpoint flush (25/306 matches) …
18:59:28 INFO  [Germany Bundesliga | 2025-2026]  [26/306] St. Pauli vs Augsburg (id=30249)
18:59:29 INFO  [Germany Bundesliga | 2025-2026]  [27/306] Borussia M.Gladbach vs Werder Bremen (id=30250)
18:59:30 INFO  [Germany Bundesliga | 2025-2026]  [28/306] VfB Stuttgart vs St. Pauli (id=30251)
18:59:32 INFO  [Germany Bundesliga | 2025-2026]  [29/306] Werder Bremen vs Freiburg (id=30252)
18:59:33 INFO  [Germany Bundesliga | 2025-2026]  [30/306] Augsburg vs Mainz 05 (id=30253)
18:59:35 INFO  [Germany Bundesliga | 2025-2026]  [31/306] Hamburger SV vs FC Heidenheim (id=30254)
18:59:36 INFO  [Germany Bundesliga | 2025-2026]  [32/306] Hoffenheim vs Bayern Munich (id=30255)
18:59:38 INFO  [Germany Bundesliga | 2025-2026]  [33/306] RasenBallsport Leipzig vs FC Cologne (id=30256)
18:59:39 INFO  [Germany Bundesliga | 2025-2026]  [34/306] Eintracht Frankfurt vs Union Berlin (id=30257)
18:59:40 INFO  [Germany Bundesliga | 2025-2026]  [35/306] Bayer Leverkusen vs Borussia M.Gladbach (id=30258)
18:59:42 INFO  [Germany Bundesliga | 2025-2026]  [36/306] Borussia Dortmund vs Wolfsburg (id=30259)
18:59:43 INFO  [Germany Bundesliga | 2025-2026]  [37/306] Bayern Munich vs Werder Bremen (id=30260)
18:59:45 INFO  [Germany Bundesliga | 2025-2026]  [38/306] FC Heidenheim vs Augsburg (id=30261)
18:59:46 INFO  [Germany Bundesliga | 2025-2026]  [39/306] Mainz 05 vs Borussia Dortmund (id=30262)
18:59:48 INFO  [Germany Bundesliga | 2025-2026]  [40/306] St. Pauli vs Bayer Leverkusen (id=30263)
18:59:49 INFO  [Germany Bundesliga | 2025-2026]  [41/306] Wolfsburg vs RasenBallsport Leipzig (id=30264)
18:59:50 INFO  [Germany Bundesliga | 2025-2026]  [42/306] Borussia M.Gladbach vs Eintracht Frankfurt (id=30265)
18:59:52 INFO  [Germany Bundesliga | 2025-2026]  [43/306] Freiburg vs Hoffenheim (id=30266)
18:59:53 INFO  [Germany Bundesliga | 2025-2026]  [44/306] FC Cologne vs VfB Stuttgart (id=30267)
18:59:55 INFO  [Germany Bundesliga | 2025-2026]  [45/306] Union Berlin vs Hamburger SV (id=30268)
18:59:56 INFO  [Germany Bundesliga | 2025-2026]  [46/306] Hoffenheim vs FC Cologne (id=30274)
18:59:57 INFO  [Germany Bundesliga | 2025-2026]  [47/306] Bayer Leverkusen vs Union Berlin (id=30269)
18:59:59 INFO  [Germany Bundesliga | 2025-2026]  [48/306] Borussia Dortmund vs RasenBallsport Leipzig (id=30271)
19:00:00 INFO  [Germany Bundesliga | 2025-2026]  [49/306] Augsburg vs Wolfsburg (id=30276)
19:00:02 INFO  [Germany Bundesliga | 2025-2026]  [50/306] Werder Bremen vs St. Pauli (id=30277)
19:00:03 INFO  [Germany Bundesliga | 2025-2026]  💾 checkpoint flush (50/306 matches) …
19:00:03 INFO  [Germany Bundesliga | 2025-2026]  [51/306] Eintracht Frankfurt vs Bayern Munich (id=30272)
19:00:05 INFO  [Germany Bundesliga | 2025-2026]  [52/306] VfB Stuttgart vs FC Heidenheim (id=30275)
19:00:07 INFO  [Germany Bundesliga | 2025-2026]  [53/306] Hamburger SV vs Mainz 05 (id=30273)
19:00:08 INFO  [Germany Bundesliga | 2025-2026]  [54/306] Borussia M.Gladbach vs Freiburg (id=30270)
19:00:10 INFO  [Germany Bundesliga | 2025-2026]  [55/306] Union Berlin vs Borussia M.Gladbach (id=30285)
19:00:11 INFO  [Germany Bundesliga | 2025-2026]  [56/306] FC Cologne vs Augsburg (id=30279)
19:00:13 INFO  [Germany Bundesliga | 2025-2026]  [57/306] FC Heidenheim vs Werder Bremen (id=30281)
19:00:14 INFO  [Germany Bundesliga | 2025-2026]  [58/306] Mainz 05 vs Bayer Leverkusen (id=30282)
19:00:16 INFO  [Germany Bundesliga | 2025-2026]  [59/306] RasenBallsport Leipzig vs Hamburger SV (id=30283)
19:00:17 INFO  [Germany Bundesliga | 2025-2026]  [60/306] Wolfsburg vs VfB Stuttgart (id=30286)
19:00:19 INFO  [Germany Bundesliga | 2025-2026]  [61/306] Bayern Munich vs Borussia Dortmund (id=30278)
19:00:20 INFO  [Germany Bundesliga | 2025-2026]  [62/306] Freiburg vs Eintracht Frankfurt (id=30280)
19:00:22 INFO  [Germany Bundesliga | 2025-2026]  [63/306] St. Pauli vs Hoffenheim (id=30284)
19:00:23 INFO  [Germany Bundesliga | 2025-2026]  [64/306] Werder Bremen vs Union Berlin (id=30295)
19:00:25 INFO  [Germany Bundesliga | 2025-2026]  [65/306] Augsburg vs RasenBallsport Leipzig (id=30287)
19:00:26 INFO  [Germany Bundesliga | 2025-2026]  [66/306] Borussia M.Gladbach vs Bayern Munich (id=30289)
19:00:28 INFO  [Germany Bundesliga | 2025-2026]  [67/306] Eintracht Frankfurt vs St. Pauli (id=30291)
19:00:30 INFO  [Germany Bundesliga | 2025-2026]  [68/306] Hamburger SV vs Wolfsburg (id=30292)
19:00:34 INFO  [Germany Bundesliga | 2025-2026]  [69/306] Hoffenheim vs FC Heidenheim (id=30293)
19:00:38 INFO  [Germany Bundesliga | 2025-2026]  [70/306] Borussia Dortmund vs FC Cologne (id=30290)
19:00:40 INFO  [Germany Bundesliga | 2025-2026]  [71/306] Bayer Leverkusen vs Freiburg (id=30288)
19:00:42 INFO  [Germany Bundesliga | 2025-2026]  [72/306] VfB Stuttgart vs Mainz 05 (id=30294)
19:00:43 INFO  [Germany Bundesliga | 2025-2026]  [73/306] Augsburg vs Borussia Dortmund (id=30296)
19:00:45 INFO  [Germany Bundesliga | 2025-2026]  [74/306] FC Heidenheim vs Eintracht Frankfurt (id=30299)
19:00:47 INFO  [Germany Bundesliga | 2025-2026]  [75/306] Mainz 05 vs Werder Bremen (id=30300)
19:00:48 INFO  [Germany Bundesliga | 2025-2026]  💾 checkpoint flush (75/306 matches) …
19:00:48 INFO  [Germany Bundesliga | 2025-2026]  [76/306] RasenBallsport Leipzig vs VfB Stuttgart (id=30301)
19:00:50 INFO  [Germany Bundesliga | 2025-2026]  [77/306] St. Pauli vs Borussia M.Gladbach (id=30302)
19:00:51 INFO  [Germany Bundesliga | 2025-2026]  [78/306] Union Berlin vs Freiburg (id=30303)
19:00:52 INFO  [Germany Bundesliga | 2025-2026]  [79/306] Bayern Munich vs Bayer Leverkusen (id=30297)
19:00:54 INFO  [Germany Bundesliga | 2025-2026]  [80/306] FC Cologne vs Hamburger SV (id=30298)
19:00:55 INFO  [Germany Bundesliga | 2025-2026]  [81/306] Wolfsburg vs Hoffenheim (id=30304)
19:00:57 INFO  [Germany Bundesliga | 2025-2026]  [82/306] Werder Bremen vs Wolfsburg (id=30313)
19:00:58 INFO  [Germany Bundesliga | 2025-2026]  [83/306] Bayer Leverkusen vs FC Heidenheim (id=30305)
19:01:00 INFO  [Germany Bundesliga | 2025-2026]  [84/306] Hamburger SV vs Borussia Dortmund (id=30309)
19:01:01 INFO  [Germany Bundesliga | 2025-2026]  [85/306] Hoffenheim vs RasenBallsport Leipzig (id=30310)
19:01:03 INFO  [Germany Bundesliga | 2025-2026]  [86/306] Union Berlin vs Bayern Munich (id=30312)
19:01:04 INFO  [Germany Bundesliga | 2025-2026]  [87/306] Borussia M.Gladbach vs FC Cologne (id=30306)
19:01:06 INFO  [Germany Bundesliga | 2025-2026]  [88/306] Freiburg vs St. Pauli (id=30308)
19:01:07 INFO  [Germany Bundesliga | 2025-2026]  [89/306] VfB Stuttgart vs Augsburg (id=30311)
19:01:09 INFO  [Germany Bundesliga | 2025-2026]  [90/306] Eintracht Frankfurt vs Mainz 05 (id=30307)
19:01:10 INFO  [Germany Bundesliga | 2025-2026]  [91/306] Mainz 05 vs Hoffenheim (id=30319)
19:01:11 INFO  [Germany Bundesliga | 2025-2026]  [92/306] Augsburg vs Hamburger SV (id=30314)
19:01:14 INFO  [Germany Bundesliga | 2025-2026]  [93/306] Bayern Munich vs Freiburg (id=30315)
19:01:15 INFO  [Germany Bundesliga | 2025-2026]  [94/306] Borussia Dortmund vs VfB Stuttgart (id=30316)
19:01:17 INFO  [Germany Bundesliga | 2025-2026]  [95/306] FC Heidenheim vs Borussia M.Gladbach (id=30318)
19:01:18 INFO  [Germany Bundesliga | 2025-2026]  [96/306] Wolfsburg vs Bayer Leverkusen (id=30322)
19:01:20 INFO  [Germany Bundesliga | 2025-2026]  [97/306] FC Cologne vs Eintracht Frankfurt (id=30317)
19:01:21 INFO  [Germany Bundesliga | 2025-2026]  [98/306] RasenBallsport Leipzig vs Werder Bremen (id=30320)
19:01:23 INFO  [Germany Bundesliga | 2025-2026]  [99/306] St. Pauli vs Union Berlin (id=30321)
19:01:24 INFO  [Germany Bundesliga | 2025-2026]  [100/306] Borussia M.Gladbach vs RasenBallsport Leipzig (id=30325)
19:01:25 INFO  [Germany Bundesliga | 2025-2026]  💾 checkpoint flush (100/306 matches) …
19:01:26 INFO  [Germany Bundesliga | 2025-2026]  [101/306] Bayern Munich vs St. Pauli (id=30324)
19:01:27 INFO  [Germany Bundesliga | 2025-2026]  [102/306] Hoffenheim vs Augsburg (id=30329)
19:01:28 INFO  [Germany Bundesliga | 2025-2026]  [103/306] Union Berlin vs FC Heidenheim (id=30330)
19:01:30 INFO  [Germany Bundesliga | 2025-2026]  [104/306] Werder Bremen vs FC Cologne (id=30331)
19:01:31 INFO  [Germany Bundesliga | 2025-2026]  [105/306] Bayer Leverkusen vs Borussia Dortmund (id=30323)
19:01:33 INFO  [Germany Bundesliga | 2025-2026]  [106/306] Hamburger SV vs VfB Stuttgart (id=30328)
19:01:34 INFO  [Germany Bundesliga | 2025-2026]  [107/306] Eintracht Frankfurt vs Wolfsburg (id=30326)
19:01:36 INFO  [Germany Bundesliga | 2025-2026]  [108/306] Freiburg vs Mainz 05 (id=30327)
19:01:37 INFO  [Germany Bundesliga | 2025-2026]  [109/306] Mainz 05 vs Borussia M.Gladbach (id=30339)
19:01:39 INFO  [Germany Bundesliga | 2025-2026]  [110/306] VfB Stuttgart vs Bayern Munich (id=30332)
19:01:40 INFO  [Germany Bundesliga | 2025-2026]  [111/306] Wolfsburg vs Union Berlin (id=30333)
19:01:41 INFO  [Germany Bundesliga | 2025-2026]  [112/306] Augsburg vs Bayer Leverkusen (id=30334)
19:01:43 INFO  [Germany Bundesliga | 2025-2026]  [113/306] FC Cologne vs St. Pauli (id=30336)
19:01:45 INFO  [Germany Bundesliga | 2025-2026]  [114/306] FC Heidenheim vs Freiburg (id=30338)
19:01:46 INFO  [Germany Bundesliga | 2025-2026]  [115/306] RasenBallsport Leipzig vs Eintracht Frankfurt (id=30340)
19:01:48 INFO  [Germany Bundesliga | 2025-2026]  [116/306] Hamburger SV vs Werder Bremen (id=30337)
19:01:49 INFO  [Germany Bundesliga | 2025-2026]  [117/306] Borussia Dortmund vs Hoffenheim (id=30335)
19:01:51 INFO  [Germany Bundesliga | 2025-2026]  [118/306] Union Berlin vs RasenBallsport Leipzig (id=30348)
19:01:52 INFO  [Germany Bundesliga | 2025-2026]  [119/306] Borussia M.Gladbach vs Wolfsburg (id=30343)
19:01:54 INFO  [Germany Bundesliga | 2025-2026]  [120/306] Eintracht Frankfurt vs Augsburg (id=30344)
19:01:55 INFO  [Germany Bundesliga | 2025-2026]  [121/306] Hoffenheim vs Hamburger SV (id=30346)
19:01:57 INFO  [Germany Bundesliga | 2025-2026]  [122/306] St. Pauli vs FC Heidenheim (id=30347)
19:01:58 INFO  [Germany Bundesliga | 2025-2026]  [123/306] Bayer Leverkusen vs FC Cologne (id=30341)
19:01:59 INFO  [Germany Bundesliga | 2025-2026]  [124/306] Freiburg vs Borussia Dortmund (id=30345)
19:02:01 INFO  [Germany Bundesliga | 2025-2026]  [125/306] Bayern Munich vs Mainz 05 (id=30342)
19:02:02 INFO  [Germany Bundesliga | 2025-2026]  💾 checkpoint flush (125/306 matches) …
19:02:02 INFO  [Germany Bundesliga | 2025-2026]  [126/306] Werder Bremen vs VfB Stuttgart (id=30349)
19:02:04 INFO  [Germany Bundesliga | 2025-2026]  [127/306] Borussia Dortmund vs Borussia M.Gladbach (id=30351)
19:02:05 INFO  [Germany Bundesliga | 2025-2026]  [128/306] Augsburg vs Werder Bremen (id=30350)
19:02:07 INFO  [Germany Bundesliga | 2025-2026]  [129/306] FC Cologne vs Union Berlin (id=30352)
19:02:08 INFO  [Germany Bundesliga | 2025-2026]  [130/306] Hamburger SV vs Eintracht Frankfurt (id=30353)
19:02:10 INFO  [Germany Bundesliga | 2025-2026]  [131/306] VfB Stuttgart vs Hoffenheim (id=30357)
19:02:11 INFO  [Germany Bundesliga | 2025-2026]  [132/306] Wolfsburg vs Freiburg (id=30358)
19:02:13 INFO  [Germany Bundesliga | 2025-2026]  [133/306] RasenBallsport Leipzig vs Bayer Leverkusen (id=30356)
19:02:14 INFO  [Germany Bundesliga | 2025-2026]  [134/306] Mainz 05 vs St. Pauli (id=30355)
19:02:16 INFO  [Germany Bundesliga | 2025-2026]  [135/306] FC Heidenheim vs Bayern Munich (id=30354)
19:02:17 INFO  [Germany Bundesliga | 2025-2026]  [136/306] Eintracht Frankfurt vs Borussia Dortmund (id=30362)
19:02:18 INFO  [Germany Bundesliga | 2025-2026]  [137/306] Freiburg vs Hamburger SV (id=30363)
19:02:20 INFO  [Germany Bundesliga | 2025-2026]  [138/306] FC Heidenheim vs FC Cologne (id=30364)
19:02:21 INFO  [Germany Bundesliga | 2025-2026]  [139/306] Union Berlin vs Mainz 05 (id=30366)
19:02:23 INFO  [Germany Bundesliga | 2025-2026]  [140/306] Bayer Leverkusen vs VfB Stuttgart (id=30359)
19:02:24 INFO  [Germany Bundesliga | 2025-2026]  [141/306] Borussia M.Gladbach vs Augsburg (id=30361)
19:02:26 INFO  [Germany Bundesliga | 2025-2026]  [142/306] Bayern Munich vs Wolfsburg (id=30360)
19:02:27 INFO  [Germany Bundesliga | 2025-2026]  [143/306] VfB Stuttgart vs Eintracht Frankfurt (id=30375)
19:02:28 INFO  [Germany Bundesliga | 2025-2026]  [144/306] Borussia Dortmund vs Werder Bremen (id=30369)
19:02:30 INFO  [Germany Bundesliga | 2025-2026]  [145/306] Mainz 05 vs FC Heidenheim (id=30373)
19:02:31 INFO  [Germany Bundesliga | 2025-2026]  [146/306] Wolfsburg vs St. Pauli (id=30376)
19:02:33 INFO  [Germany Bundesliga | 2025-2026]  [147/306] FC Cologne vs Bayern Munich (id=30370)
19:02:34 INFO  [Germany Bundesliga | 2025-2026]  [148/306] Hoffenheim vs Borussia M.Gladbach (id=30372)
19:02:36 INFO  [Germany Bundesliga | 2025-2026]  [149/306] RasenBallsport Leipzig vs Freiburg (id=30374)
19:02:38 INFO  [Germany Bundesliga | 2025-2026]  [150/306] Augsburg vs Union Berlin (id=30368)
19:02:40 INFO  [Germany Bundesliga | 2025-2026]  💾 checkpoint flush (150/306 matches) …
19:02:40 INFO  [Germany Bundesliga | 2025-2026]  [151/306] Werder Bremen vs Eintracht Frankfurt (id=30384)
19:02:41 INFO  [Germany Bundesliga | 2025-2026]  [152/306] Borussia Dortmund vs St. Pauli (id=30378)
19:02:42 INFO  [Germany Bundesliga | 2025-2026]  [153/306] FC Cologne vs Mainz 05 (id=30379)
19:02:44 INFO  [Germany Bundesliga | 2025-2026]  [154/306] Hamburger SV vs Borussia M.Gladbach (id=30380)
19:02:46 INFO  [Germany Bundesliga | 2025-2026]  [155/306] Hoffenheim vs Bayer Leverkusen (id=30381)
19:02:47 INFO  [Germany Bundesliga | 2025-2026]  [156/306] Wolfsburg vs FC Heidenheim (id=30385)
19:02:48 INFO  [Germany Bundesliga | 2025-2026]  [157/306] RasenBallsport Leipzig vs Bayern Munich (id=30382)
19:02:50 INFO  [Germany Bundesliga | 2025-2026]  [158/306] VfB Stuttgart vs Union Berlin (id=30383)
19:02:51 INFO  [Germany Bundesliga | 2025-2026]  [159/306] Augsburg vs Freiburg (id=30377)
19:02:53 INFO  [Germany Bundesliga | 2025-2026]  [160/306] St. Pauli vs Hamburger SV (id=30393)
19:02:54 INFO  [Germany Bundesliga | 2025-2026]  [161/306] Bayer Leverkusen vs Werder Bremen (id=30386)
19:02:56 INFO  [Germany Bundesliga | 2025-2026]  [162/306] Bayern Munich vs Augsburg (id=30387)
19:02:57 INFO  [Germany Bundesliga | 2025-2026]  [163/306] Eintracht Frankfurt vs Hoffenheim (id=30389)
19:02:59 INFO  [Germany Bundesliga | 2025-2026]  [164/306] FC Heidenheim vs RasenBallsport Leipzig (id=30391)
19:03:00 INFO  [Germany Bundesliga | 2025-2026]  [165/306] Mainz 05 vs Wolfsburg (id=30392)
19:03:01 INFO  [Germany Bundesliga | 2025-2026]  [166/306] Union Berlin vs Borussia Dortmund (id=30394)
19:03:03 INFO  [Germany Bundesliga | 2025-2026]  [167/306] Borussia M.Gladbach vs VfB Stuttgart (id=30388)
19:03:04 INFO  [Germany Bundesliga | 2025-2026]  [168/306] Freiburg vs FC Cologne (id=30390)
19:03:06 INFO  [Germany Bundesliga | 2025-2026]  [169/306] St. Pauli vs RasenBallsport Leipzig (id=30365)
19:03:08 INFO  [Germany Bundesliga | 2025-2026]  [170/306] Werder Bremen vs Hoffenheim (id=30367)
19:03:09 INFO  [Germany Bundesliga | 2025-2026]  [171/306] FC Cologne vs Wolfsburg (id=30398)
19:03:10 INFO  [Germany Bundesliga | 2025-2026]  [172/306] Augsburg vs St. Pauli (id=30395)
19:03:12 INFO  [Germany Bundesliga | 2025-2026]  [173/306] Eintracht Frankfurt vs Bayer Leverkusen (id=30397)
19:03:13 INFO  [Germany Bundesliga | 2025-2026]  [174/306] Hoffenheim vs Union Berlin (id=30400)
19:03:15 INFO  [Germany Bundesliga | 2025-2026]  [175/306] RasenBallsport Leipzig vs Mainz 05 (id=30401)
19:03:16 INFO  [Germany Bundesliga | 2025-2026]  💾 checkpoint flush (175/306 matches) …
19:03:16 INFO  [Germany Bundesliga | 2025-2026]  [176/306] Werder Bremen vs Borussia M.Gladbach (id=30403)
19:03:18 INFO  [Germany Bundesliga | 2025-2026]  [177/306] Hamburger SV vs Bayern Munich (id=30399)
19:03:20 INFO  [Germany Bundesliga | 2025-2026]  [178/306] VfB Stuttgart vs Freiburg (id=30402)
19:03:21 INFO  [Germany Bundesliga | 2025-2026]  [179/306] Borussia Dortmund vs FC Heidenheim (id=30396)
19:03:23 INFO  [Germany Bundesliga | 2025-2026]  [180/306] Union Berlin vs Eintracht Frankfurt (id=30411)
19:03:24 INFO  [Germany Bundesliga | 2025-2026]  [181/306] Freiburg vs Werder Bremen (id=30407)
19:03:25 INFO  [Germany Bundesliga | 2025-2026]  [182/306] FC Heidenheim vs Hamburger SV (id=30408)
19:03:27 INFO  [Germany Bundesliga | 2025-2026]  [183/306] Mainz 05 vs Augsburg (id=30409)
19:03:28 INFO  [Germany Bundesliga | 2025-2026]  [184/306] St. Pauli vs VfB Stuttgart (id=30410)
19:03:30 INFO  [Germany Bundesliga | 2025-2026]  [185/306] Wolfsburg vs Borussia Dortmund (id=30412)
19:03:31 INFO  [Germany Bundesliga | 2025-2026]  [186/306] Borussia M.Gladbach vs Bayer Leverkusen (id=30405)
19:03:32 INFO  [Germany Bundesliga | 2025-2026]  [187/306] FC Cologne vs RasenBallsport Leipzig (id=30406)
19:03:35 INFO  [Germany Bundesliga | 2025-2026]  [188/306] Bayern Munich vs Hoffenheim (id=30404)
19:03:37 INFO  [Germany Bundesliga | 2025-2026]  [189/306] Borussia Dortmund vs Mainz 05 (id=30415)
19:03:38 INFO  [Germany Bundesliga | 2025-2026]  [190/306] Bayer Leverkusen vs St. Pauli (id=30414)
19:03:39 INFO  [Germany Bundesliga | 2025-2026]  [191/306] Eintracht Frankfurt vs Borussia M.Gladbach (id=30416)
19:03:41 INFO  [Germany Bundesliga | 2025-2026]  [192/306] Hamburger SV vs Union Berlin (id=30417)
19:03:42 INFO  [Germany Bundesliga | 2025-2026]  [193/306] Hoffenheim vs Freiburg (id=30418)
19:03:44 INFO  [Germany Bundesliga | 2025-2026]  [194/306] Werder Bremen vs Bayern Munich (id=30421)
19:03:45 INFO  [Germany Bundesliga | 2025-2026]  [195/306] VfB Stuttgart vs FC Cologne (id=30420)
19:03:47 INFO  [Germany Bundesliga | 2025-2026]  [196/306] Augsburg vs FC Heidenheim (id=30413)
19:03:48 INFO  [Germany Bundesliga | 2025-2026]  [197/306] RasenBallsport Leipzig vs Wolfsburg (id=30419)
19:03:50 INFO  [Germany Bundesliga | 2025-2026]  [198/306] Mainz 05 vs Hamburger SV (id=30426)
19:03:51 INFO  [Germany Bundesliga | 2025-2026]  [199/306] Bayern Munich vs Eintracht Frankfurt (id=30422)
19:03:53 INFO  [Germany Bundesliga | 2025-2026]  [200/306] FC Cologne vs Hoffenheim (id=30423)
19:03:54 INFO  [Germany Bundesliga | 2025-2026]  💾 checkpoint flush (200/306 matches) …
19:03:54 INFO  [Germany Bundesliga | 2025-2026]  [201/306] Union Berlin vs Bayer Leverkusen (id=30429)
19:03:56 INFO  [Germany Bundesliga | 2025-2026]  [202/306] Wolfsburg vs Augsburg (id=30430)
19:03:57 INFO  [Germany Bundesliga | 2025-2026]  [203/306] RasenBallsport Leipzig vs Borussia Dortmund (id=30427)
19:03:58 INFO  [Germany Bundesliga | 2025-2026]  [204/306] Freiburg vs Borussia M.Gladbach (id=30424)
19:04:00 INFO  [Germany Bundesliga | 2025-2026]  [205/306] St. Pauli vs Werder Bremen (id=30428)
19:04:01 INFO  [Germany Bundesliga | 2025-2026]  [206/306] FC Heidenheim vs VfB Stuttgart (id=30425)
19:04:03 INFO  [Germany Bundesliga | 2025-2026]  [207/306] Augsburg vs FC Cologne (id=30431)
19:04:04 INFO  [Germany Bundesliga | 2025-2026]  [208/306] Bayer Leverkusen vs Mainz 05 (id=30432)
19:04:06 INFO  [Germany Bundesliga | 2025-2026]  [209/306] Borussia M.Gladbach vs Union Berlin (id=30433)
19:04:08 INFO  [Germany Bundesliga | 2025-2026]  [210/306] Hoffenheim vs St. Pauli (id=30437)
19:04:09 INFO  [Germany Bundesliga | 2025-2026]  [211/306] Werder Bremen vs FC Heidenheim (id=30439)
19:04:11 INFO  [Germany Bundesliga | 2025-2026]  [212/306] Borussia Dortmund vs Bayern Munich (id=30434)
19:04:12 INFO  [Germany Bundesliga | 2025-2026]  [213/306] VfB Stuttgart vs Wolfsburg (id=30438)
19:04:14 INFO  [Germany Bundesliga | 2025-2026]  [214/306] Eintracht Frankfurt vs Freiburg (id=30435)
19:04:15 INFO  [Germany Bundesliga | 2025-2026]  [215/306] Hamburger SV vs RasenBallsport Leipzig (id=30436)
19:04:16 INFO  [Germany Bundesliga | 2025-2026]  [216/306] Hamburger SV vs Bayer Leverkusen (id=30371)
19:04:18 INFO  [Germany Bundesliga | 2025-2026]  [217/306] Bayern Munich vs Borussia M.Gladbach (id=30440)
19:04:19 INFO  [Germany Bundesliga | 2025-2026]  [218/306] Freiburg vs Bayer Leverkusen (id=30442)
19:04:21 INFO  [Germany Bundesliga | 2025-2026]  [219/306] FC Heidenheim vs Hoffenheim (id=30443)
19:04:22 INFO  [Germany Bundesliga | 2025-2026]  [220/306] Mainz 05 vs VfB Stuttgart (id=30444)
19:04:24 INFO  [Germany Bundesliga | 2025-2026]  [221/306] RasenBallsport Leipzig vs Augsburg (id=30445)
19:04:25 INFO  [Germany Bundesliga | 2025-2026]  [222/306] Wolfsburg vs Hamburger SV (id=30448)
19:04:27 INFO  [Germany Bundesliga | 2025-2026]  [223/306] FC Cologne vs Borussia Dortmund (id=30441)
19:04:28 INFO  [Germany Bundesliga | 2025-2026]  [224/306] St. Pauli vs Eintracht Frankfurt (id=30446)
19:04:29 INFO  [Germany Bundesliga | 2025-2026]  [225/306] Union Berlin vs Werder Bremen (id=30447)
19:04:31 INFO  [Germany Bundesliga | 2025-2026]  💾 checkpoint flush (225/306 matches) …
19:04:31 INFO  [Germany Bundesliga | 2025-2026]  [226/306] Borussia M.Gladbach vs St. Pauli (id=30450)
19:04:32 INFO  [Germany Bundesliga | 2025-2026]  [227/306] Bayer Leverkusen vs Bayern Munich (id=30449)
19:04:34 INFO  [Germany Bundesliga | 2025-2026]  [228/306] Borussia Dortmund vs Augsburg (id=30451)
19:04:35 INFO  [Germany Bundesliga | 2025-2026]  [229/306] Eintracht Frankfurt vs FC Heidenheim (id=30452)
19:04:37 INFO  [Germany Bundesliga | 2025-2026]  [230/306] Hoffenheim vs Wolfsburg (id=30455)
19:04:38 INFO  [Germany Bundesliga | 2025-2026]  [231/306] Hamburger SV vs FC Cologne (id=30454)
19:04:40 INFO  [Germany Bundesliga | 2025-2026]  [232/306] Werder Bremen vs Mainz 05 (id=30457)
19:04:41 INFO  [Germany Bundesliga | 2025-2026]  [233/306] Freiburg vs Union Berlin (id=30453)
19:04:43 INFO  [Germany Bundesliga | 2025-2026]  [234/306] VfB Stuttgart vs RasenBallsport Leipzig (id=30456)
19:04:44 INFO  [Germany Bundesliga | 2025-2026]  [235/306] RasenBallsport Leipzig vs Hoffenheim (id=30464)
19:04:46 INFO  [Germany Bundesliga | 2025-2026]  [236/306] Bayern Munich vs Union Berlin (id=30459)
19:04:47 INFO  [Germany Bundesliga | 2025-2026]  [237/306] FC Cologne vs Borussia M.Gladbach (id=30461)
19:04:49 INFO  [Germany Bundesliga | 2025-2026]  [238/306] FC Heidenheim vs Bayer Leverkusen (id=30462)
19:04:50 INFO  [Germany Bundesliga | 2025-2026]  [239/306] Wolfsburg vs Werder Bremen (id=30466)
19:04:51 INFO  [Germany Bundesliga | 2025-2026]  [240/306] Borussia Dortmund vs Hamburger SV (id=30460)
19:04:53 INFO  [Germany Bundesliga | 2025-2026]  [241/306] Mainz 05 vs Eintracht Frankfurt (id=30463)
19:04:54 INFO  [Germany Bundesliga | 2025-2026]  [242/306] St. Pauli vs Freiburg (id=30465)
19:04:56 INFO  [Germany Bundesliga | 2025-2026]  [243/306] Augsburg vs VfB Stuttgart (id=30458)
19:04:57 INFO  [Germany Bundesliga | 2025-2026]  [244/306] Bayer Leverkusen vs Wolfsburg (id=30467)
19:04:59 INFO  [Germany Bundesliga | 2025-2026]  [245/306] Borussia M.Gladbach vs FC Heidenheim (id=30468)
19:05:00 INFO  [Germany Bundesliga | 2025-2026]  [246/306] Freiburg vs Bayern Munich (id=30470)
19:05:02 INFO  [Germany Bundesliga | 2025-2026]  [247/306] Hamburger SV vs Augsburg (id=30471)
19:05:03 INFO  [Germany Bundesliga | 2025-2026]  [248/306] Hoffenheim vs Mainz 05 (id=30472)
19:05:04 INFO  [Germany Bundesliga | 2025-2026]  [249/306] Werder Bremen vs RasenBallsport Leipzig (id=30475)
19:05:06 INFO  [Germany Bundesliga | 2025-2026]  [250/306] VfB Stuttgart vs Borussia Dortmund (id=30473)
19:05:07 INFO  [Germany Bundesliga | 2025-2026]  💾 checkpoint flush (250/306 matches) …
19:05:07 INFO  [Germany Bundesliga | 2025-2026]  [251/306] Union Berlin vs St. Pauli (id=30474)
19:05:09 INFO  [Germany Bundesliga | 2025-2026]  [252/306] Eintracht Frankfurt vs FC Cologne (id=30469)
19:05:10 INFO  [Germany Bundesliga | 2025-2026]  [253/306] Augsburg vs Hoffenheim (id=30476)
19:05:12 INFO  [Germany Bundesliga | 2025-2026]  [254/306] Borussia Dortmund vs Bayer Leverkusen (id=30477)
19:05:13 INFO  [Germany Bundesliga | 2025-2026]  [255/306] FC Heidenheim vs Union Berlin (id=30479)
19:05:15 INFO  [Germany Bundesliga | 2025-2026]  [256/306] RasenBallsport Leipzig vs Borussia M.Gladbach (id=30481)
19:05:17 INFO  [Germany Bundesliga | 2025-2026]  [257/306] Wolfsburg vs Eintracht Frankfurt (id=30484)
19:05:18 INFO  [Germany Bundesliga | 2025-2026]  [258/306] St. Pauli vs Bayern Munich (id=30482)
19:05:20 INFO  [Germany Bundesliga | 2025-2026]  [259/306] FC Cologne vs Werder Bremen (id=30478)
19:05:21 INFO  [Germany Bundesliga | 2025-2026]  [260/306] VfB Stuttgart vs Hamburger SV (id=30483)
19:05:22 INFO  [Germany Bundesliga | 2025-2026]  [261/306] Mainz 05 vs Freiburg (id=30480)
19:05:24 INFO  [Germany Bundesliga | 2025-2026]  [262/306] St. Pauli vs FC Cologne (id=30491)
19:05:25 INFO  [Germany Bundesliga | 2025-2026]  [263/306] Bayer Leverkusen vs Augsburg (id=30485)
19:05:27 INFO  [Germany Bundesliga | 2025-2026]  [264/306] Hoffenheim vs Borussia Dortmund (id=30490)
19:05:28 INFO  [Germany Bundesliga | 2025-2026]  [265/306] Union Berlin vs Wolfsburg (id=30492)
19:05:30 INFO  [Germany Bundesliga | 2025-2026]  [266/306] Werder Bremen vs Hamburger SV (id=30493)
19:05:31 INFO  [Germany Bundesliga | 2025-2026]  [267/306] Eintracht Frankfurt vs RasenBallsport Leipzig (id=30488)
19:05:33 INFO  [Germany Bundesliga | 2025-2026]  [268/306] Freiburg vs FC Heidenheim (id=30489)
19:05:34 INFO  [Germany Bundesliga | 2025-2026]  [269/306] Bayern Munich vs VfB Stuttgart (id=30486)
19:05:36 INFO  [Germany Bundesliga | 2025-2026]  [270/306] Borussia M.Gladbach vs Mainz 05 (id=30487)
19:05:37 INFO  [Germany Bundesliga | 2025-2026]  [271/306] RasenBallsport Leipzig vs Union Berlin (id=30500)
19:05:39 INFO  [Germany Bundesliga | 2025-2026]  [272/306] Augsburg vs Eintracht Frankfurt (id=30494)
19:05:40 INFO  [Germany Bundesliga | 2025-2026]  [273/306] FC Cologne vs Bayer Leverkusen (id=30496)
19:05:41 INFO  [Germany Bundesliga | 2025-2026]  [274/306] FC Heidenheim vs St. Pauli (id=30498)
19:05:43 INFO  [Germany Bundesliga | 2025-2026]  [275/306] Mainz 05 vs Bayern Munich (id=30499)
19:05:44 INFO  [Germany Bundesliga | 2025-2026]  💾 checkpoint flush (275/306 matches) …
19:05:45 INFO  [Germany Bundesliga | 2025-2026]  [276/306] Wolfsburg vs Borussia M.Gladbach (id=30502)
19:05:46 INFO  [Germany Bundesliga | 2025-2026]  [277/306] Hamburger SV vs Hoffenheim (id=30497)
19:05:47 INFO  [Germany Bundesliga | 2025-2026]  [278/306] VfB Stuttgart vs Werder Bremen (id=30501)
19:05:49 INFO  [Germany Bundesliga | 2025-2026]  [279/306] Borussia Dortmund vs Freiburg (id=30495)
19:05:50 INFO  [Germany Bundesliga | 2025-2026]  [280/306] Bayern Munich vs FC Heidenheim (id=30504)
19:05:52 INFO  [Germany Bundesliga | 2025-2026]  [281/306] Eintracht Frankfurt vs Hamburger SV (id=30506)
19:05:53 INFO  [Germany Bundesliga | 2025-2026]  [282/306] Hoffenheim vs VfB Stuttgart (id=30508)
19:05:55 INFO  [Germany Bundesliga | 2025-2026]  [283/306] Union Berlin vs FC Cologne (id=30510)
19:05:56 INFO  [Germany Bundesliga | 2025-2026]  [284/306] Werder Bremen vs Augsburg (id=30511)
19:05:57 INFO  [Germany Bundesliga | 2025-2026]  [285/306] Bayer Leverkusen vs RasenBallsport Leipzig (id=30503)
19:05:59 INFO  [Germany Bundesliga | 2025-2026]  [286/306] St. Pauli vs Mainz 05 (id=30509)
19:06:00 INFO  [Germany Bundesliga | 2025-2026]  [287/306] Borussia M.Gladbach vs Borussia Dortmund (id=30505)
19:06:02 INFO  [Germany Bundesliga | 2025-2026]  [288/306] Freiburg vs Wolfsburg (id=30507)
19:06:03 INFO  [Germany Bundesliga | 2025-2026]  [289/306] Borussia Dortmund vs Eintracht Frankfurt (id=30513)
19:06:05 INFO  [Germany Bundesliga | 2025-2026]  [290/306] Augsburg vs Borussia M.Gladbach (id=30512)
19:06:06 INFO  [Germany Bundesliga | 2025-2026]  [291/306] Hoffenheim vs Werder Bremen (id=30516)
19:06:08 INFO  [Germany Bundesliga | 2025-2026]  [292/306] RasenBallsport Leipzig vs St. Pauli (id=30518)
19:06:09 INFO  [Germany Bundesliga | 2025-2026]  [293/306] VfB Stuttgart vs Bayer Leverkusen (id=30519)
19:06:10 INFO  [Germany Bundesliga | 2025-2026]  [294/306] Wolfsburg vs Bayern Munich (id=30520)
19:06:12 INFO  [Germany Bundesliga | 2025-2026]  [295/306] Hamburger SV vs Freiburg (id=30515)
19:06:13 INFO  [Germany Bundesliga | 2025-2026]  [296/306] FC Cologne vs FC Heidenheim (id=30514)
19:06:15 INFO  [Germany Bundesliga | 2025-2026]  [297/306] Mainz 05 vs Union Berlin (id=30517)
19:06:16 INFO  [Germany Bundesliga | 2025-2026]  [298/306] Bayer Leverkusen vs Hamburger SV (id=30521)
19:06:18 INFO  [Germany Bundesliga | 2025-2026]  [299/306] Bayern Munich vs FC Cologne (id=30522)
19:06:19 INFO  [Germany Bundesliga | 2025-2026]  [300/306] Borussia M.Gladbach vs Hoffenheim (id=30523)
19:06:21 INFO  [Germany Bundesliga | 2025-2026]  💾 checkpoint flush (300/306 matches) …
19:06:21 INFO  [Germany Bundesliga | 2025-2026]  [301/306] Eintracht Frankfurt vs VfB Stuttgart (id=30524)
19:06:22 INFO  [Germany Bundesliga | 2025-2026]  [302/306] Freiburg vs RasenBallsport Leipzig (id=30525)
19:06:24 INFO  [Germany Bundesliga | 2025-2026]  [303/306] FC Heidenheim vs Mainz 05 (id=30526)
19:06:25 INFO  [Germany Bundesliga | 2025-2026]  [304/306] St. Pauli vs Wolfsburg (id=30527)
19:06:27 INFO  [Germany Bundesliga | 2025-2026]  [305/306] Union Berlin vs Augsburg (id=30528)
19:06:28 INFO  [Germany Bundesliga | 2025-2026]  [306/306] Werder Bremen vs Borussia Dortmund (id=30529)
19:06:30 INFO    💾 8124 rows → understat_match_shots__Germany_Bundesliga__2025_2026.parquet
19:06:30 INFO    💾 9555 rows → understat_rosters__Germany_Bundesliga__2025_2026.parquet
19:06:30 INFO    💾 306 rows → understat_match_info__Germany_Bundesliga__2025_2026.parquet
19:06:30 INFO  [Germany Bundesliga | 2025-2026]  ✅ saved: shots=8124 roster_rows=9555 info_matches=306
19:06:30 INFO  [Germany Bundesliga | 2024-2025]  📡 Understat matches — fetching match list
19:06:31 INFO  [Germany Bundesliga | 2024-2025]  ✅ 306 completed on Understat, 306 remaining to fetch
19:06:31 INFO  [Germany Bundesliga | 2024-2025]  [1/306] Borussia M.Gladbach vs Bayer Leverkusen (id=27742)
19:06:32 INFO  [Germany Bundesliga | 2024-2025]  💾 checkpoint flush (1/306 matches) …
19:06:33 INFO  [Germany Bundesliga | 2024-2025]  [2/306] RasenBallsport Leipzig vs Bochum (id=27743)
19:06:34 INFO  [Germany Bundesliga | 2024-2025]  [3/306] Hoffenheim vs Holstein Kiel (id=27744)
19:06:37 INFO  [Germany Bundesliga | 2024-2025]  [4/306] Freiburg vs VfB Stuttgart (id=27745)
19:06:39 INFO  [Germany Bundesliga | 2024-2025]  [5/306] Augsburg vs Werder Bremen (id=27746)
19:06:40 INFO  [Germany Bundesliga | 2024-2025]  [6/306] Mainz 05 vs Union Berlin (id=27747)
19:06:42 INFO  [Germany Bundesliga | 2024-2025]  [7/306] Borussia Dortmund vs Eintracht Frankfurt (id=27748)
19:06:43 INFO  [Germany Bundesliga | 2024-2025]  [8/306] Wolfsburg vs Bayern Munich (id=27749)
19:06:45 INFO  [Germany Bundesliga | 2024-2025]  [9/306] St. Pauli vs FC Heidenheim (id=27750)
19:06:46 INFO  [Germany Bundesliga | 2024-2025]  [10/306] Union Berlin vs St. Pauli (id=27751)
19:06:48 INFO  [Germany Bundesliga | 2024-2025]  [11/306] Bochum vs Borussia M.Gladbach (id=27752)
19:06:49 INFO  [Germany Bundesliga | 2024-2025]  [12/306] Werder Bremen vs Borussia Dortmund (id=27753)
19:06:50 INFO  [Germany Bundesliga | 2024-2025]  [13/306] Holstein Kiel vs Wolfsburg (id=27754)
19:06:52 INFO  [Germany Bundesliga | 2024-2025]  [14/306] VfB Stuttgart vs Mainz 05 (id=27755)
19:06:53 INFO  [Germany Bundesliga | 2024-2025]  [15/306] Eintracht Frankfurt vs Hoffenheim (id=27756)
19:06:55 INFO  [Germany Bundesliga | 2024-2025]  [16/306] Bayer Leverkusen vs RasenBallsport Leipzig (id=27757)
19:06:56 INFO  [Germany Bundesliga | 2024-2025]  [17/306] FC Heidenheim vs Augsburg (id=27758)
19:06:58 INFO  [Germany Bundesliga | 2024-2025]  [18/306] Bayern Munich vs Freiburg (id=27759)
19:06:59 INFO  [Germany Bundesliga | 2024-2025]  [19/306] Borussia Dortmund vs FC Heidenheim (id=27760)
19:07:01 INFO  [Germany Bundesliga | 2024-2025]  [20/306] Hoffenheim vs Bayer Leverkusen (id=27761)
19:07:02 INFO  [Germany Bundesliga | 2024-2025]  [21/306] Freiburg vs Bochum (id=27762)
19:07:04 INFO  [Germany Bundesliga | 2024-2025]  [22/306] RasenBallsport Leipzig vs Union Berlin (id=27763)
19:07:05 INFO  [Germany Bundesliga | 2024-2025]  [23/306] Wolfsburg vs Eintracht Frankfurt (id=27764)
19:07:07 INFO  [Germany Bundesliga | 2024-2025]  [24/306] Borussia M.Gladbach vs VfB Stuttgart (id=27765)
19:07:08 INFO  [Germany Bundesliga | 2024-2025]  [25/306] Holstein Kiel vs Bayern Munich (id=27766)
19:07:10 INFO  [Germany Bundesliga | 2024-2025]  💾 checkpoint flush (25/306 matches) …
19:07:10 INFO  [Germany Bundesliga | 2024-2025]  [26/306] Augsburg vs St. Pauli (id=27767)
19:07:11 INFO  [Germany Bundesliga | 2024-2025]  [27/306] Mainz 05 vs Werder Bremen (id=27768)
19:07:12 INFO  [Germany Bundesliga | 2024-2025]  [28/306] Augsburg vs Mainz 05 (id=27769)
19:07:14 INFO  [Germany Bundesliga | 2024-2025]  [29/306] Union Berlin vs Hoffenheim (id=27770)
19:07:15 INFO  [Germany Bundesliga | 2024-2025]  [30/306] Bochum vs Holstein Kiel (id=27771)
19:07:17 INFO  [Germany Bundesliga | 2024-2025]  [31/306] FC Heidenheim vs Freiburg (id=27772)
19:07:18 INFO  [Germany Bundesliga | 2024-2025]  [32/306] Werder Bremen vs Bayern Munich (id=27773)
19:07:20 INFO  [Germany Bundesliga | 2024-2025]  [33/306] Eintracht Frankfurt vs Borussia M.Gladbach (id=27774)
19:07:21 INFO  [Germany Bundesliga | 2024-2025]  [34/306] Bayer Leverkusen vs Wolfsburg (id=27775)
19:07:23 INFO  [Germany Bundesliga | 2024-2025]  [35/306] VfB Stuttgart vs Borussia Dortmund (id=27776)
19:07:24 INFO  [Germany Bundesliga | 2024-2025]  [36/306] St. Pauli vs RasenBallsport Leipzig (id=27777)
19:07:26 INFO  [Germany Bundesliga | 2024-2025]  [37/306] Borussia Dortmund vs Bochum (id=27778)
19:07:27 INFO  [Germany Bundesliga | 2024-2025]  [38/306] Freiburg vs St. Pauli (id=27779)
19:07:28 INFO  [Germany Bundesliga | 2024-2025]  [39/306] Wolfsburg vs VfB Stuttgart (id=27780)
19:07:30 INFO  [Germany Bundesliga | 2024-2025]  [40/306] Mainz 05 vs FC Heidenheim (id=27781)
19:07:31 INFO  [Germany Bundesliga | 2024-2025]  [41/306] Borussia M.Gladbach vs Union Berlin (id=27782)
19:07:33 INFO  [Germany Bundesliga | 2024-2025]  [42/306] RasenBallsport Leipzig vs Augsburg (id=27783)
19:07:35 INFO  [Germany Bundesliga | 2024-2025]  [43/306] Bayern Munich vs Bayer Leverkusen (id=27784)
19:07:37 INFO  [Germany Bundesliga | 2024-2025]  [44/306] Holstein Kiel vs Eintracht Frankfurt (id=27785)
19:07:38 INFO  [Germany Bundesliga | 2024-2025]  [45/306] Hoffenheim vs Werder Bremen (id=27786)
19:07:40 INFO  [Germany Bundesliga | 2024-2025]  [46/306] Augsburg vs Borussia M.Gladbach (id=27790)
19:07:41 INFO  [Germany Bundesliga | 2024-2025]  [47/306] Werder Bremen vs Freiburg (id=27789)
19:07:42 INFO  [Germany Bundesliga | 2024-2025]  [48/306] Union Berlin vs Borussia Dortmund (id=27791)
19:07:44 INFO  [Germany Bundesliga | 2024-2025]  [49/306] Bochum vs Wolfsburg (id=27792)
19:07:45 INFO  [Germany Bundesliga | 2024-2025]  [50/306] Bayer Leverkusen vs Holstein Kiel (id=27794)
19:07:47 INFO  [Germany Bundesliga | 2024-2025]  💾 checkpoint flush (50/306 matches) …
19:07:47 INFO  [Germany Bundesliga | 2024-2025]  [51/306] St. Pauli vs Mainz 05 (id=27793)
19:07:48 INFO  [Germany Bundesliga | 2024-2025]  [52/306] FC Heidenheim vs RasenBallsport Leipzig (id=27788)
19:07:50 INFO  [Germany Bundesliga | 2024-2025]  [53/306] Eintracht Frankfurt vs Bayern Munich (id=27787)
19:07:51 INFO  [Germany Bundesliga | 2024-2025]  [54/306] VfB Stuttgart vs Hoffenheim (id=27795)
19:07:52 INFO  [Germany Bundesliga | 2024-2025]  [55/306] Borussia Dortmund vs St. Pauli (id=27798)
19:07:54 INFO  [Germany Bundesliga | 2024-2025]  [56/306] Bayer Leverkusen vs Eintracht Frankfurt (id=27796)
19:07:55 INFO  [Germany Bundesliga | 2024-2025]  [57/306] Hoffenheim vs Bochum (id=27799)
19:07:57 INFO  [Germany Bundesliga | 2024-2025]  [58/306] Freiburg vs Augsburg (id=27800)
19:07:58 INFO  [Germany Bundesliga | 2024-2025]  [59/306] Mainz 05 vs RasenBallsport Leipzig (id=27802)
19:08:00 INFO  [Germany Bundesliga | 2024-2025]  [60/306] Borussia M.Gladbach vs FC Heidenheim (id=27803)
19:08:01 INFO  [Germany Bundesliga | 2024-2025]  [61/306] Bayern Munich vs VfB Stuttgart (id=27797)
19:08:02 INFO  [Germany Bundesliga | 2024-2025]  [62/306] Holstein Kiel vs Union Berlin (id=27804)
19:08:04 INFO  [Germany Bundesliga | 2024-2025]  [63/306] Wolfsburg vs Werder Bremen (id=27801)
19:08:05 INFO  [Germany Bundesliga | 2024-2025]  [64/306] Mainz 05 vs Borussia M.Gladbach (id=27810)
19:08:07 INFO  [Germany Bundesliga | 2024-2025]  [65/306] VfB Stuttgart vs Holstein Kiel (id=27805)
19:08:08 INFO  [Germany Bundesliga | 2024-2025]  [66/306] RasenBallsport Leipzig vs Freiburg (id=27806)
19:08:10 INFO  [Germany Bundesliga | 2024-2025]  [67/306] Augsburg vs Borussia Dortmund (id=27809)
19:08:11 INFO  [Germany Bundesliga | 2024-2025]  [68/306] St. Pauli vs Wolfsburg (id=27813)
19:08:13 INFO  [Germany Bundesliga | 2024-2025]  [69/306] Werder Bremen vs Bayer Leverkusen (id=27808)
19:08:14 INFO  [Germany Bundesliga | 2024-2025]  [70/306] Bochum vs Bayern Munich (id=27812)
19:08:16 INFO  [Germany Bundesliga | 2024-2025]  [71/306] Union Berlin vs Eintracht Frankfurt (id=27811)
19:08:17 INFO  [Germany Bundesliga | 2024-2025]  [72/306] FC Heidenheim vs Hoffenheim (id=27807)
19:08:18 INFO  [Germany Bundesliga | 2024-2025]  [73/306] Bayer Leverkusen vs VfB Stuttgart (id=27814)
19:08:20 INFO  [Germany Bundesliga | 2024-2025]  [74/306] Bayern Munich vs Union Berlin (id=27815)
19:08:21 INFO  [Germany Bundesliga | 2024-2025]  [75/306] Eintracht Frankfurt vs Bochum (id=27817)
19:08:23 INFO  [Germany Bundesliga | 2024-2025]  💾 checkpoint flush (75/306 matches) …
19:08:23 INFO  [Germany Bundesliga | 2024-2025]  [76/306] Hoffenheim vs St. Pauli (id=27818)
19:08:24 INFO  [Germany Bundesliga | 2024-2025]  [77/306] Wolfsburg vs Augsburg (id=27820)
19:08:25 INFO  [Germany Bundesliga | 2024-2025]  [78/306] Holstein Kiel vs FC Heidenheim (id=27822)
19:08:27 INFO  [Germany Bundesliga | 2024-2025]  [79/306] Borussia Dortmund vs RasenBallsport Leipzig (id=27816)
19:08:28 INFO  [Germany Bundesliga | 2024-2025]  [80/306] Freiburg vs Mainz 05 (id=27819)
19:08:30 INFO  [Germany Bundesliga | 2024-2025]  [81/306] Borussia M.Gladbach vs Werder Bremen (id=27821)
19:08:31 INFO  [Germany Bundesliga | 2024-2025]  [82/306] Union Berlin vs Freiburg (id=27829)
19:08:32 INFO  [Germany Bundesliga | 2024-2025]  [83/306] Werder Bremen vs Holstein Kiel (id=27826)
19:08:34 INFO  [Germany Bundesliga | 2024-2025]  [84/306] Mainz 05 vs Borussia Dortmund (id=27828)
19:08:35 INFO  [Germany Bundesliga | 2024-2025]  [85/306] Bochum vs Bayer Leverkusen (id=27830)
19:08:37 INFO  [Germany Bundesliga | 2024-2025]  [86/306] St. Pauli vs Bayern Munich (id=27831)
19:08:38 INFO  [Germany Bundesliga | 2024-2025]  [87/306] RasenBallsport Leipzig vs Borussia M.Gladbach (id=27824)
19:08:40 INFO  [Germany Bundesliga | 2024-2025]  [88/306] Augsburg vs Hoffenheim (id=27827)
19:08:42 INFO  [Germany Bundesliga | 2024-2025]  [89/306] VfB Stuttgart vs Eintracht Frankfurt (id=27823)
19:08:44 INFO  [Germany Bundesliga | 2024-2025]  [90/306] FC Heidenheim vs Wolfsburg (id=27825)
19:08:45 INFO  [Germany Bundesliga | 2024-2025]  [91/306] Bayern Munich vs Augsburg (id=27834)
19:08:46 INFO  [Germany Bundesliga | 2024-2025]  [92/306] Bayer Leverkusen vs FC Heidenheim (id=27832)
19:08:48 INFO  [Germany Bundesliga | 2024-2025]  [93/306] VfB Stuttgart vs Bochum (id=27833)
19:08:49 INFO  [Germany Bundesliga | 2024-2025]  [94/306] Borussia Dortmund vs Freiburg (id=27835)
19:08:51 INFO  [Germany Bundesliga | 2024-2025]  [95/306] Hoffenheim vs RasenBallsport Leipzig (id=27837)
19:08:52 INFO  [Germany Bundesliga | 2024-2025]  [96/306] Wolfsburg vs Union Berlin (id=27838)
19:08:54 INFO  [Germany Bundesliga | 2024-2025]  [97/306] Eintracht Frankfurt vs Werder Bremen (id=27836)
19:08:55 INFO  [Germany Bundesliga | 2024-2025]  [98/306] Holstein Kiel vs Mainz 05 (id=27840)
19:08:56 INFO  [Germany Bundesliga | 2024-2025]  [99/306] Borussia M.Gladbach vs St. Pauli (id=27839)
19:08:58 INFO  [Germany Bundesliga | 2024-2025]  [100/306] RasenBallsport Leipzig vs Wolfsburg (id=27841)
19:08:59 INFO  [Germany Bundesliga | 2024-2025]  💾 checkpoint flush (100/306 matches) …
19:08:59 INFO  [Germany Bundesliga | 2024-2025]  [101/306] Werder Bremen vs VfB Stuttgart (id=27844)
19:09:01 INFO  [Germany Bundesliga | 2024-2025]  [102/306] Freiburg vs Borussia M.Gladbach (id=27845)
19:09:02 INFO  [Germany Bundesliga | 2024-2025]  [103/306] Augsburg vs Bochum (id=27846)
19:09:04 INFO  [Germany Bundesliga | 2024-2025]  [104/306] Union Berlin vs Bayer Leverkusen (id=27848)
19:09:05 INFO  [Germany Bundesliga | 2024-2025]  [105/306] St. Pauli vs Holstein Kiel (id=27849)
19:09:07 INFO  [Germany Bundesliga | 2024-2025]  [106/306] Borussia Dortmund vs Bayern Munich (id=27842)
19:09:08 INFO  [Germany Bundesliga | 2024-2025]  [107/306] FC Heidenheim vs Eintracht Frankfurt (id=27843)
19:09:09 INFO  [Germany Bundesliga | 2024-2025]  [108/306] Mainz 05 vs Hoffenheim (id=27847)
19:09:11 INFO  [Germany Bundesliga | 2024-2025]  [109/306] VfB Stuttgart vs Union Berlin (id=27851)
19:09:13 INFO  [Germany Bundesliga | 2024-2025]  [110/306] Bayer Leverkusen vs St. Pauli (id=27850)
19:09:14 INFO  [Germany Bundesliga | 2024-2025]  [111/306] Bochum vs Werder Bremen (id=27855)
19:09:16 INFO  [Germany Bundesliga | 2024-2025]  [112/306] Holstein Kiel vs RasenBallsport Leipzig (id=27856)
19:09:17 INFO  [Germany Bundesliga | 2024-2025]  [113/306] Bayern Munich vs FC Heidenheim (id=27857)
19:09:18 INFO  [Germany Bundesliga | 2024-2025]  [114/306] Eintracht Frankfurt vs Augsburg (id=27858)
19:09:20 INFO  [Germany Bundesliga | 2024-2025]  [115/306] Borussia M.Gladbach vs Borussia Dortmund (id=27854)
19:09:21 INFO  [Germany Bundesliga | 2024-2025]  [116/306] Wolfsburg vs Mainz 05 (id=27853)
19:09:23 INFO  [Germany Bundesliga | 2024-2025]  [117/306] Hoffenheim vs Freiburg (id=27852)
19:09:24 INFO  [Germany Bundesliga | 2024-2025]  [118/306] Freiburg vs Wolfsburg (id=27862)
19:09:26 INFO  [Germany Bundesliga | 2024-2025]  [119/306] Augsburg vs Bayer Leverkusen (id=27863)
19:09:27 INFO  [Germany Bundesliga | 2024-2025]  [120/306] Mainz 05 vs Bayern Munich (id=27864)
19:09:29 INFO  [Germany Bundesliga | 2024-2025]  [121/306] Borussia M.Gladbach vs Holstein Kiel (id=27865)
19:09:30 INFO  [Germany Bundesliga | 2024-2025]  [122/306] Union Berlin vs Bochum (id=27866)
19:09:32 INFO  [Germany Bundesliga | 2024-2025]  [123/306] St. Pauli vs Werder Bremen (id=27867)
19:09:33 INFO  [Germany Bundesliga | 2024-2025]  [124/306] FC Heidenheim vs VfB Stuttgart (id=27861)
19:09:36 INFO  [Germany Bundesliga | 2024-2025]  [125/306] Borussia Dortmund vs Hoffenheim (id=27860)
19:09:37 INFO  [Germany Bundesliga | 2024-2025]  💾 checkpoint flush (125/306 matches) …
19:09:37 INFO  [Germany Bundesliga | 2024-2025]  [126/306] RasenBallsport Leipzig vs Eintracht Frankfurt (id=27859)
19:09:39 INFO  [Germany Bundesliga | 2024-2025]  [127/306] Bayern Munich vs RasenBallsport Leipzig (id=27870)
19:09:41 INFO  [Germany Bundesliga | 2024-2025]  [128/306] VfB Stuttgart vs St. Pauli (id=27869)
19:09:42 INFO  [Germany Bundesliga | 2024-2025]  [129/306] Eintracht Frankfurt vs Mainz 05 (id=27871)
19:09:43 INFO  [Germany Bundesliga | 2024-2025]  [130/306] Hoffenheim vs Borussia M.Gladbach (id=27872)
19:09:45 INFO  [Germany Bundesliga | 2024-2025]  [131/306] Werder Bremen vs Union Berlin (id=27873)
19:09:46 INFO  [Germany Bundesliga | 2024-2025]  [132/306] Holstein Kiel vs Augsburg (id=27876)
19:09:48 INFO  [Germany Bundesliga | 2024-2025]  [133/306] Bayer Leverkusen vs Freiburg (id=27868)
19:09:49 INFO  [Germany Bundesliga | 2024-2025]  [134/306] Bochum vs FC Heidenheim (id=27875)
19:09:51 INFO  [Germany Bundesliga | 2024-2025]  [135/306] Wolfsburg vs Borussia Dortmund (id=27874)
19:09:52 INFO  [Germany Bundesliga | 2024-2025]  [136/306] Borussia Dortmund vs Bayer Leverkusen (id=27878)
19:09:54 INFO  [Germany Bundesliga | 2024-2025]  [137/306] Hoffenheim vs Wolfsburg (id=27879)
19:09:55 INFO  [Germany Bundesliga | 2024-2025]  [138/306] FC Heidenheim vs Union Berlin (id=27880)
19:09:56 INFO  [Germany Bundesliga | 2024-2025]  [139/306] Freiburg vs Holstein Kiel (id=27881)
19:09:58 INFO  [Germany Bundesliga | 2024-2025]  [140/306] Mainz 05 vs Bochum (id=27883)
19:09:59 INFO  [Germany Bundesliga | 2024-2025]  [141/306] St. Pauli vs Eintracht Frankfurt (id=27885)
19:10:01 INFO  [Germany Bundesliga | 2024-2025]  [142/306] Borussia M.Gladbach vs Bayern Munich (id=27884)
19:10:02 INFO  [Germany Bundesliga | 2024-2025]  [143/306] RasenBallsport Leipzig vs Werder Bremen (id=27877)
19:10:04 INFO  [Germany Bundesliga | 2024-2025]  [144/306] Augsburg vs VfB Stuttgart (id=27882)
19:10:05 INFO  [Germany Bundesliga | 2024-2025]  [145/306] Holstein Kiel vs Borussia Dortmund (id=27894)
19:10:07 INFO  [Germany Bundesliga | 2024-2025]  [146/306] Bayer Leverkusen vs Mainz 05 (id=27886)
19:10:08 INFO  [Germany Bundesliga | 2024-2025]  [147/306] Eintracht Frankfurt vs Freiburg (id=27889)
19:10:09 INFO  [Germany Bundesliga | 2024-2025]  [148/306] Wolfsburg vs Borussia M.Gladbach (id=27891)
19:10:11 INFO  [Germany Bundesliga | 2024-2025]  [149/306] Bochum vs St. Pauli (id=27893)
19:10:12 INFO  [Germany Bundesliga | 2024-2025]  [150/306] VfB Stuttgart vs RasenBallsport Leipzig (id=27887)
19:10:14 INFO  [Germany Bundesliga | 2024-2025]  💾 checkpoint flush (150/306 matches) …
19:10:14 INFO  [Germany Bundesliga | 2024-2025]  [151/306] Bayern Munich vs Hoffenheim (id=27888)
19:10:15 INFO  [Germany Bundesliga | 2024-2025]  [152/306] Werder Bremen vs FC Heidenheim (id=27890)
19:10:16 INFO  [Germany Bundesliga | 2024-2025]  [153/306] Union Berlin vs Augsburg (id=27892)
19:10:18 INFO  [Germany Bundesliga | 2024-2025]  [154/306] Eintracht Frankfurt vs Borussia Dortmund (id=27898)
19:10:19 INFO  [Germany Bundesliga | 2024-2025]  [155/306] VfB Stuttgart vs Freiburg (id=27896)
19:10:21 INFO  [Germany Bundesliga | 2024-2025]  [156/306] Bayern Munich vs Wolfsburg (id=27897)
19:10:22 INFO  [Germany Bundesliga | 2024-2025]  [157/306] FC Heidenheim vs St. Pauli (id=27899)
19:10:24 INFO  [Germany Bundesliga | 2024-2025]  [158/306] Bochum vs RasenBallsport Leipzig (id=27902)
19:10:25 INFO  [Germany Bundesliga | 2024-2025]  [159/306] Holstein Kiel vs Hoffenheim (id=27903)
19:10:27 INFO  [Germany Bundesliga | 2024-2025]  [160/306] Bayer Leverkusen vs Borussia M.Gladbach (id=27895)
19:10:28 INFO  [Germany Bundesliga | 2024-2025]  [161/306] Union Berlin vs Mainz 05 (id=27901)
19:10:30 INFO  [Germany Bundesliga | 2024-2025]  [162/306] Werder Bremen vs Augsburg (id=27900)
19:10:31 INFO  [Germany Bundesliga | 2024-2025]  [163/306] Wolfsburg vs Holstein Kiel (id=27910)
19:10:33 INFO  [Germany Bundesliga | 2024-2025]  [164/306] RasenBallsport Leipzig vs Bayer Leverkusen (id=27904)
19:10:34 INFO  [Germany Bundesliga | 2024-2025]  [165/306] Borussia Dortmund vs Werder Bremen (id=27905)
19:10:35 INFO  [Germany Bundesliga | 2024-2025]  [166/306] Mainz 05 vs VfB Stuttgart (id=27909)
19:10:37 INFO  [Germany Bundesliga | 2024-2025]  [167/306] Augsburg vs FC Heidenheim (id=27911)
19:10:38 INFO  [Germany Bundesliga | 2024-2025]  [168/306] Freiburg vs Bayern Munich (id=27912)
19:10:40 INFO  [Germany Bundesliga | 2024-2025]  [169/306] Borussia M.Gladbach vs Bochum (id=27908)
19:10:41 INFO  [Germany Bundesliga | 2024-2025]  [170/306] Hoffenheim vs Eintracht Frankfurt (id=27906)
19:10:43 INFO  [Germany Bundesliga | 2024-2025]  [171/306] St. Pauli vs Union Berlin (id=27907)
19:10:44 INFO  [Germany Bundesliga | 2024-2025]  [172/306] Werder Bremen vs Mainz 05 (id=27921)
19:10:46 INFO  [Germany Bundesliga | 2024-2025]  [173/306] Bochum vs Freiburg (id=27914)
19:10:47 INFO  [Germany Bundesliga | 2024-2025]  [174/306] St. Pauli vs Augsburg (id=27915)
19:10:48 INFO  [Germany Bundesliga | 2024-2025]  [175/306] VfB Stuttgart vs Borussia M.Gladbach (id=27917)
19:10:50 INFO  [Germany Bundesliga | 2024-2025]  💾 checkpoint flush (175/306 matches) …
19:10:50 INFO  [Germany Bundesliga | 2024-2025]  [176/306] Bayern Munich vs Holstein Kiel (id=27918)
19:10:51 INFO  [Germany Bundesliga | 2024-2025]  [177/306] FC Heidenheim vs Borussia Dortmund (id=27920)
19:10:53 INFO  [Germany Bundesliga | 2024-2025]  [178/306] Union Berlin vs RasenBallsport Leipzig (id=27913)
19:10:54 INFO  [Germany Bundesliga | 2024-2025]  [179/306] Eintracht Frankfurt vs Wolfsburg (id=27919)
19:10:55 INFO  [Germany Bundesliga | 2024-2025]  [180/306] Bayer Leverkusen vs Hoffenheim (id=27916)
19:10:57 INFO  [Germany Bundesliga | 2024-2025]  [181/306] Bayern Munich vs Werder Bremen (id=27922)
19:10:58 INFO  [Germany Bundesliga | 2024-2025]  [182/306] Borussia Dortmund vs VfB Stuttgart (id=27924)
19:11:00 INFO  [Germany Bundesliga | 2024-2025]  [183/306] Hoffenheim vs Union Berlin (id=27925)
19:11:01 INFO  [Germany Bundesliga | 2024-2025]  [184/306] Freiburg vs FC Heidenheim (id=27926)
19:11:03 INFO  [Germany Bundesliga | 2024-2025]  [185/306] Wolfsburg vs Bayer Leverkusen (id=27927)
19:11:04 INFO  [Germany Bundesliga | 2024-2025]  [186/306] Mainz 05 vs Augsburg (id=27928)
19:11:05 INFO  [Germany Bundesliga | 2024-2025]  [187/306] Borussia M.Gladbach vs Eintracht Frankfurt (id=27929)
19:11:07 INFO  [Germany Bundesliga | 2024-2025]  [188/306] Holstein Kiel vs Bochum (id=27930)
19:11:08 INFO  [Germany Bundesliga | 2024-2025]  [189/306] RasenBallsport Leipzig vs St. Pauli (id=27923)
19:11:10 INFO  [Germany Bundesliga | 2024-2025]  [190/306] Augsburg vs RasenBallsport Leipzig (id=27936)
19:11:11 INFO  [Germany Bundesliga | 2024-2025]  [191/306] VfB Stuttgart vs Wolfsburg (id=27932)
19:11:13 INFO  [Germany Bundesliga | 2024-2025]  [192/306] Union Berlin vs Borussia M.Gladbach (id=27937)
19:11:14 INFO  [Germany Bundesliga | 2024-2025]  [193/306] Bochum vs Borussia Dortmund (id=27938)
19:11:16 INFO  [Germany Bundesliga | 2024-2025]  [194/306] St. Pauli vs Freiburg (id=27939)
19:11:17 INFO  [Germany Bundesliga | 2024-2025]  [195/306] Bayer Leverkusen vs Bayern Munich (id=27931)
19:11:18 INFO  [Germany Bundesliga | 2024-2025]  [196/306] Werder Bremen vs Hoffenheim (id=27935)
19:11:20 INFO  [Germany Bundesliga | 2024-2025]  [197/306] Eintracht Frankfurt vs Holstein Kiel (id=27933)
19:11:21 INFO  [Germany Bundesliga | 2024-2025]  [198/306] FC Heidenheim vs Mainz 05 (id=27934)
19:11:23 INFO  [Germany Bundesliga | 2024-2025]  [199/306] Freiburg vs Werder Bremen (id=27944)
19:11:24 INFO  [Germany Bundesliga | 2024-2025]  [200/306] Wolfsburg vs Bochum (id=27945)
19:11:25 INFO  [Germany Bundesliga | 2024-2025]  💾 checkpoint flush (200/306 matches) …
19:11:26 INFO  [Germany Bundesliga | 2024-2025]  [201/306] Mainz 05 vs St. Pauli (id=27946)
19:11:27 INFO  [Germany Bundesliga | 2024-2025]  [202/306] Borussia M.Gladbach vs Augsburg (id=27947)
19:11:28 INFO  [Germany Bundesliga | 2024-2025]  [203/306] Holstein Kiel vs Bayer Leverkusen (id=27948)
19:11:30 INFO  [Germany Bundesliga | 2024-2025]  [204/306] Borussia Dortmund vs Union Berlin (id=27942)
19:11:32 INFO  [Germany Bundesliga | 2024-2025]  [205/306] RasenBallsport Leipzig vs FC Heidenheim (id=27941)
19:11:33 INFO  [Germany Bundesliga | 2024-2025]  [206/306] Bayern Munich vs Eintracht Frankfurt (id=27940)
19:11:34 INFO  [Germany Bundesliga | 2024-2025]  [207/306] Hoffenheim vs VfB Stuttgart (id=27943)
19:11:36 INFO  [Germany Bundesliga | 2024-2025]  [208/306] VfB Stuttgart vs Bayern Munich (id=27949)
19:11:37 INFO  [Germany Bundesliga | 2024-2025]  [209/306] RasenBallsport Leipzig vs Mainz 05 (id=27950)
19:11:39 INFO  [Germany Bundesliga | 2024-2025]  [210/306] FC Heidenheim vs Borussia M.Gladbach (id=27952)
19:11:40 INFO  [Germany Bundesliga | 2024-2025]  [211/306] Werder Bremen vs Wolfsburg (id=27953)
19:11:42 INFO  [Germany Bundesliga | 2024-2025]  [212/306] St. Pauli vs Borussia Dortmund (id=27956)
19:11:43 INFO  [Germany Bundesliga | 2024-2025]  [213/306] Bochum vs Hoffenheim (id=27957)
19:11:45 INFO  [Germany Bundesliga | 2024-2025]  [214/306] Eintracht Frankfurt vs Bayer Leverkusen (id=27951)
19:11:46 INFO  [Germany Bundesliga | 2024-2025]  [215/306] Union Berlin vs Holstein Kiel (id=27955)
19:11:48 INFO  [Germany Bundesliga | 2024-2025]  [216/306] Augsburg vs Freiburg (id=27954)
19:11:49 INFO  [Germany Bundesliga | 2024-2025]  [217/306] Borussia M.Gladbach vs Mainz 05 (id=27965)
19:11:50 INFO  [Germany Bundesliga | 2024-2025]  [218/306] Bayer Leverkusen vs Werder Bremen (id=27958)
19:11:52 INFO  [Germany Bundesliga | 2024-2025]  [219/306] Bayern Munich vs Bochum (id=27959)
19:11:53 INFO  [Germany Bundesliga | 2024-2025]  [220/306] Borussia Dortmund vs Augsburg (id=27960)
19:11:55 INFO  [Germany Bundesliga | 2024-2025]  [221/306] Wolfsburg vs St. Pauli (id=27964)
19:11:56 INFO  [Germany Bundesliga | 2024-2025]  [222/306] Holstein Kiel vs VfB Stuttgart (id=27966)
19:11:58 INFO  [Germany Bundesliga | 2024-2025]  [223/306] Freiburg vs RasenBallsport Leipzig (id=27963)
19:11:59 INFO  [Germany Bundesliga | 2024-2025]  [224/306] Eintracht Frankfurt vs Union Berlin (id=27961)
19:12:00 INFO  [Germany Bundesliga | 2024-2025]  [225/306] Hoffenheim vs FC Heidenheim (id=27962)
19:12:02 INFO  [Germany Bundesliga | 2024-2025]  💾 checkpoint flush (225/306 matches) …
19:12:02 INFO  [Germany Bundesliga | 2024-2025]  [226/306] St. Pauli vs Hoffenheim (id=27975)
19:12:03 INFO  [Germany Bundesliga | 2024-2025]  [227/306] Werder Bremen vs Borussia M.Gladbach (id=27970)
19:12:05 INFO  [Germany Bundesliga | 2024-2025]  [228/306] Augsburg vs Wolfsburg (id=27971)
19:12:06 INFO  [Germany Bundesliga | 2024-2025]  [229/306] Mainz 05 vs Freiburg (id=27972)
19:12:08 INFO  [Germany Bundesliga | 2024-2025]  [230/306] Union Berlin vs Bayern Munich (id=27973)
19:12:09 INFO  [Germany Bundesliga | 2024-2025]  [231/306] RasenBallsport Leipzig vs Borussia Dortmund (id=27968)
19:12:10 INFO  [Germany Bundesliga | 2024-2025]  [232/306] Bochum vs Eintracht Frankfurt (id=27974)
19:12:12 INFO  [Germany Bundesliga | 2024-2025]  [233/306] FC Heidenheim vs Holstein Kiel (id=27969)
19:12:13 INFO  [Germany Bundesliga | 2024-2025]  [234/306] VfB Stuttgart vs Bayer Leverkusen (id=27967)
19:12:14 INFO  [Germany Bundesliga | 2024-2025]  [235/306] Bayer Leverkusen vs Bochum (id=27976)
19:12:16 INFO  [Germany Bundesliga | 2024-2025]  [236/306] Bayern Munich vs St. Pauli (id=27977)
19:12:17 INFO  [Germany Bundesliga | 2024-2025]  [237/306] Borussia M.Gladbach vs RasenBallsport Leipzig (id=27980)
19:12:18 INFO  [Germany Bundesliga | 2024-2025]  [238/306] Wolfsburg vs FC Heidenheim (id=27981)
19:12:20 INFO  [Germany Bundesliga | 2024-2025]  [239/306] Hoffenheim vs Augsburg (id=27983)
19:12:21 INFO  [Germany Bundesliga | 2024-2025]  [240/306] Holstein Kiel vs Werder Bremen (id=27984)
19:12:22 INFO  [Germany Bundesliga | 2024-2025]  [241/306] Eintracht Frankfurt vs VfB Stuttgart (id=27978)
19:12:23 INFO  [Germany Bundesliga | 2024-2025]  [242/306] Freiburg vs Union Berlin (id=27982)
19:12:25 INFO  [Germany Bundesliga | 2024-2025]  [243/306] Borussia Dortmund vs Mainz 05 (id=27979)
19:12:26 INFO  [Germany Bundesliga | 2024-2025]  [244/306] Augsburg vs Bayern Munich (id=27989)
19:12:27 INFO  [Germany Bundesliga | 2024-2025]  [245/306] RasenBallsport Leipzig vs Hoffenheim (id=27985)
19:12:29 INFO  [Germany Bundesliga | 2024-2025]  [246/306] FC Heidenheim vs Bayer Leverkusen (id=27986)
19:12:30 INFO  [Germany Bundesliga | 2024-2025]  [247/306] Freiburg vs Borussia Dortmund (id=27988)
19:12:31 INFO  [Germany Bundesliga | 2024-2025]  [248/306] Mainz 05 vs Holstein Kiel (id=27990)
19:12:33 INFO  [Germany Bundesliga | 2024-2025]  [249/306] Bochum vs VfB Stuttgart (id=27992)
19:12:35 INFO  [Germany Bundesliga | 2024-2025]  [250/306] Werder Bremen vs Eintracht Frankfurt (id=27987)
19:12:36 INFO  [Germany Bundesliga | 2024-2025]  💾 checkpoint flush (250/306 matches) …
19:12:36 INFO  [Germany Bundesliga | 2024-2025]  [251/306] St. Pauli vs Borussia M.Gladbach (id=27993)
19:12:38 INFO  [Germany Bundesliga | 2024-2025]  [252/306] Union Berlin vs Wolfsburg (id=27991)
19:12:39 INFO  [Germany Bundesliga | 2024-2025]  [253/306] Wolfsburg vs RasenBallsport Leipzig (id=27999)
19:12:41 INFO  [Germany Bundesliga | 2024-2025]  [254/306] Bayer Leverkusen vs Union Berlin (id=27994)
19:12:43 INFO  [Germany Bundesliga | 2024-2025]  [255/306] Hoffenheim vs Mainz 05 (id=27998)
19:12:44 INFO  [Germany Bundesliga | 2024-2025]  [256/306] Borussia M.Gladbach vs Freiburg (id=28000)
19:12:45 INFO  [Germany Bundesliga | 2024-2025]  [257/306] Bochum vs Augsburg (id=28001)
19:12:47 INFO  [Germany Bundesliga | 2024-2025]  [258/306] Holstein Kiel vs St. Pauli (id=28002)
19:12:48 INFO  [Germany Bundesliga | 2024-2025]  [259/306] Bayern Munich vs Borussia Dortmund (id=27996)
19:12:49 INFO  [Germany Bundesliga | 2024-2025]  [260/306] VfB Stuttgart vs Werder Bremen (id=27995)
19:12:51 INFO  [Germany Bundesliga | 2024-2025]  [261/306] Eintracht Frankfurt vs FC Heidenheim (id=27997)
19:12:52 INFO  [Germany Bundesliga | 2024-2025]  [262/306] RasenBallsport Leipzig vs Holstein Kiel (id=28003)
19:12:53 INFO  [Germany Bundesliga | 2024-2025]  [263/306] FC Heidenheim vs Bayern Munich (id=28005)
19:12:55 INFO  [Germany Bundesliga | 2024-2025]  [264/306] Werder Bremen vs Bochum (id=28006)
19:12:56 INFO  [Germany Bundesliga | 2024-2025]  [265/306] Freiburg vs Hoffenheim (id=28007)
19:12:58 INFO  [Germany Bundesliga | 2024-2025]  [266/306] Mainz 05 vs Wolfsburg (id=28009)
19:12:59 INFO  [Germany Bundesliga | 2024-2025]  [267/306] Union Berlin vs VfB Stuttgart (id=28010)
19:13:00 INFO  [Germany Bundesliga | 2024-2025]  [268/306] Augsburg vs Eintracht Frankfurt (id=28008)
19:13:02 INFO  [Germany Bundesliga | 2024-2025]  [269/306] Borussia Dortmund vs Borussia M.Gladbach (id=28004)
19:13:03 INFO  [Germany Bundesliga | 2024-2025]  [270/306] St. Pauli vs Bayer Leverkusen (id=28011)
19:13:04 INFO  [Germany Bundesliga | 2024-2025]  [271/306] VfB Stuttgart vs FC Heidenheim (id=28013)
19:13:06 INFO  [Germany Bundesliga | 2024-2025]  [272/306] Bayer Leverkusen vs Augsburg (id=28012)
19:13:07 INFO  [Germany Bundesliga | 2024-2025]  [273/306] Bayern Munich vs Mainz 05 (id=28014)
19:13:08 INFO  [Germany Bundesliga | 2024-2025]  [274/306] Hoffenheim vs Borussia Dortmund (id=28016)
19:13:10 INFO  [Germany Bundesliga | 2024-2025]  [275/306] Wolfsburg vs Freiburg (id=28018)
19:13:11 INFO  [Germany Bundesliga | 2024-2025]  💾 checkpoint flush (275/306 matches) …
19:13:11 INFO  [Germany Bundesliga | 2024-2025]  [276/306] Holstein Kiel vs Borussia M.Gladbach (id=28020)
19:13:12 INFO  [Germany Bundesliga | 2024-2025]  [277/306] Eintracht Frankfurt vs RasenBallsport Leipzig (id=28015)
19:13:14 INFO  [Germany Bundesliga | 2024-2025]  [278/306] Bochum vs Union Berlin (id=28019)
19:13:15 INFO  [Germany Bundesliga | 2024-2025]  [279/306] Werder Bremen vs St. Pauli (id=28017)
19:13:16 INFO  [Germany Bundesliga | 2024-2025]  [280/306] FC Heidenheim vs Bochum (id=28023)
19:13:18 INFO  [Germany Bundesliga | 2024-2025]  [281/306] RasenBallsport Leipzig vs Bayern Munich (id=28021)
19:13:19 INFO  [Germany Bundesliga | 2024-2025]  [282/306] Borussia M.Gladbach vs Hoffenheim (id=28027)
19:13:21 INFO  [Germany Bundesliga | 2024-2025]  [283/306] Union Berlin vs Werder Bremen (id=28028)
19:13:22 INFO  [Germany Bundesliga | 2024-2025]  [284/306] St. Pauli vs VfB Stuttgart (id=28029)
19:13:23 INFO  [Germany Bundesliga | 2024-2025]  [285/306] Borussia Dortmund vs Wolfsburg (id=28022)
19:13:25 INFO  [Germany Bundesliga | 2024-2025]  [286/306] Augsburg vs Holstein Kiel (id=28025)
19:13:26 INFO  [Germany Bundesliga | 2024-2025]  [287/306] Freiburg vs Bayer Leverkusen (id=28024)
19:13:28 INFO  [Germany Bundesliga | 2024-2025]  [288/306] Mainz 05 vs Eintracht Frankfurt (id=28026)
19:13:29 INFO  [Germany Bundesliga | 2024-2025]  [289/306] Wolfsburg vs Hoffenheim (id=28035)
19:13:30 INFO  [Germany Bundesliga | 2024-2025]  [290/306] Werder Bremen vs RasenBallsport Leipzig (id=28034)
19:13:32 INFO  [Germany Bundesliga | 2024-2025]  [291/306] Union Berlin vs FC Heidenheim (id=28036)
19:13:33 INFO  [Germany Bundesliga | 2024-2025]  [292/306] Bochum vs Mainz 05 (id=28037)
19:13:34 INFO  [Germany Bundesliga | 2024-2025]  [293/306] Holstein Kiel vs Freiburg (id=28038)
19:13:35 INFO  [Germany Bundesliga | 2024-2025]  [294/306] Bayern Munich vs Borussia M.Gladbach (id=28032)
19:13:37 INFO  [Germany Bundesliga | 2024-2025]  [295/306] Bayer Leverkusen vs Borussia Dortmund (id=28030)
19:13:38 INFO  [Germany Bundesliga | 2024-2025]  [296/306] Eintracht Frankfurt vs St. Pauli (id=28033)
19:13:39 INFO  [Germany Bundesliga | 2024-2025]  [297/306] VfB Stuttgart vs Augsburg (id=28031)
19:13:41 INFO  [Germany Bundesliga | 2024-2025]  [298/306] RasenBallsport Leipzig vs VfB Stuttgart (id=28039)
19:13:42 INFO  [Germany Bundesliga | 2024-2025]  [299/306] Borussia Dortmund vs Holstein Kiel (id=28040)
19:13:43 INFO  [Germany Bundesliga | 2024-2025]  [300/306] Hoffenheim vs Bayern Munich (id=28041)
19:13:45 INFO  [Germany Bundesliga | 2024-2025]  💾 checkpoint flush (300/306 matches) …
19:13:45 INFO  [Germany Bundesliga | 2024-2025]  [301/306] FC Heidenheim vs Werder Bremen (id=28042)
19:13:46 INFO  [Germany Bundesliga | 2024-2025]  [302/306] Freiburg vs Eintracht Frankfurt (id=28043)
19:13:47 INFO  [Germany Bundesliga | 2024-2025]  [303/306] Augsburg vs Union Berlin (id=28044)
19:13:48 INFO  [Germany Bundesliga | 2024-2025]  [304/306] Mainz 05 vs Bayer Leverkusen (id=28045)
19:13:50 INFO  [Germany Bundesliga | 2024-2025]  [305/306] Borussia M.Gladbach vs Wolfsburg (id=28046)
19:13:51 INFO  [Germany Bundesliga | 2024-2025]  [306/306] St. Pauli vs Bochum (id=28047)
19:13:52 INFO    💾 7944 rows → understat_match_shots__Germany_Bundesliga__2024_2025.parquet
19:13:52 INFO    💾 9497 rows → understat_rosters__Germany_Bundesliga__2024_2025.parquet
19:13:52 INFO    💾 306 rows → understat_match_info__Germany_Bundesliga__2024_2025.parquet
19:13:52 INFO  [Germany Bundesliga | 2024-2025]  ✅ saved: shots=7944 roster_rows=9497 info_matches=306
19:13:52 INFO  [Germany Bundesliga | 2023-2024]  📡 Understat matches — fetching match list
19:13:54 INFO  [Germany Bundesliga | 2023-2024]  ✅ 306 completed on Understat, 306 remaining to fetch
19:13:54 INFO  [Germany Bundesliga | 2023-2024]  [1/306] Werder Bremen vs Bayern Munich (id=23065)
19:13:55 INFO  [Germany Bundesliga | 2023-2024]  💾 checkpoint flush (1/306 matches) …
19:13:55 INFO  [Germany Bundesliga | 2023-2024]  [2/306] Bayer Leverkusen vs RasenBallsport Leipzig (id=23066)
19:14:02 INFO  [Germany Bundesliga | 2023-2024]  [3/306] Wolfsburg vs FC Heidenheim (id=23067)
19:14:03 INFO  [Germany Bundesliga | 2023-2024]  [4/306] Hoffenheim vs Freiburg (id=23068)
19:14:04 INFO  [Germany Bundesliga | 2023-2024]  [5/306] Augsburg vs Borussia M.Gladbach (id=23069)
19:14:06 INFO  [Germany Bundesliga | 2023-2024]  [6/306] VfB Stuttgart vs Bochum (id=23070)
19:14:08 INFO  [Germany Bundesliga | 2023-2024]  [7/306] Borussia Dortmund vs FC Cologne (id=23071)
19:14:09 INFO  [Germany Bundesliga | 2023-2024]  [8/306] Union Berlin vs Mainz 05 (id=23072)
19:14:11 INFO  [Germany Bundesliga | 2023-2024]  [9/306] Eintracht Frankfurt vs Darmstadt (id=23073)
19:14:12 INFO  [Germany Bundesliga | 2023-2024]  [10/306] RasenBallsport Leipzig vs VfB Stuttgart (id=23074)
19:14:13 INFO  [Germany Bundesliga | 2023-2024]  [11/306] Freiburg vs Werder Bremen (id=23075)
19:14:15 INFO  [Germany Bundesliga | 2023-2024]  [12/306] FC Cologne vs Wolfsburg (id=23076)
19:14:16 INFO  [Germany Bundesliga | 2023-2024]  [13/306] Bochum vs Borussia Dortmund (id=23077)
19:14:17 INFO  [Germany Bundesliga | 2023-2024]  [14/306] FC Heidenheim vs Hoffenheim (id=23078)
19:14:19 INFO  [Germany Bundesliga | 2023-2024]  [15/306] Darmstadt vs Union Berlin (id=23079)
19:14:21 INFO  [Germany Bundesliga | 2023-2024]  [16/306] Borussia M.Gladbach vs Bayer Leverkusen (id=23080)
19:14:22 INFO  [Germany Bundesliga | 2023-2024]  [17/306] Mainz 05 vs Eintracht Frankfurt (id=23081)
19:14:23 INFO  [Germany Bundesliga | 2023-2024]  [18/306] Bayern Munich vs Augsburg (id=23082)
19:14:25 INFO  [Germany Bundesliga | 2023-2024]  [19/306] Borussia Dortmund vs FC Heidenheim (id=23083)
19:14:26 INFO  [Germany Bundesliga | 2023-2024]  [20/306] Bayer Leverkusen vs Darmstadt (id=23084)
19:14:28 INFO  [Germany Bundesliga | 2023-2024]  [21/306] Hoffenheim vs Wolfsburg (id=23085)
19:14:29 INFO  [Germany Bundesliga | 2023-2024]  [22/306] Werder Bremen vs Mainz 05 (id=23086)
19:14:31 INFO  [Germany Bundesliga | 2023-2024]  [23/306] Augsburg vs Bochum (id=23087)
19:14:32 INFO  [Germany Bundesliga | 2023-2024]  [24/306] VfB Stuttgart vs Freiburg (id=23088)
19:14:33 INFO  [Germany Bundesliga | 2023-2024]  [25/306] Borussia M.Gladbach vs Bayern Munich (id=23089)
19:14:35 INFO  [Germany Bundesliga | 2023-2024]  💾 checkpoint flush (25/306 matches) …
19:14:35 INFO  [Germany Bundesliga | 2023-2024]  [26/306] Eintracht Frankfurt vs FC Cologne (id=23090)
19:14:36 INFO  [Germany Bundesliga | 2023-2024]  [27/306] Union Berlin vs RasenBallsport Leipzig (id=23091)
19:14:37 INFO  [Germany Bundesliga | 2023-2024]  [28/306] Bayern Munich vs Bayer Leverkusen (id=23092)
19:14:38 INFO  [Germany Bundesliga | 2023-2024]  [29/306] RasenBallsport Leipzig vs Augsburg (id=23093)
19:14:39 INFO  [Germany Bundesliga | 2023-2024]  [30/306] Freiburg vs Borussia Dortmund (id=23094)
19:14:41 INFO  [Germany Bundesliga | 2023-2024]  [31/306] Wolfsburg vs Union Berlin (id=23095)
19:14:42 INFO  [Germany Bundesliga | 2023-2024]  [32/306] Mainz 05 vs VfB Stuttgart (id=23096)
19:14:43 INFO  [Germany Bundesliga | 2023-2024]  [33/306] FC Cologne vs Hoffenheim (id=23097)
19:14:45 INFO  [Germany Bundesliga | 2023-2024]  [34/306] Bochum vs Eintracht Frankfurt (id=23098)
19:14:46 INFO  [Germany Bundesliga | 2023-2024]  [35/306] FC Heidenheim vs Werder Bremen (id=23099)
19:14:47 INFO  [Germany Bundesliga | 2023-2024]  [36/306] Darmstadt vs Borussia M.Gladbach (id=23100)
19:14:48 INFO  [Germany Bundesliga | 2023-2024]  [37/306] VfB Stuttgart vs Darmstadt (id=23101)
19:14:50 INFO  [Germany Bundesliga | 2023-2024]  [38/306] Augsburg vs Mainz 05 (id=23102)
19:14:51 INFO  [Germany Bundesliga | 2023-2024]  [39/306] Borussia M.Gladbach vs RasenBallsport Leipzig (id=23103)
19:14:53 INFO  [Germany Bundesliga | 2023-2024]  [40/306] Bayern Munich vs Bochum (id=23104)
19:14:54 INFO  [Germany Bundesliga | 2023-2024]  [41/306] Borussia Dortmund vs Wolfsburg (id=23105)
19:14:55 INFO  [Germany Bundesliga | 2023-2024]  [42/306] Union Berlin vs Hoffenheim (id=23106)
19:14:57 INFO  [Germany Bundesliga | 2023-2024]  [43/306] Werder Bremen vs FC Cologne (id=23107)
19:14:58 INFO  [Germany Bundesliga | 2023-2024]  [44/306] Bayer Leverkusen vs FC Heidenheim (id=23108)
19:14:59 INFO  [Germany Bundesliga | 2023-2024]  [45/306] Eintracht Frankfurt vs Freiburg (id=23109)
19:15:01 INFO  [Germany Bundesliga | 2023-2024]  [46/306] Hoffenheim vs Borussia Dortmund (id=23110)
19:15:02 INFO  [Germany Bundesliga | 2023-2024]  [47/306] Bochum vs Borussia M.Gladbach (id=23111)
19:15:03 INFO  [Germany Bundesliga | 2023-2024]  [48/306] FC Heidenheim vs Union Berlin (id=23112)
19:15:04 INFO  [Germany Bundesliga | 2023-2024]  [49/306] Wolfsburg vs Eintracht Frankfurt (id=23113)
19:15:05 INFO  [Germany Bundesliga | 2023-2024]  [50/306] Mainz 05 vs Bayer Leverkusen (id=23114)
19:15:07 INFO  [Germany Bundesliga | 2023-2024]  💾 checkpoint flush (50/306 matches) …
19:15:07 INFO  [Germany Bundesliga | 2023-2024]  [51/306] FC Cologne vs VfB Stuttgart (id=23115)
19:15:08 INFO  [Germany Bundesliga | 2023-2024]  [52/306] RasenBallsport Leipzig vs Bayern Munich (id=23116)
19:15:09 INFO  [Germany Bundesliga | 2023-2024]  [53/306] Darmstadt vs Werder Bremen (id=23117)
19:15:10 INFO  [Germany Bundesliga | 2023-2024]  [54/306] Freiburg vs Augsburg (id=23118)
19:15:12 INFO  [Germany Bundesliga | 2023-2024]  [55/306] Borussia M.Gladbach vs Mainz 05 (id=23119)
19:15:13 INFO  [Germany Bundesliga | 2023-2024]  [56/306] Borussia Dortmund vs Union Berlin (id=23120)
19:15:14 INFO  [Germany Bundesliga | 2023-2024]  [57/306] RasenBallsport Leipzig vs Bochum (id=23121)
19:15:15 INFO  [Germany Bundesliga | 2023-2024]  [58/306] Augsburg vs Darmstadt (id=23122)
19:15:17 INFO  [Germany Bundesliga | 2023-2024]  [59/306] VfB Stuttgart vs Wolfsburg (id=23123)
19:15:18 INFO  [Germany Bundesliga | 2023-2024]  [60/306] Werder Bremen vs Hoffenheim (id=23124)
19:15:19 INFO  [Germany Bundesliga | 2023-2024]  [61/306] Bayer Leverkusen vs FC Cologne (id=23125)
19:15:20 INFO  [Germany Bundesliga | 2023-2024]  [62/306] Bayern Munich vs Freiburg (id=23126)
19:15:22 INFO  [Germany Bundesliga | 2023-2024]  [63/306] Eintracht Frankfurt vs FC Heidenheim (id=23127)
19:15:23 INFO  [Germany Bundesliga | 2023-2024]  [64/306] Borussia Dortmund vs Werder Bremen (id=23128)
19:15:24 INFO  [Germany Bundesliga | 2023-2024]  [65/306] Union Berlin vs VfB Stuttgart (id=23129)
19:15:25 INFO  [Germany Bundesliga | 2023-2024]  [66/306] Freiburg vs Bochum (id=23130)
19:15:27 INFO  [Germany Bundesliga | 2023-2024]  [67/306] Wolfsburg vs Bayer Leverkusen (id=23131)
19:15:28 INFO  [Germany Bundesliga | 2023-2024]  [68/306] Hoffenheim vs Eintracht Frankfurt (id=23132)
19:15:29 INFO  [Germany Bundesliga | 2023-2024]  [69/306] Darmstadt vs RasenBallsport Leipzig (id=23133)
19:15:31 INFO  [Germany Bundesliga | 2023-2024]  [70/306] Mainz 05 vs Bayern Munich (id=23134)
19:15:32 INFO  [Germany Bundesliga | 2023-2024]  [71/306] FC Cologne vs Borussia M.Gladbach (id=23135)
19:15:33 INFO  [Germany Bundesliga | 2023-2024]  [72/306] FC Heidenheim vs Augsburg (id=23136)
19:15:35 INFO  [Germany Bundesliga | 2023-2024]  [73/306] Bochum vs Mainz 05 (id=23143)
19:15:36 INFO  [Germany Bundesliga | 2023-2024]  [74/306] Bayern Munich vs Darmstadt (id=23137)
19:15:37 INFO  [Germany Bundesliga | 2023-2024]  [75/306] Borussia M.Gladbach vs FC Heidenheim (id=23141)
19:15:38 INFO  [Germany Bundesliga | 2023-2024]  💾 checkpoint flush (75/306 matches) …
19:15:38 INFO  [Germany Bundesliga | 2023-2024]  [76/306] Werder Bremen vs Union Berlin (id=23142)
19:15:40 INFO  [Germany Bundesliga | 2023-2024]  [77/306] Augsburg vs Wolfsburg (id=23144)
19:15:41 INFO  [Germany Bundesliga | 2023-2024]  [78/306] VfB Stuttgart vs Hoffenheim (id=23145)
19:15:42 INFO  [Germany Bundesliga | 2023-2024]  [79/306] RasenBallsport Leipzig vs FC Cologne (id=23138)
19:15:43 INFO  [Germany Bundesliga | 2023-2024]  [80/306] Eintracht Frankfurt vs Borussia Dortmund (id=23140)
19:15:45 INFO  [Germany Bundesliga | 2023-2024]  [81/306] Bayer Leverkusen vs Freiburg (id=23139)
19:15:46 INFO  [Germany Bundesliga | 2023-2024]  [82/306] Darmstadt vs Bochum (id=23154)
19:15:47 INFO  [Germany Bundesliga | 2023-2024]  [83/306] Union Berlin vs Eintracht Frankfurt (id=23147)
19:15:49 INFO  [Germany Bundesliga | 2023-2024]  [84/306] Freiburg vs Borussia M.Gladbach (id=23148)
19:15:50 INFO  [Germany Bundesliga | 2023-2024]  [85/306] Mainz 05 vs RasenBallsport Leipzig (id=23150)
19:15:51 INFO  [Germany Bundesliga | 2023-2024]  [86/306] FC Cologne vs Augsburg (id=23151)
19:15:52 INFO  [Germany Bundesliga | 2023-2024]  [87/306] Hoffenheim vs Bayer Leverkusen (id=23152)
19:15:54 INFO  [Germany Bundesliga | 2023-2024]  [88/306] Borussia Dortmund vs Bayern Munich (id=23146)
19:15:55 INFO  [Germany Bundesliga | 2023-2024]  [89/306] Wolfsburg vs Werder Bremen (id=23149)
19:15:56 INFO  [Germany Bundesliga | 2023-2024]  [90/306] FC Heidenheim vs VfB Stuttgart (id=23153)
19:15:58 INFO  [Germany Bundesliga | 2023-2024]  [91/306] Borussia M.Gladbach vs Wolfsburg (id=23158)
19:15:59 INFO  [Germany Bundesliga | 2023-2024]  [92/306] Bayern Munich vs FC Heidenheim (id=23155)
19:16:00 INFO  [Germany Bundesliga | 2023-2024]  [93/306] Augsburg vs Hoffenheim (id=23161)
19:16:01 INFO  [Germany Bundesliga | 2023-2024]  [94/306] VfB Stuttgart vs Borussia Dortmund (id=23162)
19:16:03 INFO  [Germany Bundesliga | 2023-2024]  [95/306] Darmstadt vs Mainz 05 (id=23163)
19:16:04 INFO  [Germany Bundesliga | 2023-2024]  [96/306] Bochum vs FC Cologne (id=23160)
19:16:06 INFO  [Germany Bundesliga | 2023-2024]  [97/306] Bayer Leverkusen vs Union Berlin (id=23157)
19:16:07 INFO  [Germany Bundesliga | 2023-2024]  [98/306] Werder Bremen vs Eintracht Frankfurt (id=23159)
19:16:08 INFO  [Germany Bundesliga | 2023-2024]  [99/306] RasenBallsport Leipzig vs Freiburg (id=23156)
19:16:10 INFO  [Germany Bundesliga | 2023-2024]  [100/306] FC Cologne vs Bayern Munich (id=23169)
19:16:13 INFO  [Germany Bundesliga | 2023-2024]  💾 checkpoint flush (100/306 matches) …
19:16:13 INFO  [Germany Bundesliga | 2023-2024]  [101/306] Borussia Dortmund vs Borussia M.Gladbach (id=23164)
19:16:14 INFO  [Germany Bundesliga | 2023-2024]  [102/306] Union Berlin vs Augsburg (id=23165)
19:16:15 INFO  [Germany Bundesliga | 2023-2024]  [103/306] Freiburg vs Darmstadt (id=23166)
19:16:17 INFO  [Germany Bundesliga | 2023-2024]  [104/306] Wolfsburg vs RasenBallsport Leipzig (id=23168)
19:16:18 INFO  [Germany Bundesliga | 2023-2024]  [105/306] Werder Bremen vs Bayer Leverkusen (id=23171)
19:16:19 INFO  [Germany Bundesliga | 2023-2024]  [106/306] Eintracht Frankfurt vs VfB Stuttgart (id=23167)
19:16:20 INFO  [Germany Bundesliga | 2023-2024]  [107/306] FC Heidenheim vs Bochum (id=23172)
19:16:22 INFO  [Germany Bundesliga | 2023-2024]  [108/306] Hoffenheim vs Mainz 05 (id=23170)
19:16:23 INFO  [Germany Bundesliga | 2023-2024]  [109/306] Darmstadt vs FC Cologne (id=23181)
19:16:24 INFO  [Germany Bundesliga | 2023-2024]  [110/306] RasenBallsport Leipzig vs FC Heidenheim (id=23174)
19:16:25 INFO  [Germany Bundesliga | 2023-2024]  [111/306] Borussia M.Gladbach vs Hoffenheim (id=23177)
19:16:26 INFO  [Germany Bundesliga | 2023-2024]  [112/306] Bochum vs Wolfsburg (id=23178)
19:16:28 INFO  [Germany Bundesliga | 2023-2024]  [113/306] VfB Stuttgart vs Werder Bremen (id=23180)
19:16:29 INFO  [Germany Bundesliga | 2023-2024]  [114/306] Mainz 05 vs Freiburg (id=23176)
19:16:30 INFO  [Germany Bundesliga | 2023-2024]  [115/306] Bayer Leverkusen vs Borussia Dortmund (id=23175)
19:16:32 INFO  [Germany Bundesliga | 2023-2024]  [116/306] Augsburg vs Eintracht Frankfurt (id=23179)
19:16:33 INFO  [Germany Bundesliga | 2023-2024]  [117/306] Hoffenheim vs Bochum (id=23187)
19:16:34 INFO  [Germany Bundesliga | 2023-2024]  [118/306] Union Berlin vs Borussia M.Gladbach (id=23183)
19:16:35 INFO  [Germany Bundesliga | 2023-2024]  [119/306] Eintracht Frankfurt vs Bayern Munich (id=23184)
19:16:36 INFO  [Germany Bundesliga | 2023-2024]  [120/306] Wolfsburg vs Freiburg (id=23185)
19:16:38 INFO  [Germany Bundesliga | 2023-2024]  [121/306] Werder Bremen vs Augsburg (id=23188)
19:16:39 INFO  [Germany Bundesliga | 2023-2024]  [122/306] FC Heidenheim vs Darmstadt (id=23190)
19:16:41 INFO  [Germany Bundesliga | 2023-2024]  [123/306] Borussia Dortmund vs RasenBallsport Leipzig (id=23182)
19:16:42 INFO  [Germany Bundesliga | 2023-2024]  [124/306] VfB Stuttgart vs Bayer Leverkusen (id=23189)
19:16:43 INFO  [Germany Bundesliga | 2023-2024]  [125/306] FC Cologne vs Mainz 05 (id=23186)
19:16:44 INFO  [Germany Bundesliga | 2023-2024]  💾 checkpoint flush (125/306 matches) …
19:16:44 INFO  [Germany Bundesliga | 2023-2024]  [126/306] Borussia M.Gladbach vs Werder Bremen (id=23196)
19:16:45 INFO  [Germany Bundesliga | 2023-2024]  [127/306] Mainz 05 vs FC Heidenheim (id=23195)
19:16:47 INFO  [Germany Bundesliga | 2023-2024]  [128/306] Bochum vs Union Berlin (id=23197)
19:16:48 INFO  [Germany Bundesliga | 2023-2024]  [129/306] Augsburg vs Borussia Dortmund (id=23198)
19:16:49 INFO  [Germany Bundesliga | 2023-2024]  [130/306] Darmstadt vs Wolfsburg (id=23199)
19:16:51 INFO  [Germany Bundesliga | 2023-2024]  [131/306] RasenBallsport Leipzig vs Hoffenheim (id=23192)
19:16:52 INFO  [Germany Bundesliga | 2023-2024]  [132/306] Freiburg vs FC Cologne (id=23193)
19:16:53 INFO  [Germany Bundesliga | 2023-2024]  [133/306] Bayer Leverkusen vs Eintracht Frankfurt (id=23194)
19:16:55 INFO  [Germany Bundesliga | 2023-2024]  [134/306] Bayern Munich vs VfB Stuttgart (id=23191)
19:16:56 INFO  [Germany Bundesliga | 2023-2024]  [135/306] Werder Bremen vs RasenBallsport Leipzig (id=23206)
19:16:57 INFO  [Germany Bundesliga | 2023-2024]  [136/306] Borussia Dortmund vs Mainz 05 (id=23200)
19:16:58 INFO  [Germany Bundesliga | 2023-2024]  [137/306] Hoffenheim vs Darmstadt (id=23205)
19:16:59 INFO  [Germany Bundesliga | 2023-2024]  [138/306] Union Berlin vs FC Cologne (id=23201)
19:17:01 INFO  [Germany Bundesliga | 2023-2024]  [139/306] Bayer Leverkusen vs Bochum (id=23202)
19:17:02 INFO  [Germany Bundesliga | 2023-2024]  [140/306] Eintracht Frankfurt vs Borussia M.Gladbach (id=23203)
19:17:03 INFO  [Germany Bundesliga | 2023-2024]  [141/306] Wolfsburg vs Bayern Munich (id=23204)
19:17:04 INFO  [Germany Bundesliga | 2023-2024]  [142/306] VfB Stuttgart vs Augsburg (id=23207)
19:17:06 INFO  [Germany Bundesliga | 2023-2024]  [143/306] FC Heidenheim vs Freiburg (id=23208)
19:17:07 INFO  [Germany Bundesliga | 2023-2024]  [144/306] Bayern Munich vs Hoffenheim (id=23209)
19:17:08 INFO  [Germany Bundesliga | 2023-2024]  [145/306] RasenBallsport Leipzig vs Eintracht Frankfurt (id=23210)
19:17:09 INFO  [Germany Bundesliga | 2023-2024]  [146/306] Freiburg vs Union Berlin (id=23211)
19:17:11 INFO  [Germany Bundesliga | 2023-2024]  [147/306] Mainz 05 vs Wolfsburg (id=23212)
19:17:12 INFO  [Germany Bundesliga | 2023-2024]  [148/306] FC Cologne vs FC Heidenheim (id=23214)
19:17:13 INFO  [Germany Bundesliga | 2023-2024]  [149/306] Augsburg vs Bayer Leverkusen (id=23216)
19:17:14 INFO  [Germany Bundesliga | 2023-2024]  [150/306] Darmstadt vs Borussia Dortmund (id=23217)
19:17:16 INFO  [Germany Bundesliga | 2023-2024]  💾 checkpoint flush (150/306 matches) …
19:17:16 INFO  [Germany Bundesliga | 2023-2024]  [151/306] Bochum vs Werder Bremen (id=23215)
19:17:17 INFO  [Germany Bundesliga | 2023-2024]  [152/306] Borussia M.Gladbach vs VfB Stuttgart (id=23213)
19:17:18 INFO  [Germany Bundesliga | 2023-2024]  [153/306] Freiburg vs Hoffenheim (id=23220)
19:17:20 INFO  [Germany Bundesliga | 2023-2024]  [154/306] FC Cologne vs Borussia Dortmund (id=23223)
19:17:21 INFO  [Germany Bundesliga | 2023-2024]  [155/306] Bochum vs VfB Stuttgart (id=23224)
19:17:24 INFO  [Germany Bundesliga | 2023-2024]  [156/306] FC Heidenheim vs Wolfsburg (id=23225)
19:17:25 INFO  [Germany Bundesliga | 2023-2024]  [157/306] Darmstadt vs Eintracht Frankfurt (id=23226)
19:17:27 INFO  [Germany Bundesliga | 2023-2024]  [158/306] RasenBallsport Leipzig vs Bayer Leverkusen (id=23219)
19:17:28 INFO  [Germany Bundesliga | 2023-2024]  [159/306] Bayern Munich vs Werder Bremen (id=23218)
19:17:29 INFO  [Germany Bundesliga | 2023-2024]  [160/306] Borussia M.Gladbach vs Augsburg (id=23222)
19:17:31 INFO  [Germany Bundesliga | 2023-2024]  [161/306] Bayern Munich vs Union Berlin (id=23173)
19:17:33 INFO  [Germany Bundesliga | 2023-2024]  [162/306] Eintracht Frankfurt vs Mainz 05 (id=23230)
19:17:35 INFO  [Germany Bundesliga | 2023-2024]  [163/306] Wolfsburg vs FC Cologne (id=23231)
19:17:36 INFO  [Germany Bundesliga | 2023-2024]  [164/306] Hoffenheim vs FC Heidenheim (id=23232)
19:17:38 INFO  [Germany Bundesliga | 2023-2024]  [165/306] Werder Bremen vs Freiburg (id=23233)
19:17:39 INFO  [Germany Bundesliga | 2023-2024]  [166/306] Augsburg vs Bayern Munich (id=23234)
19:17:40 INFO  [Germany Bundesliga | 2023-2024]  [167/306] VfB Stuttgart vs RasenBallsport Leipzig (id=23235)
19:17:42 INFO  [Germany Bundesliga | 2023-2024]  [168/306] Bayer Leverkusen vs Borussia M.Gladbach (id=23229)
19:17:43 INFO  [Germany Bundesliga | 2023-2024]  [169/306] Union Berlin vs Darmstadt (id=23228)
19:17:44 INFO  [Germany Bundesliga | 2023-2024]  [170/306] Borussia Dortmund vs Bochum (id=23227)
19:17:46 INFO  [Germany Bundesliga | 2023-2024]  [171/306] FC Heidenheim vs Borussia Dortmund (id=23243)
19:17:47 INFO  [Germany Bundesliga | 2023-2024]  [172/306] Bayern Munich vs Borussia M.Gladbach (id=23236)
19:17:49 INFO  [Germany Bundesliga | 2023-2024]  [173/306] Freiburg vs VfB Stuttgart (id=23238)
19:17:50 INFO  [Germany Bundesliga | 2023-2024]  [174/306] Mainz 05 vs Werder Bremen (id=23240)
19:17:51 INFO  [Germany Bundesliga | 2023-2024]  [175/306] Bochum vs Augsburg (id=23242)
19:17:53 INFO  [Germany Bundesliga | 2023-2024]  💾 checkpoint flush (175/306 matches) …
19:17:53 INFO  [Germany Bundesliga | 2023-2024]  [176/306] Darmstadt vs Bayer Leverkusen (id=23244)
19:17:54 INFO  [Germany Bundesliga | 2023-2024]  [177/306] FC Cologne vs Eintracht Frankfurt (id=23241)
19:17:56 INFO  [Germany Bundesliga | 2023-2024]  [178/306] Wolfsburg vs Hoffenheim (id=23239)
19:17:57 INFO  [Germany Bundesliga | 2023-2024]  [179/306] RasenBallsport Leipzig vs Union Berlin (id=23237)
19:17:58 INFO  [Germany Bundesliga | 2023-2024]  [180/306] Mainz 05 vs Union Berlin (id=23221)
19:18:00 INFO  [Germany Bundesliga | 2023-2024]  [181/306] Borussia Dortmund vs Freiburg (id=23246)
19:18:01 INFO  [Germany Bundesliga | 2023-2024]  [182/306] Borussia M.Gladbach vs Darmstadt (id=23245)
19:18:03 INFO  [Germany Bundesliga | 2023-2024]  [183/306] Union Berlin vs Wolfsburg (id=23248)
19:18:04 INFO  [Germany Bundesliga | 2023-2024]  [184/306] Werder Bremen vs FC Heidenheim (id=23249)
19:18:05 INFO  [Germany Bundesliga | 2023-2024]  [185/306] Augsburg vs RasenBallsport Leipzig (id=23251)
19:18:07 INFO  [Germany Bundesliga | 2023-2024]  [186/306] Eintracht Frankfurt vs Bochum (id=23252)
19:18:08 INFO  [Germany Bundesliga | 2023-2024]  [187/306] Bayer Leverkusen vs Bayern Munich (id=23250)
19:18:09 INFO  [Germany Bundesliga | 2023-2024]  [188/306] VfB Stuttgart vs Mainz 05 (id=23253)
19:18:11 INFO  [Germany Bundesliga | 2023-2024]  [189/306] Hoffenheim vs FC Cologne (id=23247)
19:18:12 INFO  [Germany Bundesliga | 2023-2024]  [190/306] FC Cologne vs Werder Bremen (id=23258)
19:18:13 INFO  [Germany Bundesliga | 2023-2024]  [191/306] Wolfsburg vs Borussia Dortmund (id=23256)
19:18:15 INFO  [Germany Bundesliga | 2023-2024]  [192/306] Mainz 05 vs Augsburg (id=23257)
19:18:16 INFO  [Germany Bundesliga | 2023-2024]  [193/306] Hoffenheim vs Union Berlin (id=23259)
19:18:17 INFO  [Germany Bundesliga | 2023-2024]  [194/306] FC Heidenheim vs Bayer Leverkusen (id=23261)
19:18:18 INFO  [Germany Bundesliga | 2023-2024]  [195/306] Darmstadt vs VfB Stuttgart (id=23262)
19:18:19 INFO  [Germany Bundesliga | 2023-2024]  [196/306] RasenBallsport Leipzig vs Borussia M.Gladbach (id=23254)
19:18:21 INFO  [Germany Bundesliga | 2023-2024]  [197/306] Freiburg vs Eintracht Frankfurt (id=23255)
19:18:22 INFO  [Germany Bundesliga | 2023-2024]  [198/306] Bochum vs Bayern Munich (id=23260)
19:18:23 INFO  [Germany Bundesliga | 2023-2024]  [199/306] Bayer Leverkusen vs Mainz 05 (id=23268)
19:18:25 INFO  [Germany Bundesliga | 2023-2024]  [200/306] VfB Stuttgart vs FC Cologne (id=23263)
19:18:26 INFO  [Germany Bundesliga | 2023-2024]  💾 checkpoint flush (200/306 matches) …
19:18:26 INFO  [Germany Bundesliga | 2023-2024]  [201/306] Werder Bremen vs Darmstadt (id=23265)
19:18:27 INFO  [Germany Bundesliga | 2023-2024]  [202/306] Borussia M.Gladbach vs Bochum (id=23266)
19:18:28 INFO  [Germany Bundesliga | 2023-2024]  [203/306] Union Berlin vs FC Heidenheim (id=23269)
19:18:30 INFO  [Germany Bundesliga | 2023-2024]  [204/306] Bayern Munich vs RasenBallsport Leipzig (id=23271)
19:18:31 INFO  [Germany Bundesliga | 2023-2024]  [205/306] Eintracht Frankfurt vs Wolfsburg (id=23267)
19:18:32 INFO  [Germany Bundesliga | 2023-2024]  [206/306] Borussia Dortmund vs Hoffenheim (id=23270)
19:18:33 INFO  [Germany Bundesliga | 2023-2024]  [207/306] Augsburg vs Freiburg (id=23264)
19:18:35 INFO  [Germany Bundesliga | 2023-2024]  [208/306] Freiburg vs Bayern Munich (id=23273)
19:18:36 INFO  [Germany Bundesliga | 2023-2024]  [209/306] Union Berlin vs Borussia Dortmund (id=23272)
19:18:38 INFO  [Germany Bundesliga | 2023-2024]  [210/306] Mainz 05 vs Borussia M.Gladbach (id=23275)
19:18:39 INFO  [Germany Bundesliga | 2023-2024]  [211/306] Bochum vs RasenBallsport Leipzig (id=23278)
19:18:40 INFO  [Germany Bundesliga | 2023-2024]  [212/306] FC Heidenheim vs Eintracht Frankfurt (id=23279)
19:18:42 INFO  [Germany Bundesliga | 2023-2024]  [213/306] Darmstadt vs Augsburg (id=23280)
19:18:43 INFO  [Germany Bundesliga | 2023-2024]  [214/306] Wolfsburg vs VfB Stuttgart (id=23274)
19:18:45 INFO  [Germany Bundesliga | 2023-2024]  [215/306] FC Cologne vs Bayer Leverkusen (id=23276)
19:18:46 INFO  [Germany Bundesliga | 2023-2024]  [216/306] Hoffenheim vs Werder Bremen (id=23277)
19:18:47 INFO  [Germany Bundesliga | 2023-2024]  [217/306] VfB Stuttgart vs Union Berlin (id=23289)
19:18:49 INFO  [Germany Bundesliga | 2023-2024]  [218/306] Bayern Munich vs Mainz 05 (id=23281)
19:18:50 INFO  [Germany Bundesliga | 2023-2024]  [219/306] RasenBallsport Leipzig vs Darmstadt (id=23282)
19:18:51 INFO  [Germany Bundesliga | 2023-2024]  [220/306] Borussia M.Gladbach vs FC Cologne (id=23285)
19:18:53 INFO  [Germany Bundesliga | 2023-2024]  [221/306] Augsburg vs FC Heidenheim (id=23288)
19:18:54 INFO  [Germany Bundesliga | 2023-2024]  [222/306] Werder Bremen vs Borussia Dortmund (id=23286)
19:18:56 INFO  [Germany Bundesliga | 2023-2024]  [223/306] Bochum vs Freiburg (id=23287)
19:18:57 INFO  [Germany Bundesliga | 2023-2024]  [224/306] Eintracht Frankfurt vs Hoffenheim (id=23284)
19:18:59 INFO  [Germany Bundesliga | 2023-2024]  [225/306] Bayer Leverkusen vs Wolfsburg (id=23283)
19:19:00 INFO  [Germany Bundesliga | 2023-2024]  💾 checkpoint flush (225/306 matches) …
19:19:00 INFO  [Germany Bundesliga | 2023-2024]  [226/306] FC Cologne vs RasenBallsport Leipzig (id=23295)
19:19:02 INFO  [Germany Bundesliga | 2023-2024]  [227/306] Union Berlin vs Werder Bremen (id=23291)
19:19:03 INFO  [Germany Bundesliga | 2023-2024]  [228/306] Wolfsburg vs Augsburg (id=23293)
19:19:05 INFO  [Germany Bundesliga | 2023-2024]  [229/306] Mainz 05 vs Bochum (id=23294)
19:19:07 INFO  [Germany Bundesliga | 2023-2024]  [230/306] FC Heidenheim vs Borussia M.Gladbach (id=23297)
19:19:08 INFO  [Germany Bundesliga | 2023-2024]  [231/306] Darmstadt vs Bayern Munich (id=23298)
19:19:10 INFO  [Germany Bundesliga | 2023-2024]  [232/306] Hoffenheim vs VfB Stuttgart (id=23296)
19:19:11 INFO  [Germany Bundesliga | 2023-2024]  [233/306] Freiburg vs Bayer Leverkusen (id=23292)
19:19:13 INFO  [Germany Bundesliga | 2023-2024]  [234/306] Borussia Dortmund vs Eintracht Frankfurt (id=23290)
19:19:14 INFO  [Germany Bundesliga | 2023-2024]  [235/306] RasenBallsport Leipzig vs Mainz 05 (id=23300)
19:19:15 INFO  [Germany Bundesliga | 2023-2024]  [236/306] Bayer Leverkusen vs Hoffenheim (id=23301)
19:19:17 INFO  [Germany Bundesliga | 2023-2024]  [237/306] Eintracht Frankfurt vs Union Berlin (id=23302)
19:19:18 INFO  [Germany Bundesliga | 2023-2024]  [238/306] Borussia M.Gladbach vs Freiburg (id=23303)
19:19:20 INFO  [Germany Bundesliga | 2023-2024]  [239/306] Werder Bremen vs Wolfsburg (id=23304)
19:19:21 INFO  [Germany Bundesliga | 2023-2024]  [240/306] Bayern Munich vs Borussia Dortmund (id=23299)
19:19:22 INFO  [Germany Bundesliga | 2023-2024]  [241/306] Augsburg vs FC Cologne (id=23306)
19:19:24 INFO  [Germany Bundesliga | 2023-2024]  [242/306] VfB Stuttgart vs FC Heidenheim (id=23307)
19:19:25 INFO  [Germany Bundesliga | 2023-2024]  [243/306] Bochum vs Darmstadt (id=23305)
19:19:27 INFO  [Germany Bundesliga | 2023-2024]  [244/306] Eintracht Frankfurt vs Werder Bremen (id=23311)
19:19:28 INFO  [Germany Bundesliga | 2023-2024]  [245/306] Union Berlin vs Bayer Leverkusen (id=23309)
19:19:29 INFO  [Germany Bundesliga | 2023-2024]  [246/306] Freiburg vs RasenBallsport Leipzig (id=23310)
19:19:31 INFO  [Germany Bundesliga | 2023-2024]  [247/306] Mainz 05 vs Darmstadt (id=23313)
19:19:32 INFO  [Germany Bundesliga | 2023-2024]  [248/306] FC Heidenheim vs Bayern Munich (id=23315)
19:19:33 INFO  [Germany Bundesliga | 2023-2024]  [249/306] FC Cologne vs Bochum (id=23316)
19:19:35 INFO  [Germany Bundesliga | 2023-2024]  [250/306] Borussia Dortmund vs VfB Stuttgart (id=23308)
19:19:36 INFO  [Germany Bundesliga | 2023-2024]  💾 checkpoint flush (250/306 matches) …
19:19:36 INFO  [Germany Bundesliga | 2023-2024]  [251/306] Hoffenheim vs Augsburg (id=23314)
19:19:38 INFO  [Germany Bundesliga | 2023-2024]  [252/306] Wolfsburg vs Borussia M.Gladbach (id=23312)
19:19:39 INFO  [Germany Bundesliga | 2023-2024]  [253/306] Augsburg vs Union Berlin (id=23323)
19:19:41 INFO  [Germany Bundesliga | 2023-2024]  [254/306] Bayern Munich vs FC Cologne (id=23317)
19:19:42 INFO  [Germany Bundesliga | 2023-2024]  [255/306] RasenBallsport Leipzig vs Wolfsburg (id=23318)
19:19:43 INFO  [Germany Bundesliga | 2023-2024]  [256/306] Mainz 05 vs Hoffenheim (id=23320)
19:19:45 INFO  [Germany Bundesliga | 2023-2024]  [257/306] Borussia M.Gladbach vs Borussia Dortmund (id=23321)
19:19:47 INFO  [Germany Bundesliga | 2023-2024]  [258/306] Bochum vs FC Heidenheim (id=23322)
19:19:48 INFO  [Germany Bundesliga | 2023-2024]  [259/306] VfB Stuttgart vs Eintracht Frankfurt (id=23324)
19:19:50 INFO  [Germany Bundesliga | 2023-2024]  [260/306] Darmstadt vs Freiburg (id=23325)
19:19:51 INFO  [Germany Bundesliga | 2023-2024]  [261/306] Bayer Leverkusen vs Werder Bremen (id=23319)
19:19:53 INFO  [Germany Bundesliga | 2023-2024]  [262/306] Eintracht Frankfurt vs Augsburg (id=23329)
19:19:54 INFO  [Germany Bundesliga | 2023-2024]  [263/306] Wolfsburg vs Bochum (id=23330)
19:19:56 INFO  [Germany Bundesliga | 2023-2024]  [264/306] FC Cologne vs Darmstadt (id=23331)
19:19:57 INFO  [Germany Bundesliga | 2023-2024]  [265/306] Hoffenheim vs Borussia M.Gladbach (id=23332)
19:19:59 INFO  [Germany Bundesliga | 2023-2024]  [266/306] FC Heidenheim vs RasenBallsport Leipzig (id=23334)
19:20:00 INFO  [Germany Bundesliga | 2023-2024]  [267/306] Union Berlin vs Bayern Munich (id=23327)
19:20:02 INFO  [Germany Bundesliga | 2023-2024]  [268/306] Werder Bremen vs VfB Stuttgart (id=23333)
19:20:03 INFO  [Germany Bundesliga | 2023-2024]  [269/306] Borussia Dortmund vs Bayer Leverkusen (id=23326)
19:20:04 INFO  [Germany Bundesliga | 2023-2024]  [270/306] Freiburg vs Mainz 05 (id=23328)
19:20:06 INFO  [Germany Bundesliga | 2023-2024]  [271/306] Bochum vs Hoffenheim (id=23341)
19:20:07 INFO  [Germany Bundesliga | 2023-2024]  [272/306] Bayern Munich vs Eintracht Frankfurt (id=23335)
19:20:08 INFO  [Germany Bundesliga | 2023-2024]  [273/306] RasenBallsport Leipzig vs Borussia Dortmund (id=23336)
19:20:10 INFO  [Germany Bundesliga | 2023-2024]  [274/306] Freiburg vs Wolfsburg (id=23337)
19:20:11 INFO  [Germany Bundesliga | 2023-2024]  [275/306] Augsburg vs Werder Bremen (id=23342)
19:20:13 INFO  [Germany Bundesliga | 2023-2024]  💾 checkpoint flush (275/306 matches) …
19:20:13 INFO  [Germany Bundesliga | 2023-2024]  [276/306] Bayer Leverkusen vs VfB Stuttgart (id=23338)
19:20:15 INFO  [Germany Bundesliga | 2023-2024]  [277/306] Borussia M.Gladbach vs Union Berlin (id=23340)
19:20:16 INFO  [Germany Bundesliga | 2023-2024]  [278/306] Mainz 05 vs FC Cologne (id=23339)
19:20:18 INFO  [Germany Bundesliga | 2023-2024]  [279/306] Darmstadt vs FC Heidenheim (id=23343)
19:20:19 INFO  [Germany Bundesliga | 2023-2024]  [280/306] Hoffenheim vs RasenBallsport Leipzig (id=23349)
19:20:20 INFO  [Germany Bundesliga | 2023-2024]  [281/306] Borussia Dortmund vs Augsburg (id=23344)
19:20:22 INFO  [Germany Bundesliga | 2023-2024]  [282/306] Wolfsburg vs Darmstadt (id=23347)
19:20:23 INFO  [Germany Bundesliga | 2023-2024]  [283/306] Werder Bremen vs Borussia M.Gladbach (id=23350)
19:20:24 INFO  [Germany Bundesliga | 2023-2024]  [284/306] VfB Stuttgart vs Bayern Munich (id=23351)
19:20:26 INFO  [Germany Bundesliga | 2023-2024]  [285/306] FC Cologne vs Freiburg (id=23348)
19:20:27 INFO  [Germany Bundesliga | 2023-2024]  [286/306] Union Berlin vs Bochum (id=23345)
19:20:28 INFO  [Germany Bundesliga | 2023-2024]  [287/306] Eintracht Frankfurt vs Bayer Leverkusen (id=23346)
19:20:29 INFO  [Germany Bundesliga | 2023-2024]  [288/306] FC Heidenheim vs Mainz 05 (id=23352)
19:20:31 INFO  [Germany Bundesliga | 2023-2024]  [289/306] Augsburg vs VfB Stuttgart (id=23360)
19:20:32 INFO  [Germany Bundesliga | 2023-2024]  [290/306] RasenBallsport Leipzig vs Werder Bremen (id=23354)
19:20:33 INFO  [Germany Bundesliga | 2023-2024]  [291/306] Freiburg vs FC Heidenheim (id=23355)
19:20:34 INFO  [Germany Bundesliga | 2023-2024]  [292/306] Borussia M.Gladbach vs Eintracht Frankfurt (id=23357)
19:20:36 INFO  [Germany Bundesliga | 2023-2024]  [293/306] FC Cologne vs Union Berlin (id=23358)
19:20:37 INFO  [Germany Bundesliga | 2023-2024]  [294/306] Mainz 05 vs Borussia Dortmund (id=23356)
19:20:39 INFO  [Germany Bundesliga | 2023-2024]  [295/306] Darmstadt vs Hoffenheim (id=23361)
19:20:40 INFO  [Germany Bundesliga | 2023-2024]  [296/306] Bayern Munich vs Wolfsburg (id=23353)
19:20:41 INFO  [Germany Bundesliga | 2023-2024]  [297/306] Bochum vs Bayer Leverkusen (id=23359)
19:20:43 INFO  [Germany Bundesliga | 2023-2024]  [298/306] Borussia Dortmund vs Darmstadt (id=23362)
19:20:44 INFO  [Germany Bundesliga | 2023-2024]  [299/306] Union Berlin vs Freiburg (id=23363)
19:20:45 INFO  [Germany Bundesliga | 2023-2024]  [300/306] Bayer Leverkusen vs Augsburg (id=23364)
19:20:47 INFO  [Germany Bundesliga | 2023-2024]  💾 checkpoint flush (300/306 matches) …
19:20:47 INFO  [Germany Bundesliga | 2023-2024]  [301/306] Eintracht Frankfurt vs RasenBallsport Leipzig (id=23365)
19:20:48 INFO  [Germany Bundesliga | 2023-2024]  [302/306] Wolfsburg vs Mainz 05 (id=23366)
19:20:49 INFO  [Germany Bundesliga | 2023-2024]  [303/306] Hoffenheim vs Bayern Munich (id=23367)
19:20:51 INFO  [Germany Bundesliga | 2023-2024]  [304/306] Werder Bremen vs Bochum (id=23368)
19:20:52 INFO  [Germany Bundesliga | 2023-2024]  [305/306] VfB Stuttgart vs Borussia M.Gladbach (id=23369)
19:20:53 INFO  [Germany Bundesliga | 2023-2024]  [306/306] FC Heidenheim vs FC Cologne (id=23370)
19:20:54 INFO    💾 8506 rows → understat_match_shots__Germany_Bundesliga__2023_2024.parquet
19:20:54 INFO    💾 9525 rows → understat_rosters__Germany_Bundesliga__2023_2024.parquet
19:20:54 INFO    💾 306 rows → understat_match_info__Germany_Bundesliga__2023_2024.parquet
19:20:54 INFO  [Germany Bundesliga | 2023-2024]  ✅ saved: shots=8506 roster_rows=9525 info_matches=306
19:20:54 INFO  [Italy Serie A | 2025-2026]  📡 Understat matches — fetching match list
19:20:56 INFO  [Italy Serie A | 2025-2026]  ✅ 380 completed on Understat, 380 remaining to fetch
19:20:56 INFO  [Italy Serie A | 2025-2026]  [1/380] Genoa vs Lecce (id=29844)
19:20:57 INFO  [Italy Serie A | 2025-2026]  💾 checkpoint flush (1/380 matches) …
19:20:57 INFO  [Italy Serie A | 2025-2026]  [2/380] Sassuolo vs Napoli (id=29845)
19:20:59 INFO  [Italy Serie A | 2025-2026]  [3/380] AC Milan vs Cremonese (id=29846)
19:21:00 INFO  [Italy Serie A | 2025-2026]  [4/380] Roma vs Bologna (id=29847)
19:21:01 INFO  [Italy Serie A | 2025-2026]  [5/380] Cagliari vs Fiorentina (id=29848)
19:21:03 INFO  [Italy Serie A | 2025-2026]  [6/380] Como vs Lazio (id=29849)
19:21:04 INFO  [Italy Serie A | 2025-2026]  [7/380] Atalanta vs Pisa (id=29850)
19:21:05 INFO  [Italy Serie A | 2025-2026]  [8/380] Juventus vs Parma Calcio 1913 (id=29851)
19:21:07 INFO  [Italy Serie A | 2025-2026]  [9/380] Udinese vs Verona (id=29852)
19:21:08 INFO  [Italy Serie A | 2025-2026]  [10/380] Inter vs Torino (id=29853)
19:21:10 INFO  [Italy Serie A | 2025-2026]  [11/380] Cremonese vs Sassuolo (id=29854)
19:21:11 INFO  [Italy Serie A | 2025-2026]  [12/380] Lecce vs AC Milan (id=29855)
19:21:13 INFO  [Italy Serie A | 2025-2026]  [13/380] Bologna vs Como (id=29856)
19:21:14 INFO  [Italy Serie A | 2025-2026]  [14/380] Parma Calcio 1913 vs Atalanta (id=29857)
19:21:15 INFO  [Italy Serie A | 2025-2026]  [15/380] Pisa vs Roma (id=29858)
19:21:17 INFO  [Italy Serie A | 2025-2026]  [16/380] Napoli vs Cagliari (id=29859)
19:21:18 INFO  [Italy Serie A | 2025-2026]  [17/380] Genoa vs Juventus (id=29860)
19:21:20 INFO  [Italy Serie A | 2025-2026]  [18/380] Torino vs Fiorentina (id=29861)
19:21:21 INFO  [Italy Serie A | 2025-2026]  [19/380] Inter vs Udinese (id=29862)
19:21:22 INFO  [Italy Serie A | 2025-2026]  [20/380] Lazio vs Verona (id=29863)
19:21:24 INFO  [Italy Serie A | 2025-2026]  [21/380] Cagliari vs Parma Calcio 1913 (id=29864)
19:21:25 INFO  [Italy Serie A | 2025-2026]  [22/380] Juventus vs Inter (id=29865)
19:21:27 INFO  [Italy Serie A | 2025-2026]  [23/380] Fiorentina vs Napoli (id=29866)
19:21:28 INFO  [Italy Serie A | 2025-2026]  [24/380] Roma vs Torino (id=29867)
19:21:29 INFO  [Italy Serie A | 2025-2026]  [25/380] Pisa vs Udinese (id=29868)
19:21:31 INFO  [Italy Serie A | 2025-2026]  💾 checkpoint flush (25/380 matches) …
19:21:31 INFO  [Italy Serie A | 2025-2026]  [26/380] Atalanta vs Lecce (id=29869)
19:21:32 INFO  [Italy Serie A | 2025-2026]  [27/380] Sassuolo vs Lazio (id=29870)
19:21:33 INFO  [Italy Serie A | 2025-2026]  [28/380] AC Milan vs Bologna (id=29871)
19:21:34 INFO  [Italy Serie A | 2025-2026]  [29/380] Verona vs Cremonese (id=29872)
19:21:36 INFO  [Italy Serie A | 2025-2026]  [30/380] Como vs Genoa (id=29873)
19:21:37 INFO  [Italy Serie A | 2025-2026]  [31/380] Lecce vs Cagliari (id=29882)
19:21:38 INFO  [Italy Serie A | 2025-2026]  [32/380] Bologna vs Genoa (id=29877)
19:21:40 INFO  [Italy Serie A | 2025-2026]  [33/380] Verona vs Juventus (id=29876)
19:21:41 INFO  [Italy Serie A | 2025-2026]  [34/380] Udinese vs AC Milan (id=29875)
19:21:42 INFO  [Italy Serie A | 2025-2026]  [35/380] Lazio vs Roma (id=29881)
19:21:44 INFO  [Italy Serie A | 2025-2026]  [36/380] Torino vs Atalanta (id=29874)
19:21:45 INFO  [Italy Serie A | 2025-2026]  [37/380] Cremonese vs Parma Calcio 1913 (id=29878)
19:21:47 INFO  [Italy Serie A | 2025-2026]  [38/380] Fiorentina vs Como (id=29879)
19:21:48 INFO  [Italy Serie A | 2025-2026]  [39/380] Inter vs Sassuolo (id=29880)
19:21:49 INFO  [Italy Serie A | 2025-2026]  [40/380] Napoli vs Pisa (id=29883)
19:21:51 INFO  [Italy Serie A | 2025-2026]  [41/380] Como vs Cremonese (id=29885)
19:21:52 INFO  [Italy Serie A | 2025-2026]  [42/380] Juventus vs Atalanta (id=29887)
19:21:53 INFO  [Italy Serie A | 2025-2026]  [43/380] Cagliari vs Inter (id=29884)
19:21:55 INFO  [Italy Serie A | 2025-2026]  [44/380] Sassuolo vs Udinese (id=29893)
19:21:56 INFO  [Italy Serie A | 2025-2026]  [45/380] Pisa vs Fiorentina (id=29891)
19:21:57 INFO  [Italy Serie A | 2025-2026]  [46/380] Roma vs Verona (id=29892)
19:21:58 INFO  [Italy Serie A | 2025-2026]  [47/380] Lecce vs Bologna (id=29888)
19:21:59 INFO  [Italy Serie A | 2025-2026]  [48/380] AC Milan vs Napoli (id=29889)
19:22:01 INFO  [Italy Serie A | 2025-2026]  [49/380] Parma Calcio 1913 vs Torino (id=29890)
19:22:02 INFO  [Italy Serie A | 2025-2026]  [50/380] Genoa vs Lazio (id=29886)
19:22:03 INFO  [Italy Serie A | 2025-2026]  💾 checkpoint flush (50/380 matches) …
19:22:03 INFO  [Italy Serie A | 2025-2026]  [51/380] Verona vs Sassuolo (id=29903)
19:22:05 INFO  [Italy Serie A | 2025-2026]  [52/380] Lazio vs Torino (id=29899)
19:22:06 INFO  [Italy Serie A | 2025-2026]  [53/380] Parma Calcio 1913 vs Lecce (id=29901)
19:22:07 INFO  [Italy Serie A | 2025-2026]  [54/380] Inter vs Cremonese (id=29897)
19:22:09 INFO  [Italy Serie A | 2025-2026]  [55/380] Atalanta vs Como (id=29894)
19:22:10 INFO  [Italy Serie A | 2025-2026]  [56/380] Udinese vs Cagliari (id=29902)
19:22:12 INFO  [Italy Serie A | 2025-2026]  [57/380] Bologna vs Pisa (id=29895)
19:22:13 INFO  [Italy Serie A | 2025-2026]  [58/380] Fiorentina vs Roma (id=29896)
19:22:15 INFO  [Italy Serie A | 2025-2026]  [59/380] Napoli vs Genoa (id=29900)
19:22:16 INFO  [Italy Serie A | 2025-2026]  [60/380] Juventus vs AC Milan (id=29898)
19:22:17 INFO  [Italy Serie A | 2025-2026]  [61/380] Lecce vs Sassuolo (id=29910)
19:22:19 INFO  [Italy Serie A | 2025-2026]  [62/380] Pisa vs Verona (id=29912)
19:22:20 INFO  [Italy Serie A | 2025-2026]  [63/380] Torino vs Napoli (id=29906)
19:22:22 INFO  [Italy Serie A | 2025-2026]  [64/380] Roma vs Inter (id=29913)
19:22:23 INFO  [Italy Serie A | 2025-2026]  [65/380] Como vs Juventus (id=29907)
19:22:24 INFO  [Italy Serie A | 2025-2026]  [66/380] Cagliari vs Bologna (id=29905)
19:22:26 INFO  [Italy Serie A | 2025-2026]  [67/380] Genoa vs Parma Calcio 1913 (id=29909)
19:22:27 INFO  [Italy Serie A | 2025-2026]  [68/380] Atalanta vs Lazio (id=29904)
19:22:28 INFO  [Italy Serie A | 2025-2026]  [69/380] AC Milan vs Fiorentina (id=29911)
19:22:30 INFO  [Italy Serie A | 2025-2026]  [70/380] Cremonese vs Udinese (id=29908)
19:22:31 INFO  [Italy Serie A | 2025-2026]  [71/380] AC Milan vs Pisa (id=29919)
19:22:33 INFO  [Italy Serie A | 2025-2026]  [72/380] Udinese vs Lecce (id=29914)
19:22:34 INFO  [Italy Serie A | 2025-2026]  [73/380] Parma Calcio 1913 vs Como (id=29921)
19:22:35 INFO  [Italy Serie A | 2025-2026]  [74/380] Napoli vs Inter (id=29920)
19:22:37 INFO  [Italy Serie A | 2025-2026]  [75/380] Cremonese vs Atalanta (id=29916)
19:22:38 INFO  [Italy Serie A | 2025-2026]  💾 checkpoint flush (75/380 matches) …
19:22:38 INFO  [Italy Serie A | 2025-2026]  [76/380] Torino vs Genoa (id=29923)
19:22:39 INFO  [Italy Serie A | 2025-2026]  [77/380] Verona vs Cagliari (id=29915)
19:22:41 INFO  [Italy Serie A | 2025-2026]  [78/380] Sassuolo vs Roma (id=29922)
19:22:42 INFO  [Italy Serie A | 2025-2026]  [79/380] Fiorentina vs Bologna (id=29917)
19:22:44 INFO  [Italy Serie A | 2025-2026]  [80/380] Lazio vs Juventus (id=29918)
19:22:45 INFO  [Italy Serie A | 2025-2026]  [81/380] Lecce vs Napoli (id=29931)
19:22:47 INFO  [Italy Serie A | 2025-2026]  [82/380] Atalanta vs AC Milan (id=29924)
19:22:48 INFO  [Italy Serie A | 2025-2026]  [83/380] Como vs Verona (id=29927)
19:22:49 INFO  [Italy Serie A | 2025-2026]  [84/380] Juventus vs Udinese (id=29930)
19:22:51 INFO  [Italy Serie A | 2025-2026]  [85/380] Roma vs Parma Calcio 1913 (id=29933)
19:22:52 INFO  [Italy Serie A | 2025-2026]  [86/380] Bologna vs Torino (id=29925)
19:22:54 INFO  [Italy Serie A | 2025-2026]  [87/380] Genoa vs Cremonese (id=29928)
19:22:55 INFO  [Italy Serie A | 2025-2026]  [88/380] Inter vs Fiorentina (id=29929)
19:22:57 INFO  [Italy Serie A | 2025-2026]  [89/380] Cagliari vs Sassuolo (id=29926)
19:22:59 INFO  [Italy Serie A | 2025-2026]  [90/380] Pisa vs Lazio (id=29932)
19:23:00 INFO  [Italy Serie A | 2025-2026]  [91/380] Udinese vs Atalanta (id=29942)
19:23:01 INFO  [Italy Serie A | 2025-2026]  [92/380] Napoli vs Como (id=29938)
19:23:02 INFO  [Italy Serie A | 2025-2026]  [93/380] Cremonese vs Juventus (id=29934)
19:23:04 INFO  [Italy Serie A | 2025-2026]  [94/380] Verona vs Inter (id=29943)
19:23:05 INFO  [Italy Serie A | 2025-2026]  [95/380] Fiorentina vs Lecce (id=29935)
19:23:07 INFO  [Italy Serie A | 2025-2026]  [96/380] Torino vs Pisa (id=29941)
19:23:08 INFO  [Italy Serie A | 2025-2026]  [97/380] Parma Calcio 1913 vs Bologna (id=29939)
19:23:10 INFO  [Italy Serie A | 2025-2026]  [98/380] AC Milan vs Roma (id=29937)
19:23:11 INFO  [Italy Serie A | 2025-2026]  [99/380] Sassuolo vs Genoa (id=29940)
19:23:13 INFO  [Italy Serie A | 2025-2026]  [100/380] Lazio vs Cagliari (id=29936)
19:23:14 INFO  [Italy Serie A | 2025-2026]  💾 checkpoint flush (100/380 matches) …
19:23:14 INFO  [Italy Serie A | 2025-2026]  [101/380] Pisa vs Cremonese (id=29952)
19:23:15 INFO  [Italy Serie A | 2025-2026]  [102/380] Como vs Cagliari (id=29946)
19:23:17 INFO  [Italy Serie A | 2025-2026]  [103/380] Lecce vs Verona (id=29950)
19:23:18 INFO  [Italy Serie A | 2025-2026]  [104/380] Juventus vs Torino (id=29949)
19:23:20 INFO  [Italy Serie A | 2025-2026]  [105/380] Parma Calcio 1913 vs AC Milan (id=29951)
19:23:21 INFO  [Italy Serie A | 2025-2026]  [106/380] Atalanta vs Sassuolo (id=29944)
19:23:22 INFO  [Italy Serie A | 2025-2026]  [107/380] Bologna vs Napoli (id=29945)
19:23:23 INFO  [Italy Serie A | 2025-2026]  [108/380] Genoa vs Fiorentina (id=29947)
19:23:25 INFO  [Italy Serie A | 2025-2026]  [109/380] Roma vs Udinese (id=29953)
19:23:26 INFO  [Italy Serie A | 2025-2026]  [110/380] Inter vs Lazio (id=29948)
19:23:28 INFO  [Italy Serie A | 2025-2026]  [111/380] Cagliari vs Genoa (id=29955)
19:23:29 INFO  [Italy Serie A | 2025-2026]  [112/380] Udinese vs Bologna (id=29963)
19:23:30 INFO  [Italy Serie A | 2025-2026]  [113/380] Fiorentina vs Juventus (id=29957)
19:23:32 INFO  [Italy Serie A | 2025-2026]  [114/380] Napoli vs Atalanta (id=29960)
19:23:33 INFO  [Italy Serie A | 2025-2026]  [115/380] Verona vs Parma Calcio 1913 (id=29954)
19:23:34 INFO  [Italy Serie A | 2025-2026]  [116/380] Cremonese vs Roma (id=29956)
19:23:36 INFO  [Italy Serie A | 2025-2026]  [117/380] Lazio vs Lecce (id=29959)
19:23:37 INFO  [Italy Serie A | 2025-2026]  [118/380] Inter vs AC Milan (id=29958)
19:23:38 INFO  [Italy Serie A | 2025-2026]  [119/380] Torino vs Como (id=29962)
19:23:40 INFO  [Italy Serie A | 2025-2026]  [120/380] Sassuolo vs Pisa (id=29961)
19:23:41 INFO  [Italy Serie A | 2025-2026]  [121/380] Como vs Sassuolo (id=29966)
19:23:43 INFO  [Italy Serie A | 2025-2026]  [122/380] Genoa vs Verona (id=29967)
19:23:44 INFO  [Italy Serie A | 2025-2026]  [123/380] Parma Calcio 1913 vs Udinese (id=29971)
19:23:45 INFO  [Italy Serie A | 2025-2026]  [124/380] Juventus vs Cagliari (id=29968)
19:23:47 INFO  [Italy Serie A | 2025-2026]  [125/380] AC Milan vs Lazio (id=29970)
19:23:49 INFO  [Italy Serie A | 2025-2026]  💾 checkpoint flush (125/380 matches) …
19:23:49 INFO  [Italy Serie A | 2025-2026]  [126/380] Lecce vs Torino (id=29969)
19:23:50 INFO  [Italy Serie A | 2025-2026]  [127/380] Pisa vs Inter (id=29972)
19:23:51 INFO  [Italy Serie A | 2025-2026]  [128/380] Atalanta vs Fiorentina (id=29964)
19:23:52 INFO  [Italy Serie A | 2025-2026]  [129/380] Roma vs Napoli (id=29973)
19:23:54 INFO  [Italy Serie A | 2025-2026]  [130/380] Bologna vs Cremonese (id=29965)
19:23:55 INFO  [Italy Serie A | 2025-2026]  [131/380] Sassuolo vs Fiorentina (id=29980)
19:23:56 INFO  [Italy Serie A | 2025-2026]  [132/380] Inter vs Como (id=29976)
19:23:58 INFO  [Italy Serie A | 2025-2026]  [133/380] Verona vs Atalanta (id=29983)
19:23:59 INFO  [Italy Serie A | 2025-2026]  [134/380] Cremonese vs Lecce (id=29975)
19:24:00 INFO  [Italy Serie A | 2025-2026]  [135/380] Cagliari vs Roma (id=29974)
19:24:01 INFO  [Italy Serie A | 2025-2026]  [136/380] Lazio vs Bologna (id=29977)
19:24:03 INFO  [Italy Serie A | 2025-2026]  [137/380] Napoli vs Juventus (id=29978)
19:24:04 INFO  [Italy Serie A | 2025-2026]  [138/380] Pisa vs Parma Calcio 1913 (id=29979)
19:24:05 INFO  [Italy Serie A | 2025-2026]  [139/380] Udinese vs Genoa (id=29982)
19:24:07 INFO  [Italy Serie A | 2025-2026]  [140/380] Torino vs AC Milan (id=29981)
19:24:08 INFO  [Italy Serie A | 2025-2026]  [141/380] Lecce vs Pisa (id=29988)
19:24:10 INFO  [Italy Serie A | 2025-2026]  [142/380] Torino vs Cremonese (id=29992)
19:24:11 INFO  [Italy Serie A | 2025-2026]  [143/380] Parma Calcio 1913 vs Lazio (id=29990)
19:24:12 INFO  [Italy Serie A | 2025-2026]  [144/380] Atalanta vs Cagliari (id=29984)
19:24:14 INFO  [Italy Serie A | 2025-2026]  [145/380] AC Milan vs Sassuolo (id=29989)
19:24:15 INFO  [Italy Serie A | 2025-2026]  [146/380] Fiorentina vs Verona (id=29986)
19:24:16 INFO  [Italy Serie A | 2025-2026]  [147/380] Udinese vs Napoli (id=29993)
19:24:18 INFO  [Italy Serie A | 2025-2026]  [148/380] Genoa vs Inter (id=29987)
19:24:19 INFO  [Italy Serie A | 2025-2026]  [149/380] Bologna vs Juventus (id=29985)
19:24:20 INFO  [Italy Serie A | 2025-2026]  [150/380] Roma vs Como (id=29991)
19:24:21 INFO  [Italy Serie A | 2025-2026]  💾 checkpoint flush (150/380 matches) …
19:24:21 INFO  [Italy Serie A | 2025-2026]  [151/380] Lazio vs Cremonese (id=30000)
19:24:23 INFO  [Italy Serie A | 2025-2026]  [152/380] Juventus vs Roma (id=29999)
19:24:24 INFO  [Italy Serie A | 2025-2026]  [153/380] Cagliari vs Pisa (id=29994)
19:24:25 INFO  [Italy Serie A | 2025-2026]  [154/380] Sassuolo vs Torino (id=30002)
19:24:26 INFO  [Italy Serie A | 2025-2026]  [155/380] Fiorentina vs Udinese (id=29996)
19:24:28 INFO  [Italy Serie A | 2025-2026]  [156/380] Genoa vs Atalanta (id=29997)
19:24:29 INFO  [Italy Serie A | 2025-2026]  [157/380] Parma Calcio 1913 vs Fiorentina (id=30008)
19:24:30 INFO  [Italy Serie A | 2025-2026]  [158/380] Lecce vs Como (id=30006)
19:24:32 INFO  [Italy Serie A | 2025-2026]  [159/380] Torino vs Cagliari (id=30011)
19:24:33 INFO  [Italy Serie A | 2025-2026]  [160/380] Udinese vs Lazio (id=30012)
19:24:34 INFO  [Italy Serie A | 2025-2026]  [161/380] Pisa vs Juventus (id=30009)
19:24:36 INFO  [Italy Serie A | 2025-2026]  [162/380] AC Milan vs Verona (id=30007)
19:24:37 INFO  [Italy Serie A | 2025-2026]  [163/380] Cremonese vs Napoli (id=30005)
19:24:38 INFO  [Italy Serie A | 2025-2026]  [164/380] Bologna vs Sassuolo (id=30004)
19:24:39 INFO  [Italy Serie A | 2025-2026]  [165/380] Atalanta vs Inter (id=30013)
19:24:41 INFO  [Italy Serie A | 2025-2026]  [166/380] Roma vs Genoa (id=30010)
19:24:42 INFO  [Italy Serie A | 2025-2026]  [167/380] Cagliari vs AC Milan (id=30015)
19:24:43 INFO  [Italy Serie A | 2025-2026]  [168/380] Como vs Udinese (id=30016)
19:24:45 INFO  [Italy Serie A | 2025-2026]  [169/380] Genoa vs Pisa (id=30018)
19:24:46 INFO  [Italy Serie A | 2025-2026]  [170/380] Sassuolo vs Parma Calcio 1913 (id=30022)
19:24:47 INFO  [Italy Serie A | 2025-2026]  [171/380] Juventus vs Lecce (id=30020)
19:24:49 INFO  [Italy Serie A | 2025-2026]  [172/380] Atalanta vs Roma (id=30014)
19:24:50 INFO  [Italy Serie A | 2025-2026]  [173/380] Lazio vs Napoli (id=30021)
19:24:51 INFO  [Italy Serie A | 2025-2026]  [174/380] Fiorentina vs Cremonese (id=30017)
19:24:53 INFO  [Italy Serie A | 2025-2026]  [175/380] Verona vs Torino (id=30023)
19:24:54 INFO  [Italy Serie A | 2025-2026]  💾 checkpoint flush (175/380 matches) …
19:24:54 INFO  [Italy Serie A | 2025-2026]  [176/380] Inter vs Bologna (id=30019)
19:24:55 INFO  [Italy Serie A | 2025-2026]  [177/380] Pisa vs Como (id=30031)
19:24:56 INFO  [Italy Serie A | 2025-2026]  [178/380] Lecce vs Roma (id=30027)
19:24:57 INFO  [Italy Serie A | 2025-2026]  [179/380] Sassuolo vs Juventus (id=30032)
19:24:59 INFO  [Italy Serie A | 2025-2026]  [180/380] Bologna vs Atalanta (id=30024)
19:25:00 INFO  [Italy Serie A | 2025-2026]  [181/380] Napoli vs Verona (id=30029)
19:25:01 INFO  [Italy Serie A | 2025-2026]  [182/380] Lazio vs Fiorentina (id=30026)
19:25:02 INFO  [Italy Serie A | 2025-2026]  [183/380] Parma Calcio 1913 vs Inter (id=30030)
19:25:03 INFO  [Italy Serie A | 2025-2026]  [184/380] Torino vs Udinese (id=30033)
19:25:05 INFO  [Italy Serie A | 2025-2026]  [185/380] Cremonese vs Cagliari (id=30025)
19:25:07 INFO  [Italy Serie A | 2025-2026]  [186/380] AC Milan vs Genoa (id=30028)
19:25:09 INFO  [Italy Serie A | 2025-2026]  [187/380] Como vs Bologna (id=30035)
19:25:10 INFO  [Italy Serie A | 2025-2026]  [188/380] Udinese vs Pisa (id=30042)
19:25:11 INFO  [Italy Serie A | 2025-2026]  [189/380] Roma vs Sassuolo (id=30041)
19:25:12 INFO  [Italy Serie A | 2025-2026]  [190/380] Atalanta vs Torino (id=30034)
19:25:14 INFO  [Italy Serie A | 2025-2026]  [191/380] Lecce vs Parma Calcio 1913 (id=30040)
19:25:15 INFO  [Italy Serie A | 2025-2026]  [192/380] Fiorentina vs AC Milan (id=30036)
19:25:16 INFO  [Italy Serie A | 2025-2026]  [193/380] Verona vs Lazio (id=30043)
19:25:17 INFO  [Italy Serie A | 2025-2026]  [194/380] Inter vs Napoli (id=30038)
19:25:19 INFO  [Italy Serie A | 2025-2026]  [195/380] Genoa vs Cagliari (id=30037)
19:25:20 INFO  [Italy Serie A | 2025-2026]  [196/380] Juventus vs Cremonese (id=30039)
19:25:21 INFO  [Italy Serie A | 2025-2026]  [197/380] Napoli vs Parma Calcio 1913 (id=30001)
19:25:23 INFO  [Italy Serie A | 2025-2026]  [198/380] Inter vs Lecce (id=29998)
19:25:24 INFO  [Italy Serie A | 2025-2026]  [199/380] Verona vs Bologna (id=30003)
19:25:25 INFO  [Italy Serie A | 2025-2026]  [200/380] Como vs AC Milan (id=29995)
19:25:27 INFO  [Italy Serie A | 2025-2026]  💾 checkpoint flush (200/380 matches) …
19:25:27 INFO  [Italy Serie A | 2025-2026]  [201/380] Pisa vs Atalanta (id=30049)
19:25:28 INFO  [Italy Serie A | 2025-2026]  [202/380] Udinese vs Inter (id=30051)
19:25:29 INFO  [Italy Serie A | 2025-2026]  [203/380] Napoli vs Sassuolo (id=30047)
19:25:31 INFO  [Italy Serie A | 2025-2026]  [204/380] Cagliari vs Juventus (id=30053)
19:25:32 INFO  [Italy Serie A | 2025-2026]  [205/380] Parma Calcio 1913 vs Genoa (id=30048)
19:25:33 INFO  [Italy Serie A | 2025-2026]  [206/380] Bologna vs Fiorentina (id=30052)
19:25:35 INFO  [Italy Serie A | 2025-2026]  [207/380] Torino vs Roma (id=30050)
19:25:36 INFO  [Italy Serie A | 2025-2026]  [208/380] AC Milan vs Lecce (id=30046)
19:25:37 INFO  [Italy Serie A | 2025-2026]  [209/380] Cremonese vs Verona (id=30044)
19:25:39 INFO  [Italy Serie A | 2025-2026]  [210/380] Lazio vs Como (id=30045)
19:25:40 INFO  [Italy Serie A | 2025-2026]  [211/380] Inter vs Pisa (id=30058)
19:25:42 INFO  [Italy Serie A | 2025-2026]  [212/380] Como vs Torino (id=30055)
19:25:43 INFO  [Italy Serie A | 2025-2026]  [213/380] Fiorentina vs Cagliari (id=30056)
19:25:44 INFO  [Italy Serie A | 2025-2026]  [214/380] Lecce vs Lazio (id=30060)
19:25:46 INFO  [Italy Serie A | 2025-2026]  [215/380] Sassuolo vs Cremonese (id=30062)
19:25:47 INFO  [Italy Serie A | 2025-2026]  [216/380] Atalanta vs Parma Calcio 1913 (id=30054)
19:25:48 INFO  [Italy Serie A | 2025-2026]  [217/380] Genoa vs Bologna (id=30057)
19:25:49 INFO  [Italy Serie A | 2025-2026]  [218/380] Juventus vs Napoli (id=30059)
19:25:51 INFO  [Italy Serie A | 2025-2026]  [219/380] Roma vs AC Milan (id=30061)
19:25:52 INFO  [Italy Serie A | 2025-2026]  [220/380] Verona vs Udinese (id=30063)
19:25:53 INFO  [Italy Serie A | 2025-2026]  [221/380] Lazio vs Genoa (id=30068)
19:25:54 INFO  [Italy Serie A | 2025-2026]  [222/380] Pisa vs Sassuolo (id=30071)
19:25:56 INFO  [Italy Serie A | 2025-2026]  [223/380] Napoli vs Fiorentina (id=30069)
19:25:57 INFO  [Italy Serie A | 2025-2026]  [224/380] Cagliari vs Verona (id=30065)
19:25:59 INFO  [Italy Serie A | 2025-2026]  [225/380] Torino vs Lecce (id=30072)
19:26:00 INFO  [Italy Serie A | 2025-2026]  💾 checkpoint flush (225/380 matches) …
19:26:00 INFO  [Italy Serie A | 2025-2026]  [226/380] Como vs Atalanta (id=30066)
19:26:01 INFO  [Italy Serie A | 2025-2026]  [227/380] Cremonese vs Inter (id=30067)
19:26:03 INFO  [Italy Serie A | 2025-2026]  [228/380] Parma Calcio 1913 vs Juventus (id=30070)
19:26:04 INFO  [Italy Serie A | 2025-2026]  [229/380] Udinese vs Roma (id=30073)
19:26:05 INFO  [Italy Serie A | 2025-2026]  [230/380] Bologna vs AC Milan (id=30064)
19:26:06 INFO  [Italy Serie A | 2025-2026]  [231/380] Verona vs Pisa (id=30074)
19:26:08 INFO  [Italy Serie A | 2025-2026]  [232/380] Genoa vs Napoli (id=30080)
19:26:09 INFO  [Italy Serie A | 2025-2026]  [233/380] Fiorentina vs Torino (id=30079)
19:26:10 INFO  [Italy Serie A | 2025-2026]  [234/380] Bologna vs Parma Calcio 1913 (id=30078)
19:26:12 INFO  [Italy Serie A | 2025-2026]  [235/380] Lecce vs Udinese (id=30082)
19:26:13 INFO  [Italy Serie A | 2025-2026]  [236/380] Sassuolo vs Inter (id=30075)
19:26:15 INFO  [Italy Serie A | 2025-2026]  [237/380] Juventus vs Lazio (id=30081)
19:26:16 INFO  [Italy Serie A | 2025-2026]  [238/380] Atalanta vs Cremonese (id=30077)
19:26:17 INFO  [Italy Serie A | 2025-2026]  [239/380] Roma vs Cagliari (id=30076)
19:26:18 INFO  [Italy Serie A | 2025-2026]  [240/380] Pisa vs AC Milan (id=30091)
19:26:19 INFO  [Italy Serie A | 2025-2026]  [241/380] Como vs Fiorentina (id=30085)
19:26:21 INFO  [Italy Serie A | 2025-2026]  [242/380] Lazio vs Atalanta (id=30088)
19:26:22 INFO  [Italy Serie A | 2025-2026]  [243/380] Inter vs Juventus (id=30087)
19:26:23 INFO  [Italy Serie A | 2025-2026]  [244/380] Udinese vs Sassuolo (id=30093)
19:26:24 INFO  [Italy Serie A | 2025-2026]  [245/380] Cremonese vs Genoa (id=30086)
19:26:26 INFO  [Italy Serie A | 2025-2026]  [246/380] Parma Calcio 1913 vs Verona (id=30090)
19:26:27 INFO  [Italy Serie A | 2025-2026]  [247/380] Torino vs Bologna (id=30092)
19:26:29 INFO  [Italy Serie A | 2025-2026]  [248/380] Napoli vs Roma (id=30089)
19:26:30 INFO  [Italy Serie A | 2025-2026]  [249/380] Cagliari vs Lecce (id=30084)
19:26:31 INFO  [Italy Serie A | 2025-2026]  [250/380] AC Milan vs Como (id=30083)
19:26:33 INFO  [Italy Serie A | 2025-2026]  💾 checkpoint flush (250/380 matches) …
19:26:33 INFO  [Italy Serie A | 2025-2026]  [251/380] Sassuolo vs Verona (id=30103)
19:26:35 INFO  [Italy Serie A | 2025-2026]  [252/380] Juventus vs Como (id=30099)
19:26:36 INFO  [Italy Serie A | 2025-2026]  [253/380] Lecce vs Inter (id=30100)
19:26:37 INFO  [Italy Serie A | 2025-2026]  [254/380] Cagliari vs Lazio (id=30096)
19:26:38 INFO  [Italy Serie A | 2025-2026]  [255/380] Genoa vs Torino (id=30098)
19:26:40 INFO  [Italy Serie A | 2025-2026]  [256/380] Atalanta vs Napoli (id=30094)
19:26:41 INFO  [Italy Serie A | 2025-2026]  [257/380] AC Milan vs Parma Calcio 1913 (id=30101)
19:26:43 INFO  [Italy Serie A | 2025-2026]  [258/380] Roma vs Cremonese (id=30102)
19:26:44 INFO  [Italy Serie A | 2025-2026]  [259/380] Fiorentina vs Pisa (id=30097)
19:26:45 INFO  [Italy Serie A | 2025-2026]  [260/380] Bologna vs Udinese (id=30095)
19:26:47 INFO  [Italy Serie A | 2025-2026]  [261/380] Parma Calcio 1913 vs Cagliari (id=30106)
19:26:48 INFO  [Italy Serie A | 2025-2026]  [262/380] Como vs Lecce (id=30113)
19:26:49 INFO  [Italy Serie A | 2025-2026]  [263/380] Verona vs Napoli (id=30109)
19:26:50 INFO  [Italy Serie A | 2025-2026]  [264/380] Inter vs Genoa (id=30105)
19:26:51 INFO  [Italy Serie A | 2025-2026]  [265/380] Cremonese vs AC Milan (id=30104)
19:26:53 INFO  [Italy Serie A | 2025-2026]  [266/380] Sassuolo vs Atalanta (id=30112)
19:26:54 INFO  [Italy Serie A | 2025-2026]  [267/380] Torino vs Lazio (id=30111)
19:26:55 INFO  [Italy Serie A | 2025-2026]  [268/380] Roma vs Juventus (id=30108)
19:26:57 INFO  [Italy Serie A | 2025-2026]  [269/380] Pisa vs Bologna (id=30107)
19:26:58 INFO  [Italy Serie A | 2025-2026]  [270/380] Udinese vs Fiorentina (id=30110)
19:26:59 INFO  [Italy Serie A | 2025-2026]  [271/380] Napoli vs Torino (id=30114)
19:27:00 INFO  [Italy Serie A | 2025-2026]  [272/380] Cagliari vs Como (id=30116)
19:27:01 INFO  [Italy Serie A | 2025-2026]  [273/380] Atalanta vs Udinese (id=30115)
19:27:03 INFO  [Italy Serie A | 2025-2026]  [274/380] Juventus vs Pisa (id=30119)
19:27:05 INFO  [Italy Serie A | 2025-2026]  [275/380] Lecce vs Cremonese (id=30121)
19:27:06 INFO  [Italy Serie A | 2025-2026]  💾 checkpoint flush (275/380 matches) …
19:27:06 INFO  [Italy Serie A | 2025-2026]  [276/380] Fiorentina vs Parma Calcio 1913 (id=30117)
19:27:08 INFO  [Italy Serie A | 2025-2026]  [277/380] Bologna vs Verona (id=30123)
19:27:09 INFO  [Italy Serie A | 2025-2026]  [278/380] Genoa vs Roma (id=30118)
19:27:10 INFO  [Italy Serie A | 2025-2026]  [279/380] AC Milan vs Inter (id=30122)
19:27:12 INFO  [Italy Serie A | 2025-2026]  [280/380] Lazio vs Sassuolo (id=30120)
19:27:13 INFO  [Italy Serie A | 2025-2026]  [281/380] Torino vs Parma Calcio 1913 (id=30131)
19:27:15 INFO  [Italy Serie A | 2025-2026]  [282/380] Inter vs Atalanta (id=30126)
19:27:16 INFO  [Italy Serie A | 2025-2026]  [283/380] Napoli vs Lecce (id=30128)
19:27:18 INFO  [Italy Serie A | 2025-2026]  [284/380] Udinese vs Juventus (id=30132)
19:27:19 INFO  [Italy Serie A | 2025-2026]  [285/380] Verona vs Genoa (id=30133)
19:27:22 INFO  [Italy Serie A | 2025-2026]  [286/380] Pisa vs Cagliari (id=30129)
19:27:23 INFO  [Italy Serie A | 2025-2026]  [287/380] Sassuolo vs Bologna (id=30130)
19:27:24 INFO  [Italy Serie A | 2025-2026]  [288/380] Como vs Roma (id=30124)
19:27:26 INFO  [Italy Serie A | 2025-2026]  [289/380] Lazio vs AC Milan (id=30127)
19:27:28 INFO  [Italy Serie A | 2025-2026]  [290/380] Cremonese vs Fiorentina (id=30125)
19:27:29 INFO  [Italy Serie A | 2025-2026]  [291/380] Cagliari vs Napoli (id=30136)
19:27:31 INFO  [Italy Serie A | 2025-2026]  [292/380] Genoa vs Udinese (id=30139)
19:27:32 INFO  [Italy Serie A | 2025-2026]  [293/380] Parma Calcio 1913 vs Cremonese (id=30142)
19:27:33 INFO  [Italy Serie A | 2025-2026]  [294/380] AC Milan vs Torino (id=30141)
19:27:35 INFO  [Italy Serie A | 2025-2026]  [295/380] Juventus vs Sassuolo (id=30140)
19:27:37 INFO  [Italy Serie A | 2025-2026]  [296/380] Como vs Pisa (id=30137)
19:27:38 INFO  [Italy Serie A | 2025-2026]  [297/380] Atalanta vs Verona (id=30134)
19:27:40 INFO  [Italy Serie A | 2025-2026]  [298/380] Bologna vs Lazio (id=30135)
19:27:41 INFO  [Italy Serie A | 2025-2026]  [299/380] Roma vs Lecce (id=30143)
19:27:43 INFO  [Italy Serie A | 2025-2026]  [300/380] Fiorentina vs Inter (id=30138)
19:27:44 INFO  [Italy Serie A | 2025-2026]  💾 checkpoint flush (300/380 matches) …
19:27:44 INFO  [Italy Serie A | 2025-2026]  [301/380] Sassuolo vs Cagliari (id=30151)
19:27:45 INFO  [Italy Serie A | 2025-2026]  [302/380] Verona vs Fiorentina (id=30153)
19:27:46 INFO  [Italy Serie A | 2025-2026]  [303/380] Lazio vs Parma Calcio 1913 (id=30147)
19:27:48 INFO  [Italy Serie A | 2025-2026]  [304/380] Cremonese vs Bologna (id=30144)
19:27:49 INFO  [Italy Serie A | 2025-2026]  [305/380] Pisa vs Torino (id=30150)
19:27:50 INFO  [Italy Serie A | 2025-2026]  [306/380] Inter vs Roma (id=30145)
19:27:52 INFO  [Italy Serie A | 2025-2026]  [307/380] Udinese vs Como (id=30152)
19:27:53 INFO  [Italy Serie A | 2025-2026]  [308/380] Lecce vs Atalanta (id=30148)
19:27:54 INFO  [Italy Serie A | 2025-2026]  [309/380] Juventus vs Genoa (id=30146)
19:27:55 INFO  [Italy Serie A | 2025-2026]  [310/380] Napoli vs AC Milan (id=30149)
19:27:57 INFO  [Italy Serie A | 2025-2026]  [311/380] Roma vs Pisa (id=30162)
19:27:58 INFO  [Italy Serie A | 2025-2026]  [312/380] Cagliari vs Cremonese (id=30156)
19:27:59 INFO  [Italy Serie A | 2025-2026]  [313/380] Torino vs Verona (id=30163)
19:28:00 INFO  [Italy Serie A | 2025-2026]  [314/380] AC Milan vs Udinese (id=30160)
19:28:02 INFO  [Italy Serie A | 2025-2026]  [315/380] Atalanta vs Juventus (id=30154)
19:28:03 INFO  [Italy Serie A | 2025-2026]  [316/380] Genoa vs Sassuolo (id=30159)
19:28:04 INFO  [Italy Serie A | 2025-2026]  [317/380] Parma Calcio 1913 vs Napoli (id=30161)
19:28:05 INFO  [Italy Serie A | 2025-2026]  [318/380] Bologna vs Lecce (id=30155)
19:28:07 INFO  [Italy Serie A | 2025-2026]  [319/380] Como vs Inter (id=30157)
19:28:08 INFO  [Italy Serie A | 2025-2026]  [320/380] Fiorentina vs Lazio (id=30158)
19:28:10 INFO  [Italy Serie A | 2025-2026]  [321/380] Sassuolo vs Como (id=30170)
19:28:11 INFO  [Italy Serie A | 2025-2026]  [322/380] Inter vs Cagliari (id=30164)
19:28:13 INFO  [Italy Serie A | 2025-2026]  [323/380] Udinese vs Parma Calcio 1913 (id=30171)
19:28:14 INFO  [Italy Serie A | 2025-2026]  [324/380] Napoli vs Lazio (id=30167)
19:28:16 INFO  [Italy Serie A | 2025-2026]  [325/380] Roma vs Atalanta (id=30169)
19:28:17 INFO  [Italy Serie A | 2025-2026]  💾 checkpoint flush (325/380 matches) …
19:28:17 INFO  [Italy Serie A | 2025-2026]  [326/380] Cremonese vs Torino (id=30173)
19:28:18 INFO  [Italy Serie A | 2025-2026]  [327/380] Verona vs AC Milan (id=30172)
19:28:19 INFO  [Italy Serie A | 2025-2026]  [328/380] Pisa vs Genoa (id=30168)
19:28:21 INFO  [Italy Serie A | 2025-2026]  [329/380] Juventus vs Bologna (id=30165)
19:28:22 INFO  [Italy Serie A | 2025-2026]  [330/380] Lecce vs Fiorentina (id=30166)
19:28:24 INFO  [Italy Serie A | 2025-2026]  [331/380] Napoli vs Cremonese (id=30180)
